,step,metric,value
0,0,hp_metric,-1.0
1,49,train_loss_step,1.3940218687057495
2,99,train_loss_step,1.2965258359909058
3,149,train_loss_step,1.2892714738845825
4,199,train_loss_step,1.334275245666504
5,249,train_loss_step,1.0468885898590088
6,299,train_loss_step,1.2409379482269287
7,349,train_loss_step,0.9995002746582031
8,399,train_loss_step,1.1096266508102417
9,449,train_loss_step,1.2285736799240112
10,499,train_loss_step,1.1590474843978882
11,549,train_loss_step,1.0559223890304565
12,599,train_loss_step,1.0496636629104614
13,649,train_loss_step,1.0390293598175049
14,699,train_loss_step,1.0701603889465332
15,749,train_loss_step,0.8953967690467834
16,799,train_loss_step,1.1397489309310913
17,849,train_loss_step,1.2039916515350342
18,899,train_loss_step,1.0738061666488647
19,949,train_loss_step,1.0823016166687012
20,999,train_loss_step,1.1816020011901855
21,1049,train_loss_step,1.0453728437423706
22,1099,train_loss_step,0.9036423563957214
23,1149,train_loss_step,1.1134896278381348
24,1199,train_loss_step,1.08381986618042
25,1249,train_loss_step,0.9557012319564819
26,1299,train_loss_step,0.9672937393188477
27,1349,train_loss_step,1.0013878345489502
28,1399,train_loss_step,1.008312702178955
29,1449,train_loss_step,0.9031130075454712
30,1499,train_loss_step,1.0989840030670166
31,1549,train_loss_step,0.9053959846496582
32,1599,train_loss_step,0.8075844645500183
33,1649,train_loss_step,0.9219442009925842
34,1699,train_loss_step,0.9411690831184387
35,1749,train_loss_step,1.0473467111587524
36,1799,train_loss_step,0.8047178387641907
37,1849,train_loss_step,0.8476775884628296
38,1899,train_loss_step,0.9075092673301697
39,1949,train_loss_step,1.0893638134002686
40,1999,train_loss_step,1.0734398365020752
41,2049,train_loss_step,0.9565802216529846
42,2099,train_loss_step,1.061822772026062
43,2149,train_loss_step,0.8572086691856384
44,2199,train_loss_step,1.0910738706588745
45,2249,train_loss_step,1.0223642587661743
46,2299,train_loss_step,0.8825565576553345
47,2349,train_loss_step,0.9239479899406433
48,2399,train_loss_step,0.8627166152000427
49,2449,train_loss_step,1.001471757888794
50,2499,train_loss_step,0.7431374192237854
51,2549,train_loss_step,0.8645771741867065
52,2599,train_loss_step,0.8382337689399719
53,2649,train_loss_step,0.8118678331375122
54,2699,train_loss_step,0.9332775473594666
55,2749,train_loss_step,0.8031097054481506
56,2799,train_loss_step,0.7709562182426453
57,2849,train_loss_step,0.7949733734130859
58,2899,train_loss_step,0.6896259784698486
59,2949,train_loss_step,1.0633301734924316
60,2999,train_loss_step,0.8254915475845337
61,3049,train_loss_step,0.8009204864501953
62,3099,train_loss_step,0.8571913242340088
63,3149,train_loss_step,0.7914206385612488
64,3199,train_loss_step,0.9319521188735962
65,3249,train_loss_step,0.7842164039611816
66,3299,train_loss_step,0.6883783340454102
67,3349,train_loss_step,0.7817797660827637
68,3399,train_loss_step,0.8319706916809082
69,3449,train_loss_step,0.8304821848869324
70,3499,train_loss_step,0.8919655084609985
71,3549,train_loss_step,0.8419104218482971
72,3599,train_loss_step,0.841765820980072
73,3649,train_loss_step,0.7071165442466736
74,3699,train_loss_step,0.7648894190788269
75,3749,train_loss_step,0.7825180292129517
76,3799,train_loss_step,0.7940365672111511
77,3849,train_loss_step,0.6248148083686829
78,3899,train_loss_step,0.81099534034729
79,3949,train_loss_step,0.6595354080200195
80,3999,train_loss_step,0.7965710163116455
81,4049,train_loss_step,0.6889005899429321
82,4099,train_loss_step,0.6628836393356323
83,4149,train_loss_step,0.7844818830490112
84,4199,train_loss_step,0.7889359593391418
85,4249,train_loss_step,0.8018587231636047
86,4299,train_loss_step,0.677069902420044
87,4349,train_loss_step,0.8607356548309326
88,4399,train_loss_step,0.6815065741539001
89,4449,train_loss_step,0.6216022968292236
90,4499,train_loss_step,0.7648378014564514
91,4549,train_loss_step,0.7261062264442444
92,4599,train_loss_step,0.7619588375091553
93,4649,train_loss_step,0.7713658213615417
94,4699,train_loss_step,0.7416110038757324
95,4749,train_loss_step,0.7180455923080444
96,4799,train_loss_step,0.7090936899185181
97,4849,train_loss_step,0.716563880443573
98,4899,train_loss_step,0.6868627071380615
99,4949,train_loss_step,0.6821111440658569
100,4999,train_loss_step,0.5857585668563843
101,5049,train_loss_step,0.7089526653289795
102,5099,train_loss_step,0.8428682088851929
103,5149,train_loss_step,0.6943614482879639
104,49,epoch,0.0
105,71,epoch,0.0
106,71,epoch,0.0
107,99,epoch,1.0
108,143,epoch,1.0
109,143,epoch,1.0
110,149,epoch,2.0
111,199,epoch,2.0
112,215,epoch,2.0
113,215,epoch,2.0
114,249,epoch,3.0
115,287,epoch,3.0
116,287,epoch,3.0
117,299,epoch,4.0
118,349,epoch,4.0
119,359,epoch,4.0
120,359,epoch,4.0
121,399,epoch,5.0
122,431,epoch,5.0
123,431,epoch,5.0
124,449,epoch,6.0
125,499,epoch,6.0
126,503,epoch,6.0
127,503,epoch,6.0
128,549,epoch,7.0
129,575,epoch,7.0
130,575,epoch,7.0
131,599,epoch,8.0
132,647,epoch,8.0
133,647,epoch,8.0
134,649,epoch,9.0
135,699,epoch,9.0
136,719,epoch,9.0
137,719,epoch,9.0
138,749,epoch,10.0
139,791,epoch,10.0
140,791,epoch,10.0
141,799,epoch,11.0
142,849,epoch,11.0
143,863,epoch,11.0
144,863,epoch,11.0
145,899,epoch,12.0
146,935,epoch,12.0
147,935,epoch,12.0
148,949,epoch,13.0
149,999,epoch,13.0
150,1007,epoch,13.0
151,1007,epoch,13.0
152,1049,epoch,14.0
153,1079,epoch,14.0
154,1079,epoch,14.0
155,1099,epoch,15.0
156,1149,epoch,15.0
157,1151,epoch,15.0
158,1151,epoch,15.0
159,1199,epoch,16.0
160,1223,epoch,16.0
161,1223,epoch,16.0
162,1249,epoch,17.0
163,1295,epoch,17.0
164,1295,epoch,17.0
165,1299,epoch,18.0
166,1349,epoch,18.0
167,1367,epoch,18.0
168,1367,epoch,18.0
169,1399,epoch,19.0
170,1439,epoch,19.0
171,1439,epoch,19.0
172,1449,epoch,20.0
173,1499,epoch,20.0
174,1511,epoch,20.0
175,1511,epoch,20.0
176,1549,epoch,21.0
177,1583,epoch,21.0
178,1583,epoch,21.0
179,1599,epoch,22.0
180,1649,epoch,22.0
181,1655,epoch,22.0
182,1655,epoch,22.0
183,1699,epoch,23.0
184,1727,epoch,23.0
185,1727,epoch,23.0
186,1749,epoch,24.0
187,1799,epoch,24.0
188,1799,epoch,24.0
189,1799,epoch,24.0
190,1849,epoch,25.0
191,1871,epoch,25.0
192,1871,epoch,25.0
193,1899,epoch,26.0
194,1943,epoch,26.0
195,1943,epoch,26.0
196,1949,epoch,27.0
197,1999,epoch,27.0
198,2015,epoch,27.0
199,2015,epoch,27.0
200,2049,epoch,28.0
201,2087,epoch,28.0
202,2087,epoch,28.0
203,2099,epoch,29.0
204,2149,epoch,29.0
205,2159,epoch,29.0
206,2159,epoch,29.0
207,2199,epoch,30.0
208,2231,epoch,30.0
209,2231,epoch,30.0
210,2249,epoch,31.0
211,2299,epoch,31.0
212,2303,epoch,31.0
213,2303,epoch,31.0
214,2349,epoch,32.0
215,2375,epoch,32.0
216,2375,epoch,32.0
217,2399,epoch,33.0
218,2447,epoch,33.0
219,2447,epoch,33.0
220,2449,epoch,34.0
221,2499,epoch,34.0
222,2519,epoch,34.0
223,2519,epoch,34.0
224,2549,epoch,35.0
225,2591,epoch,35.0
226,2591,epoch,35.0
227,2599,epoch,36.0
228,2649,epoch,36.0
229,2663,epoch,36.0
230,2663,epoch,36.0
231,2699,epoch,37.0
232,2735,epoch,37.0
233,2735,epoch,37.0
234,2749,epoch,38.0
235,2799,epoch,38.0
236,2807,epoch,38.0
237,2807,epoch,38.0
238,2849,epoch,39.0
239,2879,epoch,39.0
240,2879,epoch,39.0
241,2899,epoch,40.0
242,2949,epoch,40.0
243,2951,epoch,40.0
244,2951,epoch,40.0
245,2999,epoch,41.0
246,3023,epoch,41.0
247,3023,epoch,41.0
248,3049,epoch,42.0
249,3095,epoch,42.0
250,3095,epoch,42.0
251,3099,epoch,43.0
252,3149,epoch,43.0
253,3167,epoch,43.0
254,3167,epoch,43.0
255,3199,epoch,44.0
256,3239,epoch,44.0
257,3239,epoch,44.0
258,3249,epoch,45.0
259,3299,epoch,45.0
260,3311,epoch,45.0
261,3311,epoch,45.0
262,3349,epoch,46.0
263,3383,epoch,46.0
264,3383,epoch,46.0
265,3399,epoch,47.0
266,3449,epoch,47.0
267,3455,epoch,47.0
268,3455,epoch,47.0
269,3499,epoch,48.0
270,3527,epoch,48.0
271,3527,epoch,48.0
272,3549,epoch,49.0
273,3599,epoch,49.0
274,3599,epoch,49.0
275,3599,epoch,49.0
276,3649,epoch,50.0
277,3671,epoch,50.0
278,3671,epoch,50.0
279,3699,epoch,51.0
280,3743,epoch,51.0
281,3743,epoch,51.0
282,3749,epoch,52.0
283,3799,epoch,52.0
284,3815,epoch,52.0
285,3815,epoch,52.0
286,3849,epoch,53.0
287,3887,epoch,53.0
288,3887,epoch,53.0
289,3899,epoch,54.0
290,3949,epoch,54.0
291,3959,epoch,54.0
292,3959,epoch,54.0
293,3999,epoch,55.0
294,4031,epoch,55.0
295,4031,epoch,55.0
296,4049,epoch,56.0
297,4099,epoch,56.0
298,4103,epoch,56.0
299,4103,epoch,56.0
300,4149,epoch,57.0
301,4175,epoch,57.0
302,4175,epoch,57.0
303,4199,epoch,58.0
304,4247,epoch,58.0
305,4247,epoch,58.0
306,4249,epoch,59.0
307,4299,epoch,59.0
308,4319,epoch,59.0
309,4319,epoch,59.0
310,4349,epoch,60.0
311,4391,epoch,60.0
312,4391,epoch,60.0
313,4399,epoch,61.0
314,4449,epoch,61.0
315,4463,epoch,61.0
316,4463,epoch,61.0
317,4499,epoch,62.0
318,4535,epoch,62.0
319,4535,epoch,62.0
320,4549,epoch,63.0
321,4599,epoch,63.0
322,4607,epoch,63.0
323,4607,epoch,63.0
324,4649,epoch,64.0
325,4679,epoch,64.0
326,4679,epoch,64.0
327,4699,epoch,65.0
328,4749,epoch,65.0
329,4751,epoch,65.0
330,4751,epoch,65.0
331,4799,epoch,66.0
332,4823,epoch,66.0
333,4823,epoch,66.0
334,4849,epoch,67.0
335,4895,epoch,67.0
336,4895,epoch,67.0
337,4899,epoch,68.0
338,4949,epoch,68.0
339,4967,epoch,68.0
340,4967,epoch,68.0
341,4999,epoch,69.0
342,5039,epoch,69.0
343,5039,epoch,69.0
344,5049,epoch,70.0
345,5099,epoch,70.0
346,5111,epoch,70.0
347,5111,epoch,70.0
348,5149,epoch,71.0
349,5183,epoch,71.0
350,5183,epoch,71.0
351,71,val_loss,1.3844037055969238
352,143,val_loss,1.313815951347351
353,215,val_loss,1.2479995489120483
354,287,val_loss,1.2913100719451904
355,359,val_loss,1.3815593719482422
356,431,val_loss,1.2123421430587769
357,503,val_loss,1.2032009363174438
358,575,val_loss,1.2416166067123413
359,647,val_loss,1.4842143058776855
360,719,val_loss,1.1405977010726929
361,791,val_loss,1.110533356666565
362,863,val_loss,1.0483219623565674
363,935,val_loss,1.1405977010726929
364,1007,val_loss,1.2399086952209473
365,1079,val_loss,1.0975863933563232
366,1151,val_loss,1.0933634042739868
367,1223,val_loss,1.0362697839736938
368,1295,val_loss,0.9834358096122742
369,1367,val_loss,1.0738191604614258
370,1439,val_loss,1.5606783628463745
371,1511,val_loss,1.0081024169921875
372,1583,val_loss,1.0480717420578003
373,1655,val_loss,1.0053930282592773
374,1727,val_loss,0.9898601174354553
375,1799,val_loss,0.9137163758277893
376,1871,val_loss,0.995913565158844
377,1943,val_loss,0.9476789832115173
378,2015,val_loss,0.8931688666343689
379,2087,val_loss,0.9530631899833679
380,2159,val_loss,1.0476641654968262
381,2231,val_loss,1.0512343645095825
382,2303,val_loss,0.8966018557548523
383,2375,val_loss,0.9066715836524963
384,2447,val_loss,1.0023503303527832
385,2519,val_loss,0.9018648266792297
386,2591,val_loss,1.0046215057373047
387,2663,val_loss,0.9619796872138977
388,2735,val_loss,0.8950402736663818
389,2807,val_loss,1.0161031484603882
390,2879,val_loss,0.8400891423225403
391,2951,val_loss,0.9216969013214111
392,3023,val_loss,0.8746177554130554
393,3095,val_loss,0.8905854225158691
394,3167,val_loss,0.9087629914283752
395,3239,val_loss,0.8512997031211853
396,3311,val_loss,0.818610429763794
397,3383,val_loss,0.8223814964294434
398,3455,val_loss,0.8467292189598083
399,3527,val_loss,0.9169976711273193
400,3599,val_loss,0.8350500464439392
401,3671,val_loss,0.811279833316803
402,3743,val_loss,0.8581696152687073
403,3815,val_loss,0.8350186347961426
404,3887,val_loss,0.8192430138587952
405,3959,val_loss,0.853655993938446
406,4031,val_loss,
407,4103,val_loss,0.7671895623207092
408,4175,val_loss,0.7951955199241638
409,4247,val_loss,0.7745924592018127
410,4319,val_loss,
411,4391,val_loss,0.7546579241752625
412,4463,val_loss,0.726175844669342
413,4535,val_loss,0.7488997578620911
414,4607,val_loss,0.7699114680290222
415,4679,val_loss,0.8108925223350525
416,4751,val_loss,0.7797033190727234
417,4823,val_loss,0.7429563999176025
418,4895,val_loss,0.7890707850456238
419,4967,val_loss,0.720480740070343
420,5039,val_loss,0.7307092547416687
421,5111,val_loss,0.7317706942558289
422,5183,val_loss,0.8113000392913818
423,71,val/iou_class_0,0.0
424,143,val/iou_class_0,0.0
425,215,val/iou_class_0,3.73405018763151e-05
426,287,val/iou_class_0,0.010973453521728516
427,359,val/iou_class_0,0.08823835104703903
428,431,val/iou_class_0,0.042715225368738174
429,503,val/iou_class_0,0.1421758383512497
430,575,val/iou_class_0,0.12832190096378326
431,647,val/iou_class_0,0.08475226163864136
432,719,val/iou_class_0,0.18995541334152222
433,791,val/iou_class_0,0.1444019079208374
434,863,val/iou_class_0,0.11321216821670532
435,935,val/iou_class_0,0.11793327331542969
436,1007,val/iou_class_0,0.1430385857820511
437,1079,val/iou_class_0,0.1858324557542801
438,1151,val/iou_class_0,0.13643629848957062
439,1223,val/iou_class_0,0.16155792772769928
440,1295,val/iou_class_0,0.13282965123653412
441,1367,val/iou_class_0,0.19104216992855072
442,1439,val/iou_class_0,0.09410466998815536
443,1511,val/iou_class_0,0.1985253244638443
444,1583,val/iou_class_0,0.06016964092850685
445,1655,val/iou_class_0,0.08162228763103485
446,1727,val/iou_class_0,0.15430904924869537
447,1799,val/iou_class_0,0.09686551243066788
448,1871,val/iou_class_0,0.1136593446135521
449,1943,val/iou_class_0,0.11984861642122269
450,2015,val/iou_class_0,0.06809350848197937
451,2087,val/iou_class_0,0.08172061294317245
452,2159,val/iou_class_0,0.17220063507556915
453,2231,val/iou_class_0,0.15147240459918976
454,2303,val/iou_class_0,0.16504471004009247
455,2375,val/iou_class_0,0.11408093571662903
456,2447,val/iou_class_0,0.14121666550636292
457,2519,val/iou_class_0,0.08070279657840729
458,2591,val/iou_class_0,0.15944622457027435
459,2663,val/iou_class_0,0.2566562592983246
460,2735,val/iou_class_0,0.23593473434448242
461,2807,val/iou_class_0,0.12375744432210922
462,2879,val/iou_class_0,0.19882802665233612
463,2951,val/iou_class_0,0.1881139874458313
464,3023,val/iou_class_0,0.15741965174674988
465,3095,val/iou_class_0,0.19135989248752594
466,3167,val/iou_class_0,0.05902131274342537
467,3239,val/iou_class_0,0.11665471643209457
468,3311,val/iou_class_0,0.15366823971271515
469,3383,val/iou_class_0,0.17874491214752197
470,3455,val/iou_class_0,0.12359423190355301
471,3527,val/iou_class_0,0.06142712011933327
472,3599,val/iou_class_0,0.11399247497320175
473,3671,val/iou_class_0,0.1375531554222107
474,3743,val/iou_class_0,0.12352650612592697
475,3815,val/iou_class_0,0.28326573967933655
476,3887,val/iou_class_0,0.11118119955062866
477,3959,val/iou_class_0,0.11938471347093582
478,4031,val/iou_class_0,0.2127094268798828
479,4103,val/iou_class_0,0.20128977298736572
480,4175,val/iou_class_0,0.10312887281179428
481,4247,val/iou_class_0,0.19509869813919067
482,4319,val/iou_class_0,0.15151357650756836
483,4391,val/iou_class_0,0.21785284578800201
484,4463,val/iou_class_0,0.33408796787261963
485,4535,val/iou_class_0,0.24321532249450684
486,4607,val/iou_class_0,0.12036602944135666
487,4679,val/iou_class_0,0.13881291449069977
488,4751,val/iou_class_0,0.12318215519189835
489,4823,val/iou_class_0,0.1820588856935501
490,4895,val/iou_class_0,0.15098944306373596
491,4967,val/iou_class_0,0.2344183325767517
492,5039,val/iou_class_0,0.122346431016922
493,5111,val/iou_class_0,0.19656771421432495
494,5183,val/iou_class_0,0.2030726671218872
495,71,val/iou_class_1,0.0
496,143,val/iou_class_1,0.0
497,215,val/iou_class_1,1.588740269653499e-05
498,287,val/iou_class_1,2.378825593041256e-05
499,359,val/iou_class_1,0.0
500,431,val/iou_class_1,0.000398017669795081
501,503,val/iou_class_1,4.8812285967869684e-05
502,575,val/iou_class_1,3.634033055277541e-05
503,647,val/iou_class_1,0.00014711728726979345
504,719,val/iou_class_1,0.0
505,791,val/iou_class_1,0.00022896034352015704
506,863,val/iou_class_1,0.0
507,935,val/iou_class_1,0.00034608584246598184
508,1007,val/iou_class_1,0.0011807113187387586
509,1079,val/iou_class_1,0.01836566813290119
510,1151,val/iou_class_1,1.8017703041550703e-05
511,1223,val/iou_class_1,0.00011277473095105961
512,1295,val/iou_class_1,0.0010114440228790045
513,1367,val/iou_class_1,0.0
514,1439,val/iou_class_1,0.0
515,1511,val/iou_class_1,0.00014355727762449533
516,1583,val/iou_class_1,0.0034410059452056885
517,1655,val/iou_class_1,0.06017247959971428
518,1727,val/iou_class_1,0.009785101749002934
519,1799,val/iou_class_1,0.044354360550642014
520,1871,val/iou_class_1,0.020156504586338997
521,1943,val/iou_class_1,0.017568113282322884
522,2015,val/iou_class_1,0.00893361959606409
523,2087,val/iou_class_1,0.03385699912905693
524,2159,val/iou_class_1,0.0013996093766763806
525,2231,val/iou_class_1,0.001176067627966404
526,2303,val/iou_class_1,0.018478883430361748
527,2375,val/iou_class_1,0.007778052240610123
528,2447,val/iou_class_1,0.04512447491288185
529,2519,val/iou_class_1,0.036468155682086945
530,2591,val/iou_class_1,0.004294932819902897
531,2663,val/iou_class_1,0.04161979630589485
532,2735,val/iou_class_1,0.060691092163324356
533,2807,val/iou_class_1,0.015683235600590706
534,2879,val/iou_class_1,0.04494623467326164
535,2951,val/iou_class_1,0.04953766241669655
536,3023,val/iou_class_1,0.05639248713850975
537,3095,val/iou_class_1,0.07273783534765244
538,3167,val/iou_class_1,0.029137104749679565
539,3239,val/iou_class_1,0.06796582043170929
540,3311,val/iou_class_1,0.11312112957239151
541,3383,val/iou_class_1,0.06618181616067886
542,3455,val/iou_class_1,0.06366380304098129
543,3527,val/iou_class_1,0.06222051382064819
544,3599,val/iou_class_1,0.019154146313667297
545,3671,val/iou_class_1,0.04514525458216667
546,3743,val/iou_class_1,0.04459920525550842
547,3815,val/iou_class_1,0.015711577609181404
548,3887,val/iou_class_1,0.08473379164934158
549,3959,val/iou_class_1,0.06440647691488266
550,4031,val/iou_class_1,0.12863947451114655
551,4103,val/iou_class_1,0.08648305386304855
552,4175,val/iou_class_1,0.08278723806142807
553,4247,val/iou_class_1,0.034549299627542496
554,4319,val/iou_class_1,0.10571014881134033
555,4391,val/iou_class_1,0.06540095806121826
556,4463,val/iou_class_1,0.07083459198474884
557,4535,val/iou_class_1,0.059587012976408005
558,4607,val/iou_class_1,0.10829509049654007
559,4679,val/iou_class_1,0.1044994592666626
560,4751,val/iou_class_1,0.08743191510438919
561,4823,val/iou_class_1,0.09819754958152771
562,4895,val/iou_class_1,0.09398719668388367
563,4967,val/iou_class_1,0.11253344267606735
564,5039,val/iou_class_1,0.09723248332738876
565,5111,val/iou_class_1,0.10438381880521774
566,5183,val/iou_class_1,0.06478441506624222
567,71,val/iou_class_2,0.23719002306461334
568,143,val/iou_class_2,0.276897668838501
569,215,val/iou_class_2,0.23578418791294098
570,287,val/iou_class_2,0.23902231454849243
571,359,val/iou_class_2,0.24565275013446808
572,431,val/iou_class_2,0.28324782848358154
573,503,val/iou_class_2,0.2360192984342575
574,575,val/iou_class_2,0.1924613118171692
575,647,val/iou_class_2,0.220236673951149
576,719,val/iou_class_2,0.29271969199180603
577,791,val/iou_class_2,0.3186333477497101
578,863,val/iou_class_2,0.29654377698898315
579,935,val/iou_class_2,0.28998711705207825
580,1007,val/iou_class_2,0.2768416106700897
581,1079,val/iou_class_2,0.27550622820854187
582,1151,val/iou_class_2,0.2152969092130661
583,1223,val/iou_class_2,0.3666503131389618
584,1295,val/iou_class_2,0.354169100522995
585,1367,val/iou_class_2,0.31607598066329956
586,1439,val/iou_class_2,0.16287052631378174
587,1511,val/iou_class_2,0.3579552173614502
588,1583,val/iou_class_2,0.36863771080970764
589,1655,val/iou_class_2,0.3155270516872406
590,1727,val/iou_class_2,0.3827311098575592
591,1799,val/iou_class_2,0.4007374048233032
592,1871,val/iou_class_2,0.3363925516605377
593,1943,val/iou_class_2,0.3894309997558594
594,2015,val/iou_class_2,0.3727820813655853
595,2087,val/iou_class_2,0.31579554080963135
596,2159,val/iou_class_2,0.35097578167915344
597,2231,val/iou_class_2,0.3334544897079468
598,2303,val/iou_class_2,0.3902919590473175
599,2375,val/iou_class_2,0.35637855529785156
600,2447,val/iou_class_2,0.3630952537059784
601,2519,val/iou_class_2,0.42172738909721375
602,2591,val/iou_class_2,0.3459585905075073
603,2663,val/iou_class_2,0.37690114974975586
604,2735,val/iou_class_2,0.418660044670105
605,2807,val/iou_class_2,0.3523266613483429
606,2879,val/iou_class_2,0.3626440763473511
607,2951,val/iou_class_2,0.37623098492622375
608,3023,val/iou_class_2,0.4015827476978302
609,3095,val/iou_class_2,0.39479848742485046
610,3167,val/iou_class_2,0.3491193950176239
611,3239,val/iou_class_2,0.4091367721557617
612,3311,val/iou_class_2,0.4269977807998657
613,3383,val/iou_class_2,0.39613986015319824
614,3455,val/iou_class_2,0.4083958864212036
615,3527,val/iou_class_2,0.40424394607543945
616,3599,val/iou_class_2,0.4493180513381958
617,3671,val/iou_class_2,0.42545410990715027
618,3743,val/iou_class_2,0.39718568325042725
619,3815,val/iou_class_2,0.46104860305786133
620,3887,val/iou_class_2,0.4348618984222412
621,3959,val/iou_class_2,0.435001939535141
622,4031,val/iou_class_2,0.45555877685546875
623,4103,val/iou_class_2,0.4266861379146576
624,4175,val/iou_class_2,0.43890538811683655
625,4247,val/iou_class_2,0.45042386651039124
626,4319,val/iou_class_2,0.41614267230033875
627,4391,val/iou_class_2,0.4498649537563324
628,4463,val/iou_class_2,0.45592018961906433
629,4535,val/iou_class_2,0.4663860499858856
630,4607,val/iou_class_2,0.42556312680244446
631,4679,val/iou_class_2,0.4674205482006073
632,4751,val/iou_class_2,0.4250076711177826
633,4823,val/iou_class_2,0.4438134729862213
634,4895,val/iou_class_2,0.43433645367622375
635,4967,val/iou_class_2,0.4880582392215729
636,5039,val/iou_class_2,0.4601510465145111
637,5111,val/iou_class_2,0.4694881737232208
638,5183,val/iou_class_2,0.4128861129283905
639,71,val/iou_class_3,0.2835920453071594
640,143,val/iou_class_3,0.29212135076522827
641,215,val/iou_class_3,0.22159606218338013
642,287,val/iou_class_3,0.28059905767440796
643,359,val/iou_class_3,0.2183498591184616
644,431,val/iou_class_3,0.273128479719162
645,503,val/iou_class_3,0.24021337926387787
646,575,val/iou_class_3,0.19936521351337433
647,647,val/iou_class_3,0.2494950145483017
648,719,val/iou_class_3,0.32186585664749146
649,791,val/iou_class_3,0.31473657488822937
650,863,val/iou_class_3,0.3612162172794342
651,935,val/iou_class_3,0.32665273547172546
652,1007,val/iou_class_3,0.3380679786205292
653,1079,val/iou_class_3,0.3301410973072052
654,1151,val/iou_class_3,0.298269122838974
655,1223,val/iou_class_3,0.33764567971229553
656,1295,val/iou_class_3,0.3368857800960541
657,1367,val/iou_class_3,0.29863184690475464
658,1439,val/iou_class_3,0.2919491231441498
659,1511,val/iou_class_3,0.3354569971561432
660,1583,val/iou_class_3,0.31773412227630615
661,1655,val/iou_class_3,0.3664257824420929
662,1727,val/iou_class_3,0.2910718619823456
663,1799,val/iou_class_3,0.3270908296108246
664,1871,val/iou_class_3,0.3316614627838135
665,1943,val/iou_class_3,0.3555905818939209
666,2015,val/iou_class_3,0.3894973695278168
667,2087,val/iou_class_3,0.3473060131072998
668,2159,val/iou_class_3,0.3250463306903839
669,2231,val/iou_class_3,0.3408779203891754
670,2303,val/iou_class_3,0.36848244071006775
671,2375,val/iou_class_3,0.36455509066581726
672,2447,val/iou_class_3,0.37266382575035095
673,2519,val/iou_class_3,0.34619078040122986
674,2591,val/iou_class_3,0.3446366488933563
675,2663,val/iou_class_3,0.3992633521556854
676,2735,val/iou_class_3,0.37779107689857483
677,2807,val/iou_class_3,0.36083903908729553
678,2879,val/iou_class_3,0.4167078733444214
679,2951,val/iou_class_3,0.335782915353775
680,3023,val/iou_class_3,0.4120364189147949
681,3095,val/iou_class_3,0.38452795147895813
682,3167,val/iou_class_3,0.37831464409828186
683,3239,val/iou_class_3,0.3873661756515503
684,3311,val/iou_class_3,0.40728652477264404
685,3383,val/iou_class_3,0.400075763463974
686,3455,val/iou_class_3,0.3629781901836395
687,3527,val/iou_class_3,0.36952242255210876
688,3599,val/iou_class_3,0.40205177664756775
689,3671,val/iou_class_3,0.4128413200378418
690,3743,val/iou_class_3,0.3725091218948364
691,3815,val/iou_class_3,0.39371025562286377
692,3887,val/iou_class_3,0.4130595624446869
693,3959,val/iou_class_3,0.4329777956008911
694,4031,val/iou_class_3,0.4120922088623047
695,4103,val/iou_class_3,0.4223342835903168
696,4175,val/iou_class_3,0.4257068336009979
697,4247,val/iou_class_3,0.4439179003238678
698,4319,val/iou_class_3,0.42007163166999817
699,4391,val/iou_class_3,0.38872042298316956
700,4463,val/iou_class_3,0.4365352392196655
701,4535,val/iou_class_3,0.4125264883041382
702,4607,val/iou_class_3,0.4390612542629242
703,4679,val/iou_class_3,0.41611382365226746
704,4751,val/iou_class_3,0.43366798758506775
705,4823,val/iou_class_3,0.4262358844280243
706,4895,val/iou_class_3,0.43865132331848145
707,4967,val/iou_class_3,0.4282059371471405
708,5039,val/iou_class_3,0.4526441991329193
709,5111,val/iou_class_3,0.4333827495574951
710,5183,val/iou_class_3,0.42437899112701416
711,71,val/iou_class_4,0.07853320240974426
712,143,val/iou_class_4,0.16028107702732086
713,215,val/iou_class_4,0.1951044648885727
714,287,val/iou_class_4,0.2429756373167038
715,359,val/iou_class_4,0.16353711485862732
716,431,val/iou_class_4,0.24663303792476654
717,503,val/iou_class_4,0.20525811612606049
718,575,val/iou_class_4,0.20761080086231232
719,647,val/iou_class_4,0.24861429631710052
720,719,val/iou_class_4,0.2706895172595978
721,791,val/iou_class_4,0.3088017404079437
722,863,val/iou_class_4,0.1643519103527069
723,935,val/iou_class_4,0.2689650356769562
724,1007,val/iou_class_4,0.1994156390428543
725,1079,val/iou_class_4,0.3758818805217743
726,1151,val/iou_class_4,0.3426002264022827
727,1223,val/iou_class_4,0.30220910906791687
728,1295,val/iou_class_4,0.32790979743003845
729,1367,val/iou_class_4,0.3504669666290283
730,1439,val/iou_class_4,0.2827998101711273
731,1511,val/iou_class_4,0.3611646890640259
732,1583,val/iou_class_4,0.3539485037326813
733,1655,val/iou_class_4,0.3946686089038849
734,1727,val/iou_class_4,0.390452116727829
735,1799,val/iou_class_4,0.3855269253253937
736,1871,val/iou_class_4,0.36783167719841003
737,1943,val/iou_class_4,0.3666885793209076
738,2015,val/iou_class_4,0.415590763092041
739,2087,val/iou_class_4,0.37774261832237244
740,2159,val/iou_class_4,0.41646578907966614
741,2231,val/iou_class_4,0.3475850522518158
742,2303,val/iou_class_4,0.39091694355010986
743,2375,val/iou_class_4,0.3939158022403717
744,2447,val/iou_class_4,0.42305031418800354
745,2519,val/iou_class_4,0.37594565749168396
746,2591,val/iou_class_4,0.38939905166625977
747,2663,val/iou_class_4,0.3771257698535919
748,2735,val/iou_class_4,0.41320380568504333
749,2807,val/iou_class_4,0.40428733825683594
750,2879,val/iou_class_4,0.4175889194011688
751,2951,val/iou_class_4,0.45496857166290283
752,3023,val/iou_class_4,0.4216717779636383
753,3095,val/iou_class_4,0.43448546528816223
754,3167,val/iou_class_4,0.3464321196079254
755,3239,val/iou_class_4,0.4262442886829376
756,3311,val/iou_class_4,0.39874207973480225
757,3383,val/iou_class_4,0.45176753401756287
758,3455,val/iou_class_4,0.4188031852245331
759,3527,val/iou_class_4,0.41798925399780273
760,3599,val/iou_class_4,0.4491947889328003
761,3671,val/iou_class_4,0.4600570499897003
762,3743,val/iou_class_4,0.40064963698387146
763,3815,val/iou_class_4,0.4637303352355957
764,3887,val/iou_class_4,0.4153083860874176
765,3959,val/iou_class_4,0.41841626167297363
766,4031,val/iou_class_4,0.48911750316619873
767,4103,val/iou_class_4,0.4933443069458008
768,4175,val/iou_class_4,0.45169058442115784
769,4247,val/iou_class_4,0.4492325484752655
770,4319,val/iou_class_4,0.4351930618286133
771,4391,val/iou_class_4,0.45818984508514404
772,4463,val/iou_class_4,0.48903313279151917
773,4535,val/iou_class_4,0.48260608315467834
774,4607,val/iou_class_4,0.4550391435623169
775,4679,val/iou_class_4,0.44141045212745667
776,4751,val/iou_class_4,0.47810783982276917
777,4823,val/iou_class_4,0.48990246653556824
778,4895,val/iou_class_4,0.46504297852516174
779,4967,val/iou_class_4,0.4978730380535126
780,5039,val/iou_class_4,0.48744675517082214
781,5111,val/iou_class_4,0.4791567623615265
782,5183,val/iou_class_4,0.4455588161945343
783,71,val/iou_class_5,0.30921807885169983
784,143,val/iou_class_5,0.4368431270122528
785,215,val/iou_class_5,0.43721434473991394
786,287,val/iou_class_5,0.4579441547393799
787,359,val/iou_class_5,0.3609522879123688
788,431,val/iou_class_5,0.4848068654537201
789,503,val/iou_class_5,0.5320643186569214
790,575,val/iou_class_5,0.5420456528663635
791,647,val/iou_class_5,0.36041009426116943
792,719,val/iou_class_5,0.5163499712944031
793,791,val/iou_class_5,0.5329074859619141
794,863,val/iou_class_5,0.4877772331237793
795,935,val/iou_class_5,0.49300816655158997
796,1007,val/iou_class_5,0.45697978138923645
797,1079,val/iou_class_5,0.5313743352890015
798,1151,val/iou_class_5,0.5094146132469177
799,1223,val/iou_class_5,0.5479979515075684
800,1295,val/iou_class_5,0.5381394028663635
801,1367,val/iou_class_5,0.4760640561580658
802,1439,val/iou_class_5,0.37071681022644043
803,1511,val/iou_class_5,0.5519028306007385
804,1583,val/iou_class_5,0.5098156332969666
805,1655,val/iou_class_5,0.5635129809379578
806,1727,val/iou_class_5,0.5820141434669495
807,1799,val/iou_class_5,0.5583229660987854
808,1871,val/iou_class_5,0.5763714909553528
809,1943,val/iou_class_5,0.5691651701927185
810,2015,val/iou_class_5,0.5934430956840515
811,2087,val/iou_class_5,0.5893831849098206
812,2159,val/iou_class_5,0.5806524157524109
813,2231,val/iou_class_5,0.5053245425224304
814,2303,val/iou_class_5,0.5897706747055054
815,2375,val/iou_class_5,0.6079632639884949
816,2447,val/iou_class_5,0.504843533039093
817,2519,val/iou_class_5,0.5800508260726929
818,2591,val/iou_class_5,0.5706282258033752
819,2663,val/iou_class_5,0.5592432618141174
820,2735,val/iou_class_5,0.5638068318367004
821,2807,val/iou_class_5,0.5068681836128235
822,2879,val/iou_class_5,0.6037476658821106
823,2951,val/iou_class_5,0.5303319692611694
824,3023,val/iou_class_5,0.5416404604911804
825,3095,val/iou_class_5,0.5821740627288818
826,3167,val/iou_class_5,0.6032463312149048
827,3239,val/iou_class_5,0.6154528856277466
828,3311,val/iou_class_5,0.6250202655792236
829,3383,val/iou_class_5,0.5982328057289124
830,3455,val/iou_class_5,0.5851604342460632
831,3527,val/iou_class_5,0.59296053647995
832,3599,val/iou_class_5,0.5919725298881531
833,3671,val/iou_class_5,0.6042417883872986
834,3743,val/iou_class_5,0.604115903377533
835,3815,val/iou_class_5,0.5665443539619446
836,3887,val/iou_class_5,0.5791918635368347
837,3959,val/iou_class_5,0.5962215065956116
838,4031,val/iou_class_5,0.5356301665306091
839,4103,val/iou_class_5,0.6070702075958252
840,4175,val/iou_class_5,0.6042447090148926
841,4247,val/iou_class_5,0.6083012819290161
842,4319,val/iou_class_5,0.5953190326690674
843,4391,val/iou_class_5,0.6298729181289673
844,4463,val/iou_class_5,0.6117244362831116
845,4535,val/iou_class_5,0.6205294132232666
846,4607,val/iou_class_5,0.6360456347465515
847,4679,val/iou_class_5,0.5760920643806458
848,4751,val/iou_class_5,0.6059454083442688
849,4823,val/iou_class_5,0.6310073137283325
850,4895,val/iou_class_5,0.6303014159202576
851,4967,val/iou_class_5,0.6253008246421814
852,5039,val/iou_class_5,0.6287397146224976
853,5111,val/iou_class_5,0.6356675028800964
854,5183,val/iou_class_5,0.5671998858451843
855,71,val/iou_class_6,0.0
856,143,val/iou_class_6,0.01808101125061512
857,215,val/iou_class_6,0.09608010202646255
858,287,val/iou_class_6,0.02177983708679676
859,359,val/iou_class_6,0.07987164705991745
860,431,val/iou_class_6,0.1636270433664322
861,503,val/iou_class_6,0.07325176149606705
862,575,val/iou_class_6,0.10182512551546097
863,647,val/iou_class_6,0.13502521812915802
864,719,val/iou_class_6,0.10123017430305481
865,791,val/iou_class_6,0.1650872379541397
866,863,val/iou_class_6,0.02670242451131344
867,935,val/iou_class_6,0.10658083111047745
868,1007,val/iou_class_6,0.0559048056602478
869,1079,val/iou_class_6,0.1282152533531189
870,1151,val/iou_class_6,0.1174808144569397
871,1223,val/iou_class_6,0.17975318431854248
872,1295,val/iou_class_6,0.16820931434631348
873,1367,val/iou_class_6,0.13538800179958344
874,1439,val/iou_class_6,0.12912523746490479
875,1511,val/iou_class_6,0.12492635846138
876,1583,val/iou_class_6,0.1913308948278427
877,1655,val/iou_class_6,0.053483713418245316
878,1727,val/iou_class_6,0.154765784740448
879,1799,val/iou_class_6,0.20116658508777618
880,1871,val/iou_class_6,0.1278107911348343
881,1943,val/iou_class_6,0.19642336666584015
882,2015,val/iou_class_6,0.185336172580719
883,2087,val/iou_class_6,0.18985877931118011
884,2159,val/iou_class_6,0.1254442185163498
885,2231,val/iou_class_6,0.20463939011096954
886,2303,val/iou_class_6,0.25077593326568604
887,2375,val/iou_class_6,0.24823330342769623
888,2447,val/iou_class_6,0.19742082059383392
889,2519,val/iou_class_6,0.22790203988552094
890,2591,val/iou_class_6,0.15094907581806183
891,2663,val/iou_class_6,0.1054888442158699
892,2735,val/iou_class_6,0.14654000103473663
893,2807,val/iou_class_6,0.20276175439357758
894,2879,val/iou_class_6,0.1897585242986679
895,2951,val/iou_class_6,0.20145577192306519
896,3023,val/iou_class_6,0.14412055909633636
897,3095,val/iou_class_6,0.2039608359336853
898,3167,val/iou_class_6,0.0848342776298523
899,3239,val/iou_class_6,0.34195125102996826
900,3311,val/iou_class_6,0.19047492742538452
901,3383,val/iou_class_6,0.23862291872501373
902,3455,val/iou_class_6,0.3096381723880768
903,3527,val/iou_class_6,0.23417143523693085
904,3599,val/iou_class_6,0.2640945315361023
905,3671,val/iou_class_6,0.281779021024704
906,3743,val/iou_class_6,0.2448299676179886
907,3815,val/iou_class_6,0.2873637080192566
908,3887,val/iou_class_6,0.24538081884384155
909,3959,val/iou_class_6,0.19900740683078766
910,4031,val/iou_class_6,0.3279280364513397
911,4103,val/iou_class_6,0.24944795668125153
912,4175,val/iou_class_6,0.2638815641403198
913,4247,val/iou_class_6,0.27159056067466736
914,4319,val/iou_class_6,0.2897440493106842
915,4391,val/iou_class_6,0.16573327779769897
916,4463,val/iou_class_6,0.31283366680145264
917,4535,val/iou_class_6,0.26614221930503845
918,4607,val/iou_class_6,0.19717265665531158
919,4679,val/iou_class_6,0.34472227096557617
920,4751,val/iou_class_6,0.20608776807785034
921,4823,val/iou_class_6,0.31778761744499207
922,4895,val/iou_class_6,0.2918178141117096
923,4967,val/iou_class_6,0.39239659905433655
924,5039,val/iou_class_6,0.387881875038147
925,5111,val/iou_class_6,0.26932424306869507
926,5183,val/iou_class_6,0.23269122838974
927,71,val/iou_class_7,0.17883999645709991
928,143,val/iou_class_7,0.20603595674037933
929,215,val/iou_class_7,0.22814182937145233
930,287,val/iou_class_7,0.2900334298610687
931,359,val/iou_class_7,0.22312279045581818
932,431,val/iou_class_7,0.3192022144794464
933,503,val/iou_class_7,0.2655975818634033
934,575,val/iou_class_7,0.32877278327941895
935,647,val/iou_class_7,0.25357532501220703
936,719,val/iou_class_7,0.39217281341552734
937,791,val/iou_class_7,0.2876863479614258
938,863,val/iou_class_7,0.4045427143573761
939,935,val/iou_class_7,0.37867167592048645
940,1007,val/iou_class_7,0.3238295912742615
941,1079,val/iou_class_7,0.3587757349014282
942,1151,val/iou_class_7,0.3224029839038849
943,1223,val/iou_class_7,0.3321874737739563
944,1295,val/iou_class_7,0.40605196356773376
945,1367,val/iou_class_7,0.3846856355667114
946,1439,val/iou_class_7,0.29088181257247925
947,1511,val/iou_class_7,0.2653954327106476
948,1583,val/iou_class_7,0.4218464195728302
949,1655,val/iou_class_7,0.38538455963134766
950,1727,val/iou_class_7,0.4149143695831299
951,1799,val/iou_class_7,0.44700536131858826
952,1871,val/iou_class_7,0.37200525403022766
953,1943,val/iou_class_7,0.4718935191631317
954,2015,val/iou_class_7,0.4350365400314331
955,2087,val/iou_class_7,0.3815458118915558
956,2159,val/iou_class_7,0.39449620246887207
957,2231,val/iou_class_7,0.325673371553421
958,2303,val/iou_class_7,0.4523925483226776
959,2375,val/iou_class_7,0.48248597979545593
960,2447,val/iou_class_7,0.37753474712371826
961,2519,val/iou_class_7,0.4460200369358063
962,2591,val/iou_class_7,0.39662954211235046
963,2663,val/iou_class_7,0.3648792803287506
964,2735,val/iou_class_7,0.44075700640678406
965,2807,val/iou_class_7,0.36737656593322754
966,2879,val/iou_class_7,0.43676361441612244
967,2951,val/iou_class_7,0.4286331832408905
968,3023,val/iou_class_7,0.4952179193496704
969,3095,val/iou_class_7,0.40070798993110657
970,3167,val/iou_class_7,0.42953142523765564
971,3239,val/iou_class_7,0.49587535858154297
972,3311,val/iou_class_7,0.5008485913276672
973,3383,val/iou_class_7,0.5046061873435974
974,3455,val/iou_class_7,0.48430943489074707
975,3527,val/iou_class_7,0.42082130908966064
976,3599,val/iou_class_7,0.4838165044784546
977,3671,val/iou_class_7,0.4909648001194
978,3743,val/iou_class_7,0.541849672794342
979,3815,val/iou_class_7,0.4665863811969757
980,3887,val/iou_class_7,0.5167205929756165
981,3959,val/iou_class_7,0.46311306953430176
982,4031,val/iou_class_7,0.4759507179260254
983,4103,val/iou_class_7,0.5236469507217407
984,4175,val/iou_class_7,0.4422317445278168
985,4247,val/iou_class_7,0.43931135535240173
986,4319,val/iou_class_7,0.48654139041900635
987,4391,val/iou_class_7,0.5816289782524109
988,4463,val/iou_class_7,0.5635263919830322
989,4535,val/iou_class_7,0.435026615858078
990,4607,val/iou_class_7,0.5459135174751282
991,4679,val/iou_class_7,0.43933728337287903
992,4751,val/iou_class_7,0.47339877486228943
993,4823,val/iou_class_7,0.43349114060401917
994,4895,val/iou_class_7,0.49940767884254456
995,4967,val/iou_class_7,0.4833313524723053
996,5039,val/iou_class_7,0.5501367449760437
997,5111,val/iou_class_7,0.5896970629692078
998,5183,val/iou_class_7,0.5350106358528137
999,71,val/iou_class_8,0.40020331740379333
1000,143,val/iou_class_8,0.3390211760997772
1001,215,val/iou_class_8,0.4816088378429413
1002,287,val/iou_class_8,0.3453773558139801
1003,359,val/iou_class_8,0.4897271692752838
1004,431,val/iou_class_8,0.46762946248054504
1005,503,val/iou_class_8,0.48908671736717224
1006,575,val/iou_class_8,0.4785613715648651
1007,647,val/iou_class_8,0.3464442789554596
1008,719,val/iou_class_8,0.4754404127597809
1009,791,val/iou_class_8,0.5313088893890381
1010,863,val/iou_class_8,0.6032418608665466
1011,935,val/iou_class_8,0.53410804271698
1012,1007,val/iou_class_8,0.4851304292678833
1013,1079,val/iou_class_8,0.5981528162956238
1014,1151,val/iou_class_8,0.5709255337715149
1015,1223,val/iou_class_8,0.5750884413719177
1016,1295,val/iou_class_8,0.6015019416809082
1017,1367,val/iou_class_8,0.6138668656349182
1018,1439,val/iou_class_8,0.46223679184913635
1019,1511,val/iou_class_8,0.6113855838775635
1020,1583,val/iou_class_8,0.5896602272987366
1021,1655,val/iou_class_8,0.5798987746238708
1022,1727,val/iou_class_8,0.5630565881729126
1023,1799,val/iou_class_8,0.6386948227882385
1024,1871,val/iou_class_8,0.6224169135093689
1025,1943,val/iou_class_8,0.5864197611808777
1026,2015,val/iou_class_8,0.6567372679710388
1027,2087,val/iou_class_8,0.6321772933006287
1028,2159,val/iou_class_8,0.5606890916824341
1029,2231,val/iou_class_8,0.6159182190895081
1030,2303,val/iou_class_8,0.6337009072303772
1031,2375,val/iou_class_8,0.620954155921936
1032,2447,val/iou_class_8,0.6322699189186096
1033,2519,val/iou_class_8,0.643554151058197
1034,2591,val/iou_class_8,0.6019720435142517
1035,2663,val/iou_class_8,0.6014048457145691
1036,2735,val/iou_class_8,0.6583818793296814
1037,2807,val/iou_class_8,0.6506631970405579
1038,2879,val/iou_class_8,0.6482711434364319
1039,2951,val/iou_class_8,0.6814470291137695
1040,3023,val/iou_class_8,0.6290590167045593
1041,3095,val/iou_class_8,0.642008900642395
1042,3167,val/iou_class_8,0.6526691913604736
1043,3239,val/iou_class_8,0.6726230978965759
1044,3311,val/iou_class_8,0.6740444302558899
1045,3383,val/iou_class_8,0.671088457107544
1046,3455,val/iou_class_8,0.6608554720878601
1047,3527,val/iou_class_8,0.6708411574363708
1048,3599,val/iou_class_8,0.6506404876708984
1049,3671,val/iou_class_8,0.668964147567749
1050,3743,val/iou_class_8,0.64287930727005
1051,3815,val/iou_class_8,0.6802222728729248
1052,3887,val/iou_class_8,0.6555373668670654
1053,3959,val/iou_class_8,0.6630589365959167
1054,4031,val/iou_class_8,0.6938261985778809
1055,4103,val/iou_class_8,0.6836183071136475
1056,4175,val/iou_class_8,0.674517810344696
1057,4247,val/iou_class_8,0.6825786232948303
1058,4319,val/iou_class_8,0.6524509787559509
1059,4391,val/iou_class_8,0.6846001148223877
1060,4463,val/iou_class_8,0.6761155724525452
1061,4535,val/iou_class_8,0.6928811073303223
1062,4607,val/iou_class_8,0.6755445003509521
1063,4679,val/iou_class_8,0.6555415987968445
1064,4751,val/iou_class_8,0.6945481300354004
1065,4823,val/iou_class_8,0.6951918601989746
1066,4895,val/iou_class_8,0.6838269233703613
1067,4967,val/iou_class_8,0.6889566779136658
1068,5039,val/iou_class_8,0.693272590637207
1069,5111,val/iou_class_8,0.6921982765197754
1070,5183,val/iou_class_8,0.6908599734306335
1071,71,val_mIoU,0.16528630256652832
1072,143,val_mIoU,0.19214236736297607
1073,215,val_mIoU,0.21062034368515015
1074,287,val_mIoU,0.2098587602376938
1075,359,val_mIoU,0.20771688222885132
1076,431,val_mIoU,0.25348755717277527
1077,503,val_mIoU,0.24263513088226318
1078,575,val_mIoU,0.2421111911535263
1079,647,val_mIoU,0.21096669137477875
1080,719,val_mIoU,0.28449153900146484
1081,791,val_mIoU,0.2893103063106537
1082,863,val_mIoU,0.27306535840034485
1083,935,val_mIoU,0.2795836627483368
1084,1007,val_mIoU,0.2533765733242035
1085,1079,val_mIoU,0.311360627412796
1086,1151,val_mIoU,0.27920496463775635
1087,1223,val_mIoU,0.3114670217037201
1088,1295,val_mIoU,0.3185231387615204
1089,1367,val_mIoU,0.30735793709754944
1090,1439,val_mIoU,0.23163163661956787
1091,1511,val_mIoU,0.3118728995323181
1092,1583,val_mIoU,0.31295379996299744
1093,1655,val_mIoU,0.3111884891986847
1094,1727,val_mIoU,0.3270110785961151
1095,1799,val_mIoU,0.3444182872772217
1096,1871,val_mIoU,0.3187006413936615
1097,1943,val_mIoU,0.3414476215839386
1098,2015,val_mIoU,0.34727224707603455
1099,2087,val_mIoU,0.3277096450328827
1100,2159,val_mIoU,0.3252633213996887
1101,2231,val_mIoU,0.3140134811401367
1102,2303,val_mIoU,0.3622061312198639
1103,2375,val_mIoU,0.35514941811561584
1104,2447,val_mIoU,0.33969107270240784
1105,2519,val_mIoU,0.35095131397247314
1106,2591,val_mIoU,0.32932376861572266
1107,2663,val_mIoU,0.3425091505050659
1108,2735,val_mIoU,0.36841848492622375
1109,2807,val_mIoU,0.33161816000938416
1110,2879,val_mIoU,0.3688061535358429
1111,2951,val_mIoU,0.3607224225997925
1112,3023,val_mIoU,0.36212679743766785
1113,3095,val_mIoU,0.36741793155670166
1114,3167,val_mIoU,0.3258117139339447
1115,3239,val_mIoU,0.3925856053829193
1116,3311,val_mIoU,0.3878004550933838
1117,3383,val_mIoU,0.3894956111907959
1118,3455,val_mIoU,0.37971100211143494
1119,3527,val_mIoU,0.35935524106025696
1120,3599,val_mIoU,0.3804706037044525
1121,3671,val_mIoU,0.39188897609710693
1122,3743,val_mIoU,0.37468278408050537
1123,3815,val_mIoU,0.4020203649997711
1124,3887,val_mIoU,0.3839973211288452
1125,3959,val_mIoU,0.37684309482574463
1126,4031,val_mIoU,0.4146058261394501
1127,4103,val_mIoU,0.41043558716773987
1128,4175,val_mIoU,0.38745495676994324
1129,4247,val_mIoU,0.3972226679325104
1130,4319,val_mIoU,0.3947429656982422
1131,4391,val_mIoU,0.40465161204338074
1132,4463,val_mIoU,0.4389568269252777
1133,4535,val_mIoU,0.4087667167186737
1134,4607,val_mIoU,0.4003334045410156
1135,4679,val_mIoU,0.39821672439575195
1136,4751,val_mIoU,0.39193084836006165
1137,4823,val_mIoU,0.4130761921405792
1138,4895,val_mIoU,0.4098179042339325
1139,4967,val_mIoU,0.43900832533836365
1140,5039,val_mIoU,0.4310946762561798
1141,5111,val_mIoU,0.4299851655960083
1142,5183,val_mIoU,0.397382527589798
1143,71,val_pixel_accuracy,0.43380776047706604
1144,143,val_pixel_accuracy,0.47293081879615784
1145,215,val_pixel_accuracy,0.4821817874908447
1146,287,val_pixel_accuracy,0.48182976245880127
1147,359,val_pixel_accuracy,0.4646480977535248
1148,431,val_pixel_accuracy,0.5255987644195557
1149,503,val_pixel_accuracy,0.5321686863899231
1150,575,val_pixel_accuracy,0.5183901786804199
1151,647,val_pixel_accuracy,0.4310067892074585
1152,719,val_pixel_accuracy,0.5658188462257385
1153,791,val_pixel_accuracy,0.5635207295417786
1154,863,val_pixel_accuracy,0.5835784077644348
1155,935,val_pixel_accuracy,0.5546621084213257
1156,1007,val_pixel_accuracy,0.5308926105499268
1157,1079,val_pixel_accuracy,0.5848755240440369
1158,1151,val_pixel_accuracy,0.5644695162773132
1159,1223,val_pixel_accuracy,0.5986283421516418
1160,1295,val_pixel_accuracy,0.616542398929596
1161,1367,val_pixel_accuracy,0.5821186900138855
1162,1439,val_pixel_accuracy,0.46759524941444397
1163,1511,val_pixel_accuracy,0.6060000061988831
1164,1583,val_pixel_accuracy,0.6015595197677612
1165,1655,val_pixel_accuracy,0.6163433194160461
1166,1727,val_pixel_accuracy,0.6238308548927307
1167,1799,val_pixel_accuracy,0.6449593901634216
1168,1871,val_pixel_accuracy,0.6192489862442017
1169,1943,val_pixel_accuracy,0.636060357093811
1170,2015,val_pixel_accuracy,0.6638720631599426
1171,2087,val_pixel_accuracy,0.6277448534965515
1172,2159,val_pixel_accuracy,0.6100142002105713
1173,2231,val_pixel_accuracy,0.6003981232643127
1174,2303,val_pixel_accuracy,0.6594283580780029
1175,2375,val_pixel_accuracy,0.654013454914093
1176,2447,val_pixel_accuracy,0.6061382293701172
1177,2519,val_pixel_accuracy,0.655146598815918
1178,2591,val_pixel_accuracy,0.62702476978302
1179,2663,val_pixel_accuracy,0.6374964714050293
1180,2735,val_pixel_accuracy,0.6513683795928955
1181,2807,val_pixel_accuracy,0.6247226595878601
1182,2879,val_pixel_accuracy,0.6731799244880676
1183,2951,val_pixel_accuracy,0.6420454978942871
1184,3023,val_pixel_accuracy,0.6547065377235413
1185,3095,val_pixel_accuracy,0.6599382758140564
1186,3167,val_pixel_accuracy,0.6492562890052795
1187,3239,val_pixel_accuracy,0.6810348629951477
1188,3311,val_pixel_accuracy,0.6974783539772034
1189,3383,val_pixel_accuracy,0.6767520904541016
1190,3455,val_pixel_accuracy,0.667801558971405
1191,3527,val_pixel_accuracy,0.6537662744522095
1192,3599,val_pixel_accuracy,0.6827136874198914
1193,3671,val_pixel_accuracy,0.6825839877128601
1194,3743,val_pixel_accuracy,0.6772426962852478
1195,3815,val_pixel_accuracy,0.6814001202583313
1196,3887,val_pixel_accuracy,0.6818891167640686
1197,3959,val_pixel_accuracy,0.6784675717353821
1198,4031,val_pixel_accuracy,0.6923255324363708
1199,4103,val_pixel_accuracy,0.7076886296272278
1200,4175,val_pixel_accuracy,0.6942193508148193
1201,4247,val_pixel_accuracy,0.6989367008209229
1202,4319,val_pixel_accuracy,0.6847600936889648
1203,4391,val_pixel_accuracy,0.700167715549469
1204,4463,val_pixel_accuracy,0.7140409350395203
1205,4535,val_pixel_accuracy,0.7076467871665955
1206,4607,val_pixel_accuracy,0.699591338634491
1207,4679,val_pixel_accuracy,0.6909888386726379
1208,4751,val_pixel_accuracy,0.6999802589416504
1209,4823,val_pixel_accuracy,0.7112383842468262
1210,4895,val_pixel_accuracy,0.7011229395866394
1211,4967,val_pixel_accuracy,0.7163951396942139
1212,5039,val_pixel_accuracy,0.7167899012565613
1213,5111,val_pixel_accuracy,0.7163249850273132
1214,5183,val_pixel_accuracy,0.6868433356285095
1215,71,val_macro_precision,0.289702445268631
1216,143,val_macro_precision,0.3315790593624115
1217,215,val_macro_precision,0.3403126001358032
1218,287,val_macro_precision,0.35272324085235596
1219,359,val_macro_precision,0.3362303674221039
1220,431,val_macro_precision,0.39997050166130066
1221,503,val_macro_precision,0.3908374309539795
1222,575,val_macro_precision,0.3790743350982666
1223,647,val_macro_precision,0.3783678710460663
1224,719,val_macro_precision,0.4256810247898102
1225,791,val_macro_precision,0.4251116216182709
1226,863,val_macro_precision,0.4437415301799774
1227,935,val_macro_precision,0.41487035155296326
1228,1007,val_macro_precision,0.41146230697631836
1229,1079,val_macro_precision,0.4373815059661865
1230,1151,val_macro_precision,0.40439358353614807
1231,1223,val_macro_precision,0.4716482162475586
1232,1295,val_macro_precision,0.4670774042606354
1233,1367,val_macro_precision,0.436648964881897
1234,1439,val_macro_precision,0.37859711050987244
1235,1511,val_macro_precision,0.444898396730423
1236,1583,val_macro_precision,0.456775426864624
1237,1655,val_macro_precision,0.4476024806499481
1238,1727,val_macro_precision,0.48190343379974365
1239,1799,val_macro_precision,0.4812886416912079
1240,1871,val_macro_precision,0.44451746344566345
1241,1943,val_macro_precision,0.4773838520050049
1242,2015,val_macro_precision,0.4853137731552124
1243,2087,val_macro_precision,0.4639621675014496
1244,2159,val_macro_precision,0.47979414463043213
1245,2231,val_macro_precision,0.44330039620399475
1246,2303,val_macro_precision,0.49948814511299133
1247,2375,val_macro_precision,0.48375633358955383
1248,2447,val_macro_precision,0.48215651512145996
1249,2519,val_macro_precision,0.4792398512363434
1250,2591,val_macro_precision,0.45569345355033875
1251,2663,val_macro_precision,0.5023403763771057
1252,2735,val_macro_precision,0.4996107518672943
1253,2807,val_macro_precision,0.4647463262081146
1254,2879,val_macro_precision,0.5000749230384827
1255,2951,val_macro_precision,0.4988781213760376
1256,3023,val_macro_precision,0.5056309103965759
1257,3095,val_macro_precision,0.4901794195175171
1258,3167,val_macro_precision,0.4692823886871338
1259,3239,val_macro_precision,0.5388031601905823
1260,3311,val_macro_precision,0.5343621969223022
1261,3383,val_macro_precision,0.5241611003875732
1262,3455,val_macro_precision,0.5270799994468689
1263,3527,val_macro_precision,0.4854656159877777
1264,3599,val_macro_precision,0.5329885482788086
1265,3671,val_macro_precision,0.5161498188972473
1266,3743,val_macro_precision,0.5231125950813293
1267,3815,val_macro_precision,0.5353413224220276
1268,3887,val_macro_precision,0.5302354693412781
1269,3959,val_macro_precision,0.5213316082954407
1270,4031,val_macro_precision,0.5590832233428955
1271,4103,val_macro_precision,0.5365713834762573
1272,4175,val_macro_precision,0.5282278656959534
1273,4247,val_macro_precision,0.5391954183578491
1274,4319,val_macro_precision,0.5266529321670532
1275,4391,val_macro_precision,0.5362439751625061
1276,4463,val_macro_precision,0.5670844316482544
1277,4535,val_macro_precision,0.5461122989654541
1278,4607,val_macro_precision,0.5419464707374573
1279,4679,val_macro_precision,0.5614186525344849
1280,4751,val_macro_precision,0.5199524164199829
1281,4823,val_macro_precision,0.5520575642585754
1282,4895,val_macro_precision,0.5416098237037659
1283,4967,val_macro_precision,0.5791663527488708
1284,5039,val_macro_precision,0.5639604926109314
1285,5111,val_macro_precision,0.5659170746803284
1286,5183,val_macro_precision,0.527199923992157
1287,71,val_macro_recall,0.26299476623535156
1288,143,val_macro_recall,0.2979517877101898
1289,215,val_macro_recall,0.31982049345970154
1290,287,val_macro_recall,0.3321234881877899
1291,359,val_macro_recall,0.31894659996032715
1292,431,val_macro_recall,0.37128329277038574
1293,503,val_macro_recall,0.35222458839416504
1294,575,val_macro_recall,0.3611548840999603
1295,647,val_macro_recall,0.34847044944763184
1296,719,val_macro_recall,0.3948354721069336
1297,791,val_macro_recall,0.4085733890533447
1298,863,val_macro_recall,0.3768887519836426
1299,935,val_macro_recall,0.3972487151622772
1300,1007,val_macro_recall,0.36796751618385315
1301,1079,val_macro_recall,0.42979562282562256
1302,1151,val_macro_recall,0.40279892086982727
1303,1223,val_macro_recall,0.4112541675567627
1304,1295,val_macro_recall,0.4239695072174072
1305,1367,val_macro_recall,0.42974433302879333
1306,1439,val_macro_recall,0.36931729316711426
1307,1511,val_macro_recall,0.43253639340400696
1308,1583,val_macro_recall,0.42949768900871277
1309,1655,val_macro_recall,0.4272784888744354
1310,1727,val_macro_recall,0.4386777877807617
1311,1799,val_macro_recall,0.4555093050003052
1312,1871,val_macro_recall,0.4337407648563385
1313,1943,val_macro_recall,0.4647977650165558
1314,2015,val_macro_recall,0.4514026343822479
1315,2087,val_macro_recall,0.4377223253250122
1316,2159,val_macro_recall,0.43239954113960266
1317,2231,val_macro_recall,0.4457649290561676
1318,2303,val_macro_recall,0.47494688630104065
1319,2375,val_macro_recall,0.4658243954181671
1320,2447,val_macro_recall,0.4686127007007599
1321,2519,val_macro_recall,0.4688624143600464
1322,2591,val_macro_recall,0.44487264752388
1323,2663,val_macro_recall,0.4420957565307617
1324,2735,val_macro_recall,0.478353351354599
1325,2807,val_macro_recall,0.4538041353225708
1326,2879,val_macro_recall,0.47151848673820496
1327,2951,val_macro_recall,0.4833051860332489
1328,3023,val_macro_recall,0.4692375659942627
1329,3095,val_macro_recall,0.4858137369155884
1330,3167,val_macro_recall,0.43460965156555176
1331,3239,val_macro_recall,0.504702627658844
1332,3311,val_macro_recall,0.4971270263195038
1333,3383,val_macro_recall,0.5026925206184387
1334,3455,val_macro_recall,0.48523855209350586
1335,3527,val_macro_recall,0.4814170300960541
1336,3599,val_macro_recall,0.4885583221912384
1337,3671,val_macro_recall,0.5071210861206055
1338,3743,val_macro_recall,0.4838242828845978
1339,3815,val_macro_recall,0.5187780261039734
1340,3887,val_macro_recall,0.48465776443481445
1341,3959,val_macro_recall,0.4863605201244354
1342,4031,val_macro_recall,0.5303117632865906
1343,4103,val_macro_recall,0.5169305801391602
1344,4175,val_macro_recall,0.4959999620914459
1345,4247,val_macro_recall,0.5012572407722473
1346,4319,val_macro_recall,0.505717396736145
1347,4391,val_macro_recall,0.5087506771087646
1348,4463,val_macro_recall,0.5507606267929077
1349,4535,val_macro_recall,0.5102905035018921
1350,4607,val_macro_recall,0.5086661577224731
1351,4679,val_macro_recall,0.499899297952652
1352,4751,val_macro_recall,0.4983437955379486
1353,4823,val_macro_recall,0.5220645070075989
1354,4895,val_macro_recall,0.5211599469184875
1355,4967,val_macro_recall,0.5471137762069702
1356,5039,val_macro_recall,0.5377869009971619
1357,5111,val_macro_recall,0.5369415879249573
1358,5183,val_macro_recall,0.5110440254211426
1359,71,val_macro_f1,0.25227928161621094
1360,143,val_macro_f1,0.285862535238266
1361,215,val_macro_f1,0.3077222406864166
1362,287,val_macro_f1,0.3085096478462219
1363,359,val_macro_f1,0.30561164021492004
1364,431,val_macro_f1,0.36227622628211975
1365,503,val_macro_f1,0.33833548426628113
1366,575,val_macro_f1,0.3392482101917267
1367,647,val_macro_f1,0.31373775005340576
1368,719,val_macro_f1,0.3875276744365692
1369,791,val_macro_f1,0.39878618717193604
1370,863,val_macro_f1,0.36970213055610657
1371,935,val_macro_f1,0.38771167397499084
1372,1007,val_macro_f1,0.35574427247047424
1373,1079,val_macro_f1,0.4192514717578888
1374,1151,val_macro_f1,0.3838042914867401
1375,1223,val_macro_f1,0.41543304920196533
1376,1295,val_macro_f1,0.42476511001586914
1377,1367,val_macro_f1,0.4104997217655182
1378,1439,val_macro_f1,0.33441343903541565
1379,1511,val_macro_f1,0.41726791858673096
1380,1583,val_macro_f1,0.42299211025238037
1381,1655,val_macro_f1,0.4181382954120636
1382,1727,val_macro_f1,0.4347805976867676
1383,1799,val_macro_f1,0.4550418555736542
1384,1871,val_macro_f1,0.4237689673900604
1385,1943,val_macro_f1,0.44938135147094727
1386,2015,val_macro_f1,0.4536930024623871
1387,2087,val_macro_f1,0.433841735124588
1388,2159,val_macro_f1,0.42933860421180725
1389,2231,val_macro_f1,0.4216824769973755
1390,2303,val_macro_f1,0.4689808189868927
1391,2375,val_macro_f1,0.46222925186157227
1392,2447,val_macro_f1,0.45225775241851807
1393,2519,val_macro_f1,0.4604651629924774
1394,2591,val_macro_f1,0.4340113401412964
1395,2663,val_macro_f1,0.4498484432697296
1396,2735,val_macro_f1,0.4778616428375244
1397,2807,val_macro_f1,0.44013699889183044
1398,2879,val_macro_f1,0.4715178906917572
1399,2951,val_macro_f1,0.47043323516845703
1400,3023,val_macro_f1,0.47056999802589417
1401,3095,val_macro_f1,0.47780242562294006
1402,3167,val_macro_f1,0.430771142244339
1403,3239,val_macro_f1,0.5018501877784729
1404,3311,val_macro_f1,0.49721527099609375
1405,3383,val_macro_f1,0.49943721294403076
1406,3455,val_macro_f1,0.4879295527935028
1407,3527,val_macro_f1,0.4685433804988861
1408,3599,val_macro_f1,0.4881173074245453
1409,3671,val_macro_f1,0.5020830035209656
1410,3743,val_macro_f1,0.482186883687973
1411,3815,val_macro_f1,0.5083937048912048
1412,3887,val_macro_f1,0.4934074580669403
1413,3959,val_macro_f1,0.4859754741191864
1414,4031,val_macro_f1,0.528299868106842
1415,4103,val_macro_f1,0.5149062871932983
1416,4175,val_macro_f1,0.4955235719680786
1417,4247,val_macro_f1,0.5034191012382507
1418,4319,val_macro_f1,0.5053547024726868
1419,4391,val_macro_f1,0.5113149881362915
1420,4463,val_macro_f1,0.5449549555778503
1421,4535,val_macro_f1,0.5145050287246704
1422,4607,val_macro_f1,0.5074917674064636
1423,4679,val_macro_f1,0.5093440413475037
1424,4751,val_macro_f1,0.49547693133354187
1425,4823,val_macro_f1,0.5205018520355225
1426,4895,val_macro_f1,0.5156648755073547
1427,4967,val_macro_f1,0.5488043427467346
1428,5039,val_macro_f1,0.5390424132347107
1429,5111,val_macro_f1,0.53598552942276
1430,5183,val_macro_f1,0.5056975483894348
1431,71,train_loss_epoch,1.5051716566085815
1432,143,train_loss_epoch,1.3140853643417358
1433,215,train_loss_epoch,1.2544686794281006
1434,287,train_loss_epoch,1.214745044708252
1435,359,train_loss_epoch,1.1832855939865112
1436,431,train_loss_epoch,1.1480591297149658
1437,503,train_loss_epoch,1.1282923221588135
1438,575,train_loss_epoch,1.1273308992385864
1439,647,train_loss_epoch,1.104743480682373
1440,719,train_loss_epoch,1.0990636348724365
1441,791,train_loss_epoch,1.061747670173645
1442,863,train_loss_epoch,1.0796552896499634
1443,935,train_loss_epoch,1.043471097946167
1444,1007,train_loss_epoch,1.0347760915756226
1445,1079,train_loss_epoch,1.01914381980896
1446,1151,train_loss_epoch,1.0342806577682495
1447,1223,train_loss_epoch,1.0010446310043335
1448,1295,train_loss_epoch,0.9876714944839478
1449,1367,train_loss_epoch,1.0011522769927979
1450,1439,train_loss_epoch,0.9769114851951599
1451,1511,train_loss_epoch,0.9772236943244934
1452,1583,train_loss_epoch,0.9656487703323364
1453,1655,train_loss_epoch,0.9265455603599548
1454,1727,train_loss_epoch,0.9362550377845764
1455,1799,train_loss_epoch,0.9247264266014099
1456,1871,train_loss_epoch,0.9188660979270935
1457,1943,train_loss_epoch,0.9314936995506287
1458,2015,train_loss_epoch,0.9274662733078003
1459,2087,train_loss_epoch,0.89886474609375
1460,2159,train_loss_epoch,0.9310691356658936
1461,2231,train_loss_epoch,0.9021946787834167
1462,2303,train_loss_epoch,0.8989806175231934
1463,2375,train_loss_epoch,0.8806887865066528
1464,2447,train_loss_epoch,0.8810581564903259
1465,2519,train_loss_epoch,0.8761114478111267
1466,2591,train_loss_epoch,0.8612462282180786
1467,2663,train_loss_epoch,0.863183856010437
1468,2735,train_loss_epoch,0.8563947677612305
1469,2807,train_loss_epoch,0.845480740070343
1470,2879,train_loss_epoch,0.8484501242637634
1471,2951,train_loss_epoch,0.8447985053062439
1472,3023,train_loss_epoch,0.8443055152893066
1473,3095,train_loss_epoch,0.8378339409828186
1474,3167,train_loss_epoch,0.8262520432472229
1475,3239,train_loss_epoch,0.8196643590927124
1476,3311,train_loss_epoch,0.8028719425201416
1477,3383,train_loss_epoch,0.8186614513397217
1478,3455,train_loss_epoch,0.8091743588447571
1479,3527,train_loss_epoch,0.791437029838562
1480,3599,train_loss_epoch,0.8110598921775818
1481,3671,train_loss_epoch,0.7837641835212708
1482,3743,train_loss_epoch,0.7770196199417114
1483,3815,train_loss_epoch,0.7604124546051025
1484,3887,train_loss_epoch,0.7731096744537354
1485,3959,train_loss_epoch,0.7632893919944763
1486,4031,train_loss_epoch,0.7647843956947327
1487,4103,train_loss_epoch,0.7446005344390869
1488,4175,train_loss_epoch,0.7475414276123047
1489,4247,train_loss_epoch,0.7660692930221558
1490,4319,train_loss_epoch,0.7511809468269348
1491,4391,train_loss_epoch,0.7456845045089722
1492,4463,train_loss_epoch,0.746164083480835
1493,4535,train_loss_epoch,0.7271446585655212
1494,4607,train_loss_epoch,0.7373533248901367
1495,4679,train_loss_epoch,0.7358635067939758
1496,4751,train_loss_epoch,0.7249435782432556
1497,4823,train_loss_epoch,0.7486086487770081
1498,4895,train_loss_epoch,0.7210832238197327
1499,4967,train_loss_epoch,0.7283933162689209
1500,5039,train_loss_epoch,0.7168787717819214
1501,5111,train_loss_epoch,0.7119415998458862
1502,5183,train_loss_epoch,0.7006484866142273
1503,71,train/iou_class_0,2.2304664526018314e-05
1504,143,train/iou_class_0,0.0
1505,215,train/iou_class_0,0.0
1506,287,train/iou_class_0,0.054816991090774536
1507,359,train/iou_class_0,0.05455107241868973
1508,431,train/iou_class_0,0.18882223963737488
1509,503,train/iou_class_0,0.1900264024734497
1510,575,train/iou_class_0,0.16303783655166626
1511,647,train/iou_class_0,0.24714918434619904
1512,719,train/iou_class_0,0.17158232629299164
1513,791,train/iou_class_0,0.21813328564167023
1514,863,train/iou_class_0,0.21502850949764252
1515,935,train/iou_class_0,0.22932037711143494
1516,1007,train/iou_class_0,0.18442711234092712
1517,1079,train/iou_class_0,0.2162141352891922
1518,1151,train/iou_class_0,0.18862958252429962
1519,1223,train/iou_class_0,0.20318889617919922
1520,1295,train/iou_class_0,0.20906580984592438
1521,1367,train/iou_class_0,0.25294509530067444
1522,1439,train/iou_class_0,0.13297466933727264
1523,1511,train/iou_class_0,0.23005475103855133
1524,1583,train/iou_class_0,0.25700807571411133
1525,1655,train/iou_class_0,0.18040892481803894
1526,1727,train/iou_class_0,0.3008384704589844
1527,1799,train/iou_class_0,0.22060896456241608
1528,1871,train/iou_class_0,0.22253210842609406
1529,1943,train/iou_class_0,0.2036418914794922
1530,2015,train/iou_class_0,0.21415288746356964
1531,2087,train/iou_class_0,0.2474011927843094
1532,2159,train/iou_class_0,0.20994725823402405
1533,2231,train/iou_class_0,0.28950825333595276
1534,2303,train/iou_class_0,0.19728565216064453
1535,2375,train/iou_class_0,0.2061607837677002
1536,2447,train/iou_class_0,0.3266565799713135
1537,2519,train/iou_class_0,0.23539407551288605
1538,2591,train/iou_class_0,0.21097776293754578
1539,2663,train/iou_class_0,0.22759874165058136
1540,2735,train/iou_class_0,0.23088152706623077
1541,2807,train/iou_class_0,0.1883358210325241
1542,2879,train/iou_class_0,0.12015427649021149
1543,2951,train/iou_class_0,0.23521846532821655
1544,3023,train/iou_class_0,0.19643889367580414
1545,3095,train/iou_class_0,0.2965754270553589
1546,3167,train/iou_class_0,0.22782526910305023
1547,3239,train/iou_class_0,0.1818276047706604
1548,3311,train/iou_class_0,0.21033212542533875
1549,3383,train/iou_class_0,0.2308076173067093
1550,3455,train/iou_class_0,0.3120701014995575
1551,3527,train/iou_class_0,0.20631372928619385
1552,3599,train/iou_class_0,0.2625918984413147
1553,3671,train/iou_class_0,0.3062128722667694
1554,3743,train/iou_class_0,0.261395126581192
1555,3815,train/iou_class_0,0.30496102571487427
1556,3887,train/iou_class_0,0.2388281226158142
1557,3959,train/iou_class_0,0.21919205784797668
1558,4031,train/iou_class_0,0.25951096415519714
1559,4103,train/iou_class_0,0.21818247437477112
1560,4175,train/iou_class_0,0.2365664392709732
1561,4247,train/iou_class_0,0.17389409244060516
1562,4319,train/iou_class_0,0.2642033100128174
1563,4391,train/iou_class_0,0.2890717089176178
1564,4463,train/iou_class_0,0.26422184705734253
1565,4535,train/iou_class_0,0.21567502617835999
1566,4607,train/iou_class_0,0.2308226376771927
1567,4679,train/iou_class_0,0.20512892305850983
1568,4751,train/iou_class_0,0.20849525928497314
1569,4823,train/iou_class_0,0.2675708830356598
1570,4895,train/iou_class_0,0.2611888647079468
1571,4967,train/iou_class_0,0.2124459594488144
1572,5039,train/iou_class_0,0.20400838553905487
1573,5111,train/iou_class_0,0.2082560807466507
1574,5183,train/iou_class_0,0.21223771572113037
1575,71,train/iou_class_1,0.001935203792527318
1576,143,train/iou_class_1,0.0
1577,215,train/iou_class_1,0.00010590720921754837
1578,287,train/iou_class_1,0.0001657961111050099
1579,359,train/iou_class_1,0.00035583306453190744
1580,431,train/iou_class_1,0.001284714788198471
1581,503,train/iou_class_1,0.00020158305414952338
1582,575,train/iou_class_1,0.002743940334767103
1583,647,train/iou_class_1,0.0001298759743804112
1584,719,train/iou_class_1,0.006544913165271282
1585,791,train/iou_class_1,0.0019190908642485738
1586,863,train/iou_class_1,0.0012725690612569451
1587,935,train/iou_class_1,0.0005043803248554468
1588,1007,train/iou_class_1,0.004690019879490137
1589,1079,train/iou_class_1,0.012952661141753197
1590,1151,train/iou_class_1,0.008152193389832973
1591,1223,train/iou_class_1,0.0018291628221049905
1592,1295,train/iou_class_1,0.011531966738402843
1593,1367,train/iou_class_1,0.029683195054531097
1594,1439,train/iou_class_1,0.05393075942993164
1595,1511,train/iou_class_1,0.026542903855443
1596,1583,train/iou_class_1,0.016484281048178673
1597,1655,train/iou_class_1,0.0569915771484375
1598,1727,train/iou_class_1,0.05451393127441406
1599,1799,train/iou_class_1,0.07292172312736511
1600,1871,train/iou_class_1,0.0768800750374794
1601,1943,train/iou_class_1,0.09001846611499786
1602,2015,train/iou_class_1,0.07576847821474075
1603,2087,train/iou_class_1,0.04385105520486832
1604,2159,train/iou_class_1,0.0701085776090622
1605,2231,train/iou_class_1,0.05741550400853157
1606,2303,train/iou_class_1,0.026114359498023987
1607,2375,train/iou_class_1,0.06325028091669083
1608,2447,train/iou_class_1,0.08969927579164505
1609,2519,train/iou_class_1,0.14226771891117096
1610,2591,train/iou_class_1,0.06861469149589539
1611,2663,train/iou_class_1,0.13734054565429688
1612,2735,train/iou_class_1,0.10686591267585754
1613,2807,train/iou_class_1,0.17557157576084137
1614,2879,train/iou_class_1,0.13868768513202667
1615,2951,train/iou_class_1,0.12283172458410263
1616,3023,train/iou_class_1,0.08445870876312256
1617,3095,train/iou_class_1,0.15811236202716827
1618,3167,train/iou_class_1,0.15405988693237305
1619,3239,train/iou_class_1,0.14079949259757996
1620,3311,train/iou_class_1,0.15402370691299438
1621,3383,train/iou_class_1,0.15363754332065582
1622,3455,train/iou_class_1,0.12309117615222931
1623,3527,train/iou_class_1,0.1440141499042511
1624,3599,train/iou_class_1,0.08910492807626724
1625,3671,train/iou_class_1,0.10881420224905014
1626,3743,train/iou_class_1,0.15958371758460999
1627,3815,train/iou_class_1,0.16003555059432983
1628,3887,train/iou_class_1,0.1710357517004013
1629,3959,train/iou_class_1,0.13663095235824585
1630,4031,train/iou_class_1,0.18955717980861664
1631,4103,train/iou_class_1,0.15001016855239868
1632,4175,train/iou_class_1,0.1975133717060089
1633,4247,train/iou_class_1,0.18098753690719604
1634,4319,train/iou_class_1,0.2501252591609955
1635,4391,train/iou_class_1,0.22237715125083923
1636,4463,train/iou_class_1,0.19978871941566467
1637,4535,train/iou_class_1,0.24538937211036682
1638,4607,train/iou_class_1,0.303540974855423
1639,4679,train/iou_class_1,0.23064883053302765
1640,4751,train/iou_class_1,0.21096423268318176
1641,4823,train/iou_class_1,0.23619161546230316
1642,4895,train/iou_class_1,0.2653539180755615
1643,4967,train/iou_class_1,0.23730234801769257
1644,5039,train/iou_class_1,0.23363809287548065
1645,5111,train/iou_class_1,0.2061408907175064
1646,5183,train/iou_class_1,0.23750920593738556
1647,71,train/iou_class_2,0.22583752870559692
1648,143,train/iou_class_2,0.2621074616909027
1649,215,train/iou_class_2,0.275825560092926
1650,287,train/iou_class_2,0.2910861670970917
1651,359,train/iou_class_2,0.28303664922714233
1652,431,train/iou_class_2,0.3209313154220581
1653,503,train/iou_class_2,0.31872546672821045
1654,575,train/iou_class_2,0.32341066002845764
1655,647,train/iou_class_2,0.32266131043434143
1656,719,train/iou_class_2,0.3261885344982147
1657,791,train/iou_class_2,0.3511601984500885
1658,863,train/iou_class_2,0.33735767006874084
1659,935,train/iou_class_2,0.3365406095981598
1660,1007,train/iou_class_2,0.35227304697036743
1661,1079,train/iou_class_2,0.35165831446647644
1662,1151,train/iou_class_2,0.34528589248657227
1663,1223,train/iou_class_2,0.36761122941970825
1664,1295,train/iou_class_2,0.37450647354125977
1665,1367,train/iou_class_2,0.37538304924964905
1666,1439,train/iou_class_2,0.37977322936058044
1667,1511,train/iou_class_2,0.37593162059783936
1668,1583,train/iou_class_2,0.39676669239997864
1669,1655,train/iou_class_2,0.4108539819717407
1670,1727,train/iou_class_2,0.3894664943218231
1671,1799,train/iou_class_2,0.3934064209461212
1672,1871,train/iou_class_2,0.4005349278450012
1673,1943,train/iou_class_2,0.4009816646575928
1674,2015,train/iou_class_2,0.40789279341697693
1675,2087,train/iou_class_2,0.40767714381217957
1676,2159,train/iou_class_2,0.3937438428401947
1677,2231,train/iou_class_2,0.4146726727485657
1678,2303,train/iou_class_2,0.41129565238952637
1679,2375,train/iou_class_2,0.4182835519313812
1680,2447,train/iou_class_2,0.4198286533355713
1681,2519,train/iou_class_2,0.41242358088493347
1682,2591,train/iou_class_2,0.4297175109386444
1683,2663,train/iou_class_2,0.42433130741119385
1684,2735,train/iou_class_2,0.4160257875919342
1685,2807,train/iou_class_2,0.4326445162296295
1686,2879,train/iou_class_2,0.41924476623535156
1687,2951,train/iou_class_2,0.43163567781448364
1688,3023,train/iou_class_2,0.4262036383152008
1689,3095,train/iou_class_2,0.43203654885292053
1690,3167,train/iou_class_2,0.4518897235393524
1691,3239,train/iou_class_2,0.44176575541496277
1692,3311,train/iou_class_2,0.4420270025730133
1693,3383,train/iou_class_2,0.4335617423057556
1694,3455,train/iou_class_2,0.4424395263195038
1695,3527,train/iou_class_2,0.4423414170742035
1696,3599,train/iou_class_2,0.4437946379184723
1697,3671,train/iou_class_2,0.4557459354400635
1698,3743,train/iou_class_2,0.4587818384170532
1699,3815,train/iou_class_2,0.46192467212677
1700,3887,train/iou_class_2,0.45030996203422546
1701,3959,train/iou_class_2,0.4619036316871643
1702,4031,train/iou_class_2,0.46221980452537537
1703,4103,train/iou_class_2,0.4643830955028534
1704,4175,train/iou_class_2,0.46418341994285583
1705,4247,train/iou_class_2,0.45883288979530334
1706,4319,train/iou_class_2,0.4695340394973755
1707,4391,train/iou_class_2,0.4679343104362488
1708,4463,train/iou_class_2,0.4610311686992645
1709,4535,train/iou_class_2,0.4641667604446411
1710,4607,train/iou_class_2,0.4672422707080841
1711,4679,train/iou_class_2,0.46345704793930054
1712,4751,train/iou_class_2,0.4778155982494354
1713,4823,train/iou_class_2,0.4546056389808655
1714,4895,train/iou_class_2,0.48093244433403015
1715,4967,train/iou_class_2,0.4783562421798706
1716,5039,train/iou_class_2,0.4773113429546356
1717,5111,train/iou_class_2,0.48354479670524597
1718,5183,train/iou_class_2,0.4863184690475464
1719,71,train/iou_class_3,0.23893187940120697
1720,143,train/iou_class_3,0.2749461531639099
1721,215,train/iou_class_3,0.2892914414405823
1722,287,train/iou_class_3,0.28405478596687317
1723,359,train/iou_class_3,0.29655778408050537
1724,431,train/iou_class_3,0.2997342050075531
1725,503,train/iou_class_3,0.31393614411354065
1726,575,train/iou_class_3,0.31803959608078003
1727,647,train/iou_class_3,0.3134244978427887
1728,719,train/iou_class_3,0.3261581361293793
1729,791,train/iou_class_3,0.34001076221466064
1730,863,train/iou_class_3,0.33341798186302185
1731,935,train/iou_class_3,0.3393014669418335
1732,1007,train/iou_class_3,0.34317734837532043
1733,1079,train/iou_class_3,0.34373676776885986
1734,1151,train/iou_class_3,0.34197282791137695
1735,1223,train/iou_class_3,0.35269033908843994
1736,1295,train/iou_class_3,0.36648043990135193
1737,1367,train/iou_class_3,0.3683844804763794
1738,1439,train/iou_class_3,0.35977259278297424
1739,1511,train/iou_class_3,0.36132556200027466
1740,1583,train/iou_class_3,0.3620624840259552
1741,1655,train/iou_class_3,0.386625200510025
1742,1727,train/iou_class_3,0.37532684206962585
1743,1799,train/iou_class_3,0.3789035379886627
1744,1871,train/iou_class_3,0.3738187849521637
1745,1943,train/iou_class_3,0.38079866766929626
1746,2015,train/iou_class_3,0.37874358892440796
1747,2087,train/iou_class_3,0.38409242033958435
1748,2159,train/iou_class_3,0.37331530451774597
1749,2231,train/iou_class_3,0.39384034276008606
1750,2303,train/iou_class_3,0.3915781080722809
1751,2375,train/iou_class_3,0.40468358993530273
1752,2447,train/iou_class_3,0.3958896994590759
1753,2519,train/iou_class_3,0.3936482071876526
1754,2591,train/iou_class_3,0.39948052167892456
1755,2663,train/iou_class_3,0.4053252041339874
1756,2735,train/iou_class_3,0.38784682750701904
1757,2807,train/iou_class_3,0.4028772711753845
1758,2879,train/iou_class_3,0.41441717743873596
1759,2951,train/iou_class_3,0.4022083878517151
1760,3023,train/iou_class_3,0.4093487858772278
1761,3095,train/iou_class_3,0.40728724002838135
1762,3167,train/iou_class_3,0.4107179641723633
1763,3239,train/iou_class_3,0.4137687087059021
1764,3311,train/iou_class_3,0.4170757234096527
1765,3383,train/iou_class_3,0.4149796664714813
1766,3455,train/iou_class_3,0.4269641935825348
1767,3527,train/iou_class_3,0.42608344554901123
1768,3599,train/iou_class_3,0.4198998808860779
1769,3671,train/iou_class_3,0.4315332770347595
1770,3743,train/iou_class_3,0.43277862668037415
1771,3815,train/iou_class_3,0.4438071846961975
1772,3887,train/iou_class_3,0.4389896094799042
1773,3959,train/iou_class_3,0.4312063455581665
1774,4031,train/iou_class_3,0.4377835988998413
1775,4103,train/iou_class_3,0.4443361461162567
1776,4175,train/iou_class_3,0.4426674544811249
1777,4247,train/iou_class_3,0.42776235938072205
1778,4319,train/iou_class_3,0.44890984892845154
1779,4391,train/iou_class_3,0.4387098252773285
1780,4463,train/iou_class_3,0.440954327583313
1781,4535,train/iou_class_3,0.45917418599128723
1782,4607,train/iou_class_3,0.43830767273902893
1783,4679,train/iou_class_3,0.44547533988952637
1784,4751,train/iou_class_3,0.45467665791511536
1785,4823,train/iou_class_3,0.44075626134872437
1786,4895,train/iou_class_3,0.46183761954307556
1787,4967,train/iou_class_3,0.4474453032016754
1788,5039,train/iou_class_3,0.45522600412368774
1789,5111,train/iou_class_3,0.45900532603263855
1790,5183,train/iou_class_3,0.46689674258232117
1791,71,train/iou_class_4,0.023964373394846916
1792,143,train/iou_class_4,0.08381585031747818
1793,215,train/iou_class_4,0.1658594161272049
1794,287,train/iou_class_4,0.20322845876216888
1795,359,train/iou_class_4,0.20575734972953796
1796,431,train/iou_class_4,0.26044923067092896
1797,503,train/iou_class_4,0.257793664932251
1798,575,train/iou_class_4,0.25359487533569336
1799,647,train/iou_class_4,0.28526684641838074
1800,719,train/iou_class_4,0.2871652841567993
1801,791,train/iou_class_4,0.29953691363334656
1802,863,train/iou_class_4,0.30560579895973206
1803,935,train/iou_class_4,0.31683382391929626
1804,1007,train/iou_class_4,0.32094427943229675
1805,1079,train/iou_class_4,0.3404213488101959
1806,1151,train/iou_class_4,0.3505939543247223
1807,1223,train/iou_class_4,0.34547796845436096
1808,1295,train/iou_class_4,0.3626561462879181
1809,1367,train/iou_class_4,0.3666394054889679
1810,1439,train/iou_class_4,0.3837607800960541
1811,1511,train/iou_class_4,0.3670022189617157
1812,1583,train/iou_class_4,0.3949190080165863
1813,1655,train/iou_class_4,0.3955727219581604
1814,1727,train/iou_class_4,0.3860078752040863
1815,1799,train/iou_class_4,0.4029143452644348
1816,1871,train/iou_class_4,0.4056445360183716
1817,1943,train/iou_class_4,0.40598344802856445
1818,2015,train/iou_class_4,0.4146038889884949
1819,2087,train/iou_class_4,0.41348037123680115
1820,2159,train/iou_class_4,0.4029998481273651
1821,2231,train/iou_class_4,0.41247478127479553
1822,2303,train/iou_class_4,0.43001702427864075
1823,2375,train/iou_class_4,0.42212867736816406
1824,2447,train/iou_class_4,0.4253460764884949
1825,2519,train/iou_class_4,0.43758025765419006
1826,2591,train/iou_class_4,0.4226546585559845
1827,2663,train/iou_class_4,0.4412541091442108
1828,2735,train/iou_class_4,0.44179120659828186
1829,2807,train/iou_class_4,0.4440736770629883
1830,2879,train/iou_class_4,0.429921954870224
1831,2951,train/iou_class_4,0.4405140280723572
1832,3023,train/iou_class_4,0.4421951174736023
1833,3095,train/iou_class_4,0.44202670454978943
1834,3167,train/iou_class_4,0.4444427788257599
1835,3239,train/iou_class_4,0.444328248500824
1836,3311,train/iou_class_4,0.4511072039604187
1837,3383,train/iou_class_4,0.4707147479057312
1838,3455,train/iou_class_4,0.4734615683555603
1839,3527,train/iou_class_4,0.46969980001449585
1840,3599,train/iou_class_4,0.466392457485199
1841,3671,train/iou_class_4,0.47002923488616943
1842,3743,train/iou_class_4,0.4842585027217865
1843,3815,train/iou_class_4,0.47613078355789185
1844,3887,train/iou_class_4,0.47103583812713623
1845,3959,train/iou_class_4,0.4830246865749359
1846,4031,train/iou_class_4,0.4883177578449249
1847,4103,train/iou_class_4,0.4697818458080292
1848,4175,train/iou_class_4,0.4769741892814636
1849,4247,train/iou_class_4,0.4798460006713867
1850,4319,train/iou_class_4,0.48485028743743896
1851,4391,train/iou_class_4,0.47644975781440735
1852,4463,train/iou_class_4,0.49006402492523193
1853,4535,train/iou_class_4,0.4887891411781311
1854,4607,train/iou_class_4,0.4865783751010895
1855,4679,train/iou_class_4,0.496665894985199
1856,4751,train/iou_class_4,0.4894363284111023
1857,4823,train/iou_class_4,0.48269468545913696
1858,4895,train/iou_class_4,0.48982322216033936
1859,4967,train/iou_class_4,0.5025392770767212
1860,5039,train/iou_class_4,0.49327352643013
1861,5111,train/iou_class_4,0.49896475672721863
1862,5183,train/iou_class_4,0.49813714623451233
1863,71,train/iou_class_5,0.42102500796318054
1864,143,train/iou_class_5,0.47814953327178955
1865,215,train/iou_class_5,0.4737728536128998
1866,287,train/iou_class_5,0.5064012408256531
1867,359,train/iou_class_5,0.5210287570953369
1868,431,train/iou_class_5,0.5369095206260681
1869,503,train/iou_class_5,0.5311995148658752
1870,575,train/iou_class_5,0.5122162103652954
1871,647,train/iou_class_5,0.5442158579826355
1872,719,train/iou_class_5,0.5243195295333862
1873,791,train/iou_class_5,0.5519194006919861
1874,863,train/iou_class_5,0.5381093621253967
1875,935,train/iou_class_5,0.5522906184196472
1876,1007,train/iou_class_5,0.5554094314575195
1877,1079,train/iou_class_5,0.5572509169578552
1878,1151,train/iou_class_5,0.5540034770965576
1879,1223,train/iou_class_5,0.5628151893615723
1880,1295,train/iou_class_5,0.5603434443473816
1881,1367,train/iou_class_5,0.5564842820167542
1882,1439,train/iou_class_5,0.5649942755699158
1883,1511,train/iou_class_5,0.568049430847168
1884,1583,train/iou_class_5,0.5678744912147522
1885,1655,train/iou_class_5,0.577384889125824
1886,1727,train/iou_class_5,0.5829135775566101
1887,1799,train/iou_class_5,0.5889707207679749
1888,1871,train/iou_class_5,0.5980538129806519
1889,1943,train/iou_class_5,0.5779789090156555
1890,2015,train/iou_class_5,0.5742965340614319
1891,2087,train/iou_class_5,0.5920742154121399
1892,2159,train/iou_class_5,0.5854977369308472
1893,2231,train/iou_class_5,0.5883855223655701
1894,2303,train/iou_class_5,0.5954915881156921
1895,2375,train/iou_class_5,0.5812743902206421
1896,2447,train/iou_class_5,0.5923558473587036
1897,2519,train/iou_class_5,0.5962865948677063
1898,2591,train/iou_class_5,0.5936028361320496
1899,2663,train/iou_class_5,0.5963337421417236
1900,2735,train/iou_class_5,0.6124112010002136
1901,2807,train/iou_class_5,0.6051058173179626
1902,2879,train/iou_class_5,0.6017190217971802
1903,2951,train/iou_class_5,0.5991878509521484
1904,3023,train/iou_class_5,0.6145405173301697
1905,3095,train/iou_class_5,0.6079810857772827
1906,3167,train/iou_class_5,0.6019021272659302
1907,3239,train/iou_class_5,0.6095824837684631
1908,3311,train/iou_class_5,0.6107391715049744
1909,3383,train/iou_class_5,0.613542377948761
1910,3455,train/iou_class_5,0.6090855002403259
1911,3527,train/iou_class_5,0.6102656126022339
1912,3599,train/iou_class_5,0.6101678013801575
1913,3671,train/iou_class_5,0.6241875886917114
1914,3743,train/iou_class_5,0.6128304600715637
1915,3815,train/iou_class_5,0.6302797198295593
1916,3887,train/iou_class_5,0.6324449181556702
1917,3959,train/iou_class_5,0.6257392764091492
1918,4031,train/iou_class_5,0.6252032518386841
1919,4103,train/iou_class_5,0.6307973861694336
1920,4175,train/iou_class_5,0.6304311752319336
1921,4247,train/iou_class_5,0.6317716240882874
1922,4319,train/iou_class_5,0.623813271522522
1923,4391,train/iou_class_5,0.6319876313209534
1924,4463,train/iou_class_5,0.6347854733467102
1925,4535,train/iou_class_5,0.6280263662338257
1926,4607,train/iou_class_5,0.6289945840835571
1927,4679,train/iou_class_5,0.6239287257194519
1928,4751,train/iou_class_5,0.636600136756897
1929,4823,train/iou_class_5,0.6285379528999329
1930,4895,train/iou_class_5,0.6297022104263306
1931,4967,train/iou_class_5,0.6373752951622009
1932,5039,train/iou_class_5,0.636259138584137
1933,5111,train/iou_class_5,0.6482234001159668
1934,5183,train/iou_class_5,0.6457745432853699
1935,71,train/iou_class_6,0.0012723184190690517
1936,143,train/iou_class_6,0.002914211479946971
1937,215,train/iou_class_6,0.06160145252943039
1938,287,train/iou_class_6,0.1316785365343094
1939,359,train/iou_class_6,0.1647380143404007
1940,431,train/iou_class_6,0.14507678151130676
1941,503,train/iou_class_6,0.13985490798950195
1942,575,train/iou_class_6,0.1806202083826065
1943,647,train/iou_class_6,0.12340047210454941
1944,719,train/iou_class_6,0.16529178619384766
1945,791,train/iou_class_6,0.22278590500354767
1946,863,train/iou_class_6,0.11364994198083878
1947,935,train/iou_class_6,0.16206970810890198
1948,1007,train/iou_class_6,0.1563979834318161
1949,1079,train/iou_class_6,0.19893351197242737
1950,1151,train/iou_class_6,0.24514394998550415
1951,1223,train/iou_class_6,0.23353277146816254
1952,1295,train/iou_class_6,0.22867606580257416
1953,1367,train/iou_class_6,0.261457234621048
1954,1439,train/iou_class_6,0.24462787806987762
1955,1511,train/iou_class_6,0.2447255402803421
1956,1583,train/iou_class_6,0.249335378408432
1957,1655,train/iou_class_6,0.2850971817970276
1958,1727,train/iou_class_6,0.30419790744781494
1959,1799,train/iou_class_6,0.3020457923412323
1960,1871,train/iou_class_6,0.26085391640663147
1961,1943,train/iou_class_6,0.290352463722229
1962,2015,train/iou_class_6,0.3322191536426544
1963,2087,train/iou_class_6,0.3209848701953888
1964,2159,train/iou_class_6,0.28960323333740234
1965,2231,train/iou_class_6,0.3093112111091614
1966,2303,train/iou_class_6,0.3316960036754608
1967,2375,train/iou_class_6,0.33866435289382935
1968,2447,train/iou_class_6,0.34367117285728455
1969,2519,train/iou_class_6,0.3323793113231659
1970,2591,train/iou_class_6,0.35402408242225647
1971,2663,train/iou_class_6,0.3499295115470886
1972,2735,train/iou_class_6,0.39494818449020386
1973,2807,train/iou_class_6,0.3686647415161133
1974,2879,train/iou_class_6,0.35828906297683716
1975,2951,train/iou_class_6,0.3281104862689972
1976,3023,train/iou_class_6,0.35843947529792786
1977,3095,train/iou_class_6,0.37417811155319214
1978,3167,train/iou_class_6,0.3851574659347534
1979,3239,train/iou_class_6,0.4454287886619568
1980,3311,train/iou_class_6,0.40561050176620483
1981,3383,train/iou_class_6,0.4099004566669464
1982,3455,train/iou_class_6,0.36379480361938477
1983,3527,train/iou_class_6,0.4174547791481018
1984,3599,train/iou_class_6,0.43507856130599976
1985,3671,train/iou_class_6,0.46486732363700867
1986,3743,train/iou_class_6,0.4709581732749939
1987,3815,train/iou_class_6,0.45225027203559875
1988,3887,train/iou_class_6,0.4497005045413971
1989,3959,train/iou_class_6,0.4297785460948944
1990,4031,train/iou_class_6,0.45599639415740967
1991,4103,train/iou_class_6,0.4666261076927185
1992,4175,train/iou_class_6,0.4935804307460785
1993,4247,train/iou_class_6,0.47923675179481506
1994,4319,train/iou_class_6,0.4387093782424927
1995,4391,train/iou_class_6,0.4880671203136444
1996,4463,train/iou_class_6,0.43892163038253784
1997,4535,train/iou_class_6,0.4746597707271576
1998,4607,train/iou_class_6,0.5442048907279968
1999,4679,train/iou_class_6,0.498568058013916
2000,4751,train/iou_class_6,0.5474490523338318
2001,4823,train/iou_class_6,0.5147721767425537
2002,4895,train/iou_class_6,0.4784596562385559
2003,4967,train/iou_class_6,0.5224027633666992
2004,5039,train/iou_class_6,0.5500398278236389
2005,5111,train/iou_class_6,0.5269999504089355
2006,5183,train/iou_class_6,0.5386991500854492
2007,71,train/iou_class_7,0.13833929598331451
2008,143,train/iou_class_7,0.24970956146717072
2009,215,train/iou_class_7,0.287992924451828
2010,287,train/iou_class_7,0.32075420022010803
2011,359,train/iou_class_7,0.3414578139781952
2012,431,train/iou_class_7,0.31672146916389465
2013,503,train/iou_class_7,0.3838265836238861
2014,575,train/iou_class_7,0.37734726071357727
2015,647,train/iou_class_7,0.3999525010585785
2016,719,train/iou_class_7,0.3938216269016266
2017,791,train/iou_class_7,0.4524931311607361
2018,863,train/iou_class_7,0.4437989890575409
2019,935,train/iou_class_7,0.44580233097076416
2020,1007,train/iou_class_7,0.4761482775211334
2021,1079,train/iou_class_7,0.4505248963832855
2022,1151,train/iou_class_7,0.4442223310470581
2023,1223,train/iou_class_7,0.45346879959106445
2024,1295,train/iou_class_7,0.454224169254303
2025,1367,train/iou_class_7,0.44316980242729187
2026,1439,train/iou_class_7,0.4584524631500244
2027,1511,train/iou_class_7,0.44432783126831055
2028,1583,train/iou_class_7,0.47982627153396606
2029,1655,train/iou_class_7,0.5002828240394592
2030,1727,train/iou_class_7,0.49166053533554077
2031,1799,train/iou_class_7,0.487758994102478
2032,1871,train/iou_class_7,0.49514299631118774
2033,1943,train/iou_class_7,0.4877168536186218
2034,2015,train/iou_class_7,0.4727447032928467
2035,2087,train/iou_class_7,0.5328544974327087
2036,2159,train/iou_class_7,0.497888445854187
2037,2231,train/iou_class_7,0.5356991291046143
2038,2303,train/iou_class_7,0.530285656452179
2039,2375,train/iou_class_7,0.5382157564163208
2040,2447,train/iou_class_7,0.4877967834472656
2041,2519,train/iou_class_7,0.5277540683746338
2042,2591,train/iou_class_7,0.5699025392532349
2043,2663,train/iou_class_7,0.5535072684288025
2044,2735,train/iou_class_7,0.5576237440109253
2045,2807,train/iou_class_7,0.5580162405967712
2046,2879,train/iou_class_7,0.5568788051605225
2047,2951,train/iou_class_7,0.5728424191474915
2048,3023,train/iou_class_7,0.5465420484542847
2049,3095,train/iou_class_7,0.57862788438797
2050,3167,train/iou_class_7,0.5915244817733765
2051,3239,train/iou_class_7,0.585392951965332
2052,3311,train/iou_class_7,0.6327720284461975
2053,3383,train/iou_class_7,0.5554328560829163
2054,3455,train/iou_class_7,0.5919093489646912
2055,3527,train/iou_class_7,0.6289772987365723
2056,3599,train/iou_class_7,0.5844182372093201
2057,3671,train/iou_class_7,0.5884496569633484
2058,3743,train/iou_class_7,0.6135147213935852
2059,3815,train/iou_class_7,0.6058405041694641
2060,3887,train/iou_class_7,0.6070034503936768
2061,3959,train/iou_class_7,0.6358924508094788
2062,4031,train/iou_class_7,0.6131196618080139
2063,4103,train/iou_class_7,0.6478124260902405
2064,4175,train/iou_class_7,0.6441166996955872
2065,4247,train/iou_class_7,0.6069328784942627
2066,4319,train/iou_class_7,0.6150634288787842
2067,4391,train/iou_class_7,0.6378357410430908
2068,4463,train/iou_class_7,0.6464434266090393
2069,4535,train/iou_class_7,0.6401301622390747
2070,4607,train/iou_class_7,0.6583655476570129
2071,4679,train/iou_class_7,0.6279182434082031
2072,4751,train/iou_class_7,0.6686896681785583
2073,4823,train/iou_class_7,0.6104326844215393
2074,4895,train/iou_class_7,0.6542279124259949
2075,4967,train/iou_class_7,0.6434506177902222
2076,5039,train/iou_class_7,0.6502623558044434
2077,5111,train/iou_class_7,0.6349315047264099
2078,5183,train/iou_class_7,0.6612083911895752
2079,71,train/iou_class_8,0.4017438292503357
2080,143,train/iou_class_8,0.453335702419281
2081,215,train/iou_class_8,0.48594823479652405
2082,287,train/iou_class_8,0.5149697065353394
2083,359,train/iou_class_8,0.5336344838142395
2084,431,train/iou_class_8,0.5559999346733093
2085,503,train/iou_class_8,0.5591782331466675
2086,575,train/iou_class_8,0.5555517673492432
2087,647,train/iou_class_8,0.569752037525177
2088,719,train/iou_class_8,0.5854697823524475
2089,791,train/iou_class_8,0.5907986164093018
2090,863,train/iou_class_8,0.5737614035606384
2091,935,train/iou_class_8,0.6061856150627136
2092,1007,train/iou_class_8,0.605629563331604
2093,1079,train/iou_class_8,0.6137795448303223
2094,1151,train/iou_class_8,0.6011000871658325
2095,1223,train/iou_class_8,0.6164452433586121
2096,1295,train/iou_class_8,0.6226786375045776
2097,1367,train/iou_class_8,0.6142757534980774
2098,1439,train/iou_class_8,0.6271735429763794
2099,1511,train/iou_class_8,0.6200467348098755
2100,1583,train/iou_class_8,0.6310896277427673
2101,1655,train/iou_class_8,0.6370103359222412
2102,1727,train/iou_class_8,0.6416533589363098
2103,1799,train/iou_class_8,0.6519408226013184
2104,1871,train/iou_class_8,0.6401556134223938
2105,1943,train/iou_class_8,0.6337142586708069
2106,2015,train/iou_class_8,0.6506742238998413
2107,2087,train/iou_class_8,0.6573800444602966
2108,2159,train/iou_class_8,0.6403096914291382
2109,2231,train/iou_class_8,0.6565514802932739
2110,2303,train/iou_class_8,0.656559407711029
2111,2375,train/iou_class_8,0.6646162271499634
2112,2447,train/iou_class_8,0.6693400144577026
2113,2519,train/iou_class_8,0.6579155325889587
2114,2591,train/iou_class_8,0.6719803810119629
2115,2663,train/iou_class_8,0.6639162302017212
2116,2735,train/iou_class_8,0.6697094440460205
2117,2807,train/iou_class_8,0.6813321113586426
2118,2879,train/iou_class_8,0.6787101626396179
2119,2951,train/iou_class_8,0.6809557676315308
2120,3023,train/iou_class_8,0.6803536415100098
2121,3095,train/iou_class_8,0.6785939931869507
2122,3167,train/iou_class_8,0.6779829263687134
2123,3239,train/iou_class_8,0.679359495639801
2124,3311,train/iou_class_8,0.6817941665649414
2125,3383,train/iou_class_8,0.6890226006507874
2126,3455,train/iou_class_8,0.6806698441505432
2127,3527,train/iou_class_8,0.6977652311325073
2128,3599,train/iou_class_8,0.6877596378326416
2129,3671,train/iou_class_8,0.6945883631706238
2130,3743,train/iou_class_8,0.6945526003837585
2131,3815,train/iou_class_8,0.7040722370147705
2132,3887,train/iou_class_8,0.7002211809158325
2133,3959,train/iou_class_8,0.7056599855422974
2134,4031,train/iou_class_8,0.7046319842338562
2135,4103,train/iou_class_8,0.7112607359886169
2136,4175,train/iou_class_8,0.7085421085357666
2137,4247,train/iou_class_8,0.6985976696014404
2138,4319,train/iou_class_8,0.6995117664337158
2139,4391,train/iou_class_8,0.7054245471954346
2140,4463,train/iou_class_8,0.7022721767425537
2141,4535,train/iou_class_8,0.7188356518745422
2142,4607,train/iou_class_8,0.715938150882721
2143,4679,train/iou_class_8,0.7087085843086243
2144,4751,train/iou_class_8,0.7010965943336487
2145,4823,train/iou_class_8,0.7066726684570312
2146,4895,train/iou_class_8,0.715755045413971
2147,4967,train/iou_class_8,0.7152355909347534
2148,5039,train/iou_class_8,0.7152965068817139
2149,5111,train/iou_class_8,0.7205985188484192
2150,5183,train/iou_class_8,0.728158712387085
2151,71,train_mIoU,0.16145239770412445
2152,143,train_mIoU,0.20055311918258667
2153,215,train_mIoU,0.22671081125736237
2154,287,train_mIoU,0.25635069608688354
2155,359,train_mIoU,0.26679083704948425
2156,431,train_mIoU,0.29176995158195496
2157,503,train_mIoU,0.29941582679748535
2158,575,train_mIoU,0.2985069453716278
2159,647,train_mIoU,0.3117724657058716
2160,719,train_mIoU,0.3096157908439636
2161,791,train_mIoU,0.33652859926223755
2162,863,train_mIoU,0.31800031661987305
2163,935,train_mIoU,0.33209434151649475
2164,1007,train_mIoU,0.3332330286502838
2165,1079,train_mIoU,0.3428301513195038
2166,1151,train_mIoU,0.3421226441860199
2167,1223,train_mIoU,0.3485621511936188
2168,1295,train_mIoU,0.354462593793869
2169,1367,train_mIoU,0.3631579279899597
2170,1439,train_mIoU,0.3561621904373169
2171,1511,train_mIoU,0.3597785234451294
2172,1583,train_mIoU,0.3728185296058655
2173,1655,train_mIoU,0.381136417388916
2174,1727,train_mIoU,0.3918421268463135
2175,1799,train_mIoU,0.3888300955295563
2176,1871,train_mIoU,0.38595739006996155
2177,1943,train_mIoU,0.38568738102912903
2178,2015,train_mIoU,0.3912328779697418
2179,2087,train_mIoU,0.3999773859977722
2180,2159,train_mIoU,0.384823739528656
2181,2231,train_mIoU,0.4064287543296814
2182,2303,train_mIoU,0.3967026174068451
2183,2375,train_mIoU,0.40414199233055115
2184,2447,train_mIoU,0.416731595993042
2185,2519,train_mIoU,0.4150722026824951
2186,2591,train_mIoU,0.41343948245048523
2187,2663,train_mIoU,0.4221707582473755
2188,2735,train_mIoU,0.42423370480537415
2189,2807,train_mIoU,0.42851367592811584
2190,2879,train_mIoU,0.41311362385749817
2191,2951,train_mIoU,0.4237228035926819
2192,3023,train_mIoU,0.4176133871078491
2193,3095,train_mIoU,0.4417133927345276
2194,3167,train_mIoU,0.4383890926837921
2195,3239,train_mIoU,0.4380282163619995
2196,3311,train_mIoU,0.4450536370277405
2197,3383,train_mIoU,0.4412888288497925
2198,3455,train_mIoU,0.44705408811569214
2199,3527,train_mIoU,0.44921281933784485
2200,3599,train_mIoU,0.44435641169548035
2201,3671,train_mIoU,0.4604921042919159
2202,3743,train_mIoU,0.46540603041648865
2203,3815,train_mIoU,0.47103351354599
2204,3887,train_mIoU,0.46217435598373413
2205,3959,train_mIoU,0.4587809443473816
2206,4031,train_mIoU,0.47070449590682983
2207,4103,train_mIoU,0.4670211374759674
2208,4175,train_mIoU,0.4771750271320343
2209,4247,train_mIoU,0.4597623944282532
2210,4319,train_mIoU,0.4771912395954132
2211,4391,train_mIoU,0.4842063784599304
2212,4463,train_mIoU,0.47538694739341736
2213,4535,train_mIoU,0.4816494286060333
2214,4607,train_mIoU,0.4971105456352234
2215,4679,train_mIoU,0.4778333008289337
2216,4751,train_mIoU,0.4883582592010498
2217,4823,train_mIoU,0.4824705421924591
2218,4895,train_mIoU,0.4930312931537628
2219,4967,train_mIoU,0.4885059893131256
2220,5039,train_mIoU,0.4905906319618225
2221,5111,train_mIoU,0.48740729689598083
2222,5183,train_mIoU,0.49721553921699524
2223,71,train_pixel_accuracy,0.4264109432697296
2224,143,train_pixel_accuracy,0.4804888367652893
2225,215,train_pixel_accuracy,0.5032188296318054
2226,287,train_pixel_accuracy,0.5238264799118042
2227,359,train_pixel_accuracy,0.5363381505012512
2228,431,train_pixel_accuracy,0.5529192090034485
2229,503,train_pixel_accuracy,0.5622137784957886
2230,575,train_pixel_accuracy,0.5610841512680054
2231,647,train_pixel_accuracy,0.5703471899032593
2232,719,train_pixel_accuracy,0.5756038427352905
2233,791,train_pixel_accuracy,0.5957096219062805
2234,863,train_pixel_accuracy,0.5835223197937012
2235,935,train_pixel_accuracy,0.596441388130188
2236,1007,train_pixel_accuracy,0.6022623181343079
2237,1079,train_pixel_accuracy,0.6053595542907715
2238,1151,train_pixel_accuracy,0.6006014943122864
2239,1223,train_pixel_accuracy,0.614047646522522
2240,1295,train_pixel_accuracy,0.6183313727378845
2241,1367,train_pixel_accuracy,0.6166665554046631
2242,1439,train_pixel_accuracy,0.6214990615844727
2243,1511,train_pixel_accuracy,0.6194792985916138
2244,1583,train_pixel_accuracy,0.6300575733184814
2245,1655,train_pixel_accuracy,0.6431781649589539
2246,1727,train_pixel_accuracy,0.6378405094146729
2247,1799,train_pixel_accuracy,0.6448364853858948
2248,1871,train_pixel_accuracy,0.6423422694206238
2249,1943,train_pixel_accuracy,0.6405425071716309
2250,2015,train_pixel_accuracy,0.6426657438278198
2251,2087,train_pixel_accuracy,0.6538780331611633
2252,2159,train_pixel_accuracy,0.6422731280326843
2253,2231,train_pixel_accuracy,0.6548752188682556
2254,2303,train_pixel_accuracy,0.6560003757476807
2255,2375,train_pixel_accuracy,0.6608637571334839
2256,2447,train_pixel_accuracy,0.6586475372314453
2257,2519,train_pixel_accuracy,0.6621930003166199
2258,2591,train_pixel_accuracy,0.6675650477409363
2259,2663,train_pixel_accuracy,0.6681218147277832
2260,2735,train_pixel_accuracy,0.6699780225753784
2261,2807,train_pixel_accuracy,0.6768289804458618
2262,2879,train_pixel_accuracy,0.6753671169281006
2263,2951,train_pixel_accuracy,0.6761375665664673
2264,3023,train_pixel_accuracy,0.6739925742149353
2265,3095,train_pixel_accuracy,0.679445743560791
2266,3167,train_pixel_accuracy,0.6831095218658447
2267,3239,train_pixel_accuracy,0.6857969164848328
2268,3311,train_pixel_accuracy,0.6907784342765808
2269,3383,train_pixel_accuracy,0.6822714805603027
2270,3455,train_pixel_accuracy,0.6891641616821289
2271,3527,train_pixel_accuracy,0.6947885751724243
2272,3599,train_pixel_accuracy,0.6883853673934937
2273,3671,train_pixel_accuracy,0.6989126205444336
2274,3743,train_pixel_accuracy,0.7003248333930969
2275,3815,train_pixel_accuracy,0.7060023546218872
2276,3887,train_pixel_accuracy,0.7016845941543579
2277,3959,train_pixel_accuracy,0.7059084177017212
2278,4031,train_pixel_accuracy,0.7042833566665649
2279,4103,train_pixel_accuracy,0.7108989357948303
2280,4175,train_pixel_accuracy,0.7112311720848083
2281,4247,train_pixel_accuracy,0.7023425698280334
2282,4319,train_pixel_accuracy,0.7086524963378906
2283,4391,train_pixel_accuracy,0.7125607132911682
2284,4463,train_pixel_accuracy,0.7113812565803528
2285,4535,train_pixel_accuracy,0.7182103395462036
2286,4607,train_pixel_accuracy,0.716464638710022
2287,4679,train_pixel_accuracy,0.714116632938385
2288,4751,train_pixel_accuracy,0.7207056879997253
2289,4823,train_pixel_accuracy,0.7096501588821411
2290,4895,train_pixel_accuracy,0.721305251121521
2291,4967,train_pixel_accuracy,0.7181906700134277
2292,5039,train_pixel_accuracy,0.7207964062690735
2293,5111,train_pixel_accuracy,0.7242490649223328
2294,5183,train_pixel_accuracy,0.7297567129135132
2295,71,train_macro_precision,0.2557452917098999
2296,143,train_macro_precision,0.31432485580444336
2297,215,train_macro_precision,0.3684335947036743
2298,287,train_macro_precision,0.3999754786491394
2299,359,train_macro_precision,0.42125120759010315
2300,431,train_macro_precision,0.4411393702030182
2301,503,train_macro_precision,0.4536055028438568
2302,575,train_macro_precision,0.45975708961486816
2303,647,train_macro_precision,0.4639264941215515
2304,719,train_macro_precision,0.4662784934043884
2305,791,train_macro_precision,0.49222996830940247
2306,863,train_macro_precision,0.4614771902561188
2307,935,train_macro_precision,0.48824822902679443
2308,1007,train_macro_precision,0.4949328303337097
2309,1079,train_macro_precision,0.5026675462722778
2310,1151,train_macro_precision,0.49905142188072205
2311,1223,train_macro_precision,0.5047661066055298
2312,1295,train_macro_precision,0.5152503848075867
2313,1367,train_macro_precision,0.5214831233024597
2314,1439,train_macro_precision,0.513831615447998
2315,1511,train_macro_precision,0.5166884660720825
2316,1583,train_macro_precision,0.5322701334953308
2317,1655,train_macro_precision,0.5418499708175659
2318,1727,train_macro_precision,0.5493205189704895
2319,1799,train_macro_precision,0.5541235208511353
2320,1871,train_macro_precision,0.5411587357521057
2321,1943,train_macro_precision,0.5432257652282715
2322,2015,train_macro_precision,0.5535903573036194
2323,2087,train_macro_precision,0.5519627928733826
2324,2159,train_macro_precision,0.5403242707252502
2325,2231,train_macro_precision,0.5639338493347168
2326,2303,train_macro_precision,0.551942765712738
2327,2375,train_macro_precision,0.5629492402076721
2328,2447,train_macro_precision,0.5756590962409973
2329,2519,train_macro_precision,0.569227397441864
2330,2591,train_macro_precision,0.5672069787979126
2331,2663,train_macro_precision,0.573379635810852
2332,2735,train_macro_precision,0.5799420475959778
2333,2807,train_macro_precision,0.5769709944725037
2334,2879,train_macro_precision,0.5605427622795105
2335,2951,train_macro_precision,0.5732978582382202
2336,3023,train_macro_precision,0.570056140422821
2337,3095,train_macro_precision,0.5936123728752136
2338,3167,train_macro_precision,0.5877029299736023
2339,3239,train_macro_precision,0.5885489583015442
2340,3311,train_macro_precision,0.5940325856208801
2341,3383,train_macro_precision,0.5933255553245544
2342,3455,train_macro_precision,0.6091147065162659
2343,3527,train_macro_precision,0.6040244102478027
2344,3599,train_macro_precision,0.5880461931228638
2345,3671,train_macro_precision,0.6127213835716248
2346,3743,train_macro_precision,0.6125568747520447
2347,3815,train_macro_precision,0.6197457313537598
2348,3887,train_macro_precision,0.6109635233879089
2349,3959,train_macro_precision,0.6115988492965698
2350,4031,train_macro_precision,0.6156176328659058
2351,4103,train_macro_precision,0.6117591261863708
2352,4175,train_macro_precision,0.6237035393714905
2353,4247,train_macro_precision,0.6089133024215698
2354,4319,train_macro_precision,0.6241472959518433
2355,4391,train_macro_precision,0.6304173469543457
2356,4463,train_macro_precision,0.6181556582450867
2357,4535,train_macro_precision,0.6296432614326477
2358,4607,train_macro_precision,0.6402177810668945
2359,4679,train_macro_precision,0.6160662770271301
2360,4751,train_macro_precision,0.6343222260475159
2361,4823,train_macro_precision,0.6258909106254578
2362,4895,train_macro_precision,0.6346858143806458
2363,4967,train_macro_precision,0.6352854371070862
2364,5039,train_macro_precision,0.6305426955223083
2365,5111,train_macro_precision,0.6305830478668213
2366,5183,train_macro_precision,0.6369727253913879
2367,71,train_macro_recall,0.26814934611320496
2368,143,train_macro_recall,0.3108287751674652
2369,215,train_macro_recall,0.34270086884498596
2370,287,train_macro_recall,0.37199169397354126
2371,359,train_macro_recall,0.3880462050437927
2372,431,train_macro_recall,0.4143401086330414
2373,503,train_macro_recall,0.41863563656806946
2374,575,train_macro_recall,0.4186512231826782
2375,647,train_macro_recall,0.4344516694545746
2376,719,train_macro_recall,0.4305959641933441
2377,791,train_macro_recall,0.4574602246284485
2378,863,train_macro_recall,0.4376373887062073
2379,935,train_macro_recall,0.4580141305923462
2380,1007,train_macro_recall,0.4523547291755676
2381,1079,train_macro_recall,0.4665977954864502
2382,1151,train_macro_recall,0.4683714807033539
2383,1223,train_macro_recall,0.4700798988342285
2384,1295,train_macro_recall,0.47845980525016785
2385,1367,train_macro_recall,0.49008655548095703
2386,1439,train_macro_recall,0.48111414909362793
2387,1511,train_macro_recall,0.4835161566734314
2388,1583,train_macro_recall,0.4935758113861084
2389,1655,train_macro_recall,0.5035861134529114
2390,1727,train_macro_recall,0.5172111392021179
2391,1799,train_macro_recall,0.5125271677970886
2392,1871,train_macro_recall,0.5108841061592102
2393,1943,train_macro_recall,0.5127922296524048
2394,2015,train_macro_recall,0.5180268883705139
2395,2087,train_macro_recall,0.524440586566925
2396,2159,train_macro_recall,0.510076642036438
2397,2231,train_macro_recall,0.5309374928474426
2398,2303,train_macro_recall,0.5215650200843811
2399,2375,train_macro_recall,0.5262505412101746
2400,2447,train_macro_recall,0.5414376258850098
2401,2519,train_macro_recall,0.5419915318489075
2402,2591,train_macro_recall,0.5348423719406128
2403,2663,train_macro_recall,0.5463383793830872
2404,2735,train_macro_recall,0.5489186644554138
2405,2807,train_macro_recall,0.5572524666786194
2406,2879,train_macro_recall,0.535218358039856
2407,2951,train_macro_recall,0.5483097434043884
2408,3023,train_macro_recall,0.5374532341957092
2409,3095,train_macro_recall,0.5714637637138367
2410,3167,train_macro_recall,0.563446581363678
2411,3239,train_macro_recall,0.5618498921394348
2412,3311,train_macro_recall,0.5706104040145874
2413,3383,train_macro_recall,0.5638907551765442
2414,3455,train_macro_recall,0.5697499513626099
2415,3527,train_macro_recall,0.5718700289726257
2416,3599,train_macro_recall,0.5674397349357605
2417,3671,train_macro_recall,0.5797449350357056
2418,3743,train_macro_recall,0.5875686407089233
2419,3815,train_macro_recall,0.590120792388916
2420,3887,train_macro_recall,0.5832603573799133
2421,3959,train_macro_recall,0.5748409032821655
2422,4031,train_macro_recall,0.5944774150848389
2423,4103,train_macro_recall,0.5902523398399353
2424,4175,train_macro_recall,0.5995435118675232
2425,4247,train_macro_recall,0.5822814702987671
2426,4319,train_macro_recall,0.6021513938903809
2427,4391,train_macro_recall,0.603330671787262
2428,4463,train_macro_recall,0.5962093472480774
2429,4535,train_macro_recall,0.6017202138900757
2430,4607,train_macro_recall,0.6198555827140808
2431,4679,train_macro_recall,0.6054537296295166
2432,4751,train_macro_recall,0.6077718138694763
2433,4823,train_macro_recall,0.6097185015678406
2434,4895,train_macro_recall,0.6165746450424194
2435,4967,train_macro_recall,0.6136785745620728
2436,5039,train_macro_recall,0.6124096512794495
2437,5111,train_macro_recall,0.6074275374412537
2438,5183,train_macro_recall,0.6180908679962158
2439,71,train_macro_f1,0.24116909503936768
2440,143,train_macro_f1,0.2941764295101166
2441,215,train_macro_f1,0.3307085931301117
2442,287,train_macro_f1,0.36572974920272827
2443,359,train_macro_f1,0.3794540464878082
2444,431,train_macro_f1,0.4071870744228363
2445,503,train_macro_f1,0.41229915618896484
2446,575,train_macro_f1,0.4134584069252014
2447,647,train_macro_f1,0.4277821481227875
2448,719,train_macro_f1,0.42552676796913147
2449,791,train_macro_f1,0.45385658740997314
2450,863,train_macro_f1,0.4315471053123474
2451,935,train_macro_f1,0.4505373537540436
2452,1007,train_macro_f1,0.4488743245601654
2453,1079,train_macro_f1,0.46187251806259155
2454,1151,train_macro_f1,0.4623693823814392
2455,1223,train_macro_f1,0.46716833114624023
2456,1295,train_macro_f1,0.4730871319770813
2457,1367,train_macro_f1,0.4849490821361542
2458,1439,train_macro_f1,0.47705137729644775
2459,1511,train_macro_f1,0.48059287667274475
2460,1583,train_macro_f1,0.4920084476470947
2461,1655,train_macro_f1,0.5023393630981445
2462,1727,train_macro_f1,0.5147484540939331
2463,1799,train_macro_f1,0.5119181275367737
2464,1871,train_macro_f1,0.5075896382331848
2465,1943,train_macro_f1,0.5096725225448608
2466,2015,train_macro_f1,0.5159228444099426
2467,2087,train_macro_f1,0.5209257006645203
2468,2159,train_macro_f1,0.5069290399551392
2469,2231,train_macro_f1,0.5279449820518494
2470,2303,train_macro_f1,0.5155503153800964
2471,2375,train_macro_f1,0.5262002944946289
2472,2447,train_macro_f1,0.5397577881813049
2473,2519,train_macro_f1,0.539614200592041
2474,2591,train_macro_f1,0.5346672534942627
2475,2663,train_macro_f1,0.5470925569534302
2476,2735,train_macro_f1,0.5461932420730591
2477,2807,train_macro_f1,0.5530275106430054
2478,2879,train_macro_f1,0.534814178943634
2479,2951,train_macro_f1,0.5451271533966064
2480,3023,train_macro_f1,0.5363435745239258
2481,3095,train_macro_f1,0.5662240982055664
2482,3167,train_macro_f1,0.5621988773345947
2483,3239,train_macro_f1,0.5603296160697937
2484,3311,train_macro_f1,0.56769859790802
2485,3383,train_macro_f1,0.5638071894645691
2486,3455,train_macro_f1,0.5698704719543457
2487,3527,train_macro_f1,0.5710878372192383
2488,3599,train_macro_f1,0.5645098686218262
2489,3671,train_macro_f1,0.5807231664657593
2490,3743,train_macro_f1,0.5863358378410339
2491,3815,train_macro_f1,0.5912846326828003
2492,3887,train_macro_f1,0.5832196474075317
2493,3959,train_macro_f1,0.5778439044952393
2494,4031,train_macro_f1,0.5934199690818787
2495,4103,train_macro_f1,0.5867893099784851
2496,4175,train_macro_f1,0.5997176766395569
2497,4247,train_macro_f1,0.5828427672386169
2498,4319,train_macro_f1,0.6008949279785156
2499,4391,train_macro_f1,0.6060908436775208
2500,4463,train_macro_f1,0.5952297449111938
2501,4535,train_macro_f1,0.6040363311767578
2502,4607,train_macro_f1,0.6187441349029541
2503,4679,train_macro_f1,0.5983707904815674
2504,4751,train_macro_f1,0.6087595224380493
2505,4823,train_macro_f1,0.604638934135437
2506,4895,train_macro_f1,0.6152796149253845
2507,4967,train_macro_f1,0.6097555756568909
2508,5039,train_macro_f1,0.6112109422683716
2509,5111,train_macro_f1,0.606643557548523
2510,5183,train_macro_f1,0.6170911192893982
