,step,metric,value
0,0,hp_metric,-1.0
1,49,train_loss_step,1.3420425653457642
2,99,train_loss_step,1.361306071281433
3,149,train_loss_step,1.20751953125
4,199,train_loss_step,1.2460488080978394
5,249,train_loss_step,1.1084284782409668
6,299,train_loss_step,1.175658941268921
7,349,train_loss_step,1.1386305093765259
8,399,train_loss_step,1.04221773147583
9,449,train_loss_step,1.2197203636169434
10,499,train_loss_step,1.1704527139663696
11,549,train_loss_step,1.3216263055801392
12,599,train_loss_step,1.0387516021728516
13,649,train_loss_step,1.0945709943771362
14,699,train_loss_step,1.0804980993270874
15,749,train_loss_step,1.2022589445114136
16,799,train_loss_step,0.9391137361526489
17,849,train_loss_step,1.1463204622268677
18,899,train_loss_step,0.8930671215057373
19,949,train_loss_step,1.1182200908660889
20,999,train_loss_step,0.9819899797439575
21,1049,train_loss_step,0.9605879187583923
22,1099,train_loss_step,0.9032840728759766
23,1149,train_loss_step,0.9088070392608643
24,1199,train_loss_step,1.0001235008239746
25,1249,train_loss_step,0.9229611754417419
26,1299,train_loss_step,0.8922820091247559
27,1349,train_loss_step,0.9985063076019287
28,1399,train_loss_step,0.8690012693405151
29,1449,train_loss_step,1.2121654748916626
30,1499,train_loss_step,0.9292815327644348
31,1549,train_loss_step,0.8402814865112305
32,1599,train_loss_step,0.888881504535675
33,1649,train_loss_step,0.8748653531074524
34,1699,train_loss_step,0.8575876355171204
35,1749,train_loss_step,0.7737756967544556
36,1799,train_loss_step,0.8522684574127197
37,1849,train_loss_step,1.0700533390045166
38,1899,train_loss_step,0.9216135740280151
39,1949,train_loss_step,0.9014707803726196
40,1999,train_loss_step,0.8592475056648254
41,2049,train_loss_step,0.9087631702423096
42,2099,train_loss_step,0.9170049428939819
43,2149,train_loss_step,0.7194643616676331
44,2199,train_loss_step,0.9338056445121765
45,2249,train_loss_step,0.8087307214736938
46,2299,train_loss_step,1.0008114576339722
47,2349,train_loss_step,0.9838635921478271
48,2399,train_loss_step,0.7359135150909424
49,2449,train_loss_step,0.8812601566314697
50,2499,train_loss_step,0.8937427401542664
51,2549,train_loss_step,0.829512894153595
52,2599,train_loss_step,0.9506120681762695
53,2649,train_loss_step,0.8791449069976807
54,2699,train_loss_step,0.7520732283592224
55,2749,train_loss_step,0.8219689130783081
56,2799,train_loss_step,0.8309404253959656
57,2849,train_loss_step,0.7629358172416687
58,2899,train_loss_step,0.7100450396537781
59,2949,train_loss_step,0.7989572286605835
60,2999,train_loss_step,0.817304790019989
61,3049,train_loss_step,0.8583478331565857
62,3099,train_loss_step,0.6931466460227966
63,3149,train_loss_step,0.8477509617805481
64,3199,train_loss_step,0.8172094821929932
65,3249,train_loss_step,0.765083372592926
66,3299,train_loss_step,0.7720007300376892
67,3349,train_loss_step,0.7458325028419495
68,3399,train_loss_step,0.6256058812141418
69,3449,train_loss_step,0.7788159847259521
70,3499,train_loss_step,0.8591467142105103
71,3549,train_loss_step,0.8866457343101501
72,3599,train_loss_step,0.7229183316230774
73,3649,train_loss_step,0.6608084440231323
74,3699,train_loss_step,0.7020103931427002
75,3749,train_loss_step,0.7702005505561829
76,3799,train_loss_step,0.6462436318397522
77,3849,train_loss_step,0.7344947457313538
78,3899,train_loss_step,0.7453764081001282
79,3949,train_loss_step,0.7034867405891418
80,3999,train_loss_step,0.6793482899665833
81,4049,train_loss_step,0.6609112024307251
82,4099,train_loss_step,0.6579264402389526
83,4149,train_loss_step,0.7820960879325867
84,4199,train_loss_step,0.7942422032356262
85,4249,train_loss_step,0.7702354192733765
86,4299,train_loss_step,0.7167688012123108
87,4349,train_loss_step,0.7548734545707703
88,4399,train_loss_step,0.6597416400909424
89,4449,train_loss_step,0.709797203540802
90,4499,train_loss_step,0.7056126594543457
91,4549,train_loss_step,0.7689113616943359
92,4599,train_loss_step,0.7442401051521301
93,4649,train_loss_step,0.6973792910575867
94,4699,train_loss_step,0.7611874341964722
95,4749,train_loss_step,0.6547355651855469
96,4799,train_loss_step,0.587515652179718
97,4849,train_loss_step,0.7257682681083679
98,49,epoch,0.0
99,71,epoch,0.0
100,71,epoch,0.0
101,99,epoch,1.0
102,143,epoch,1.0
103,143,epoch,1.0
104,149,epoch,2.0
105,199,epoch,2.0
106,215,epoch,2.0
107,215,epoch,2.0
108,249,epoch,3.0
109,287,epoch,3.0
110,287,epoch,3.0
111,299,epoch,4.0
112,349,epoch,4.0
113,359,epoch,4.0
114,359,epoch,4.0
115,399,epoch,5.0
116,431,epoch,5.0
117,431,epoch,5.0
118,449,epoch,6.0
119,499,epoch,6.0
120,503,epoch,6.0
121,503,epoch,6.0
122,549,epoch,7.0
123,575,epoch,7.0
124,575,epoch,7.0
125,599,epoch,8.0
126,647,epoch,8.0
127,647,epoch,8.0
128,649,epoch,9.0
129,699,epoch,9.0
130,719,epoch,9.0
131,719,epoch,9.0
132,749,epoch,10.0
133,791,epoch,10.0
134,791,epoch,10.0
135,799,epoch,11.0
136,849,epoch,11.0
137,863,epoch,11.0
138,863,epoch,11.0
139,899,epoch,12.0
140,935,epoch,12.0
141,935,epoch,12.0
142,949,epoch,13.0
143,999,epoch,13.0
144,1007,epoch,13.0
145,1007,epoch,13.0
146,1049,epoch,14.0
147,1079,epoch,14.0
148,1079,epoch,14.0
149,1099,epoch,15.0
150,1149,epoch,15.0
151,1151,epoch,15.0
152,1151,epoch,15.0
153,1199,epoch,16.0
154,1223,epoch,16.0
155,1223,epoch,16.0
156,1249,epoch,17.0
157,1295,epoch,17.0
158,1295,epoch,17.0
159,1299,epoch,18.0
160,1349,epoch,18.0
161,1367,epoch,18.0
162,1367,epoch,18.0
163,1399,epoch,19.0
164,1439,epoch,19.0
165,1439,epoch,19.0
166,1449,epoch,20.0
167,1499,epoch,20.0
168,1511,epoch,20.0
169,1511,epoch,20.0
170,1549,epoch,21.0
171,1583,epoch,21.0
172,1583,epoch,21.0
173,1599,epoch,22.0
174,1649,epoch,22.0
175,1655,epoch,22.0
176,1655,epoch,22.0
177,1699,epoch,23.0
178,1727,epoch,23.0
179,1727,epoch,23.0
180,1749,epoch,24.0
181,1799,epoch,24.0
182,1799,epoch,24.0
183,1799,epoch,24.0
184,1849,epoch,25.0
185,1871,epoch,25.0
186,1871,epoch,25.0
187,1899,epoch,26.0
188,1943,epoch,26.0
189,1943,epoch,26.0
190,1949,epoch,27.0
191,1999,epoch,27.0
192,2015,epoch,27.0
193,2015,epoch,27.0
194,2049,epoch,28.0
195,2087,epoch,28.0
196,2087,epoch,28.0
197,2099,epoch,29.0
198,2149,epoch,29.0
199,2159,epoch,29.0
200,2159,epoch,29.0
201,2199,epoch,30.0
202,2231,epoch,30.0
203,2231,epoch,30.0
204,2249,epoch,31.0
205,2299,epoch,31.0
206,2303,epoch,31.0
207,2303,epoch,31.0
208,2349,epoch,32.0
209,2375,epoch,32.0
210,2375,epoch,32.0
211,2399,epoch,33.0
212,2447,epoch,33.0
213,2447,epoch,33.0
214,2449,epoch,34.0
215,2499,epoch,34.0
216,2519,epoch,34.0
217,2519,epoch,34.0
218,2549,epoch,35.0
219,2591,epoch,35.0
220,2591,epoch,35.0
221,2599,epoch,36.0
222,2649,epoch,36.0
223,2663,epoch,36.0
224,2663,epoch,36.0
225,2699,epoch,37.0
226,2735,epoch,37.0
227,2735,epoch,37.0
228,2749,epoch,38.0
229,2799,epoch,38.0
230,2807,epoch,38.0
231,2807,epoch,38.0
232,2849,epoch,39.0
233,2879,epoch,39.0
234,2879,epoch,39.0
235,2899,epoch,40.0
236,2949,epoch,40.0
237,2951,epoch,40.0
238,2951,epoch,40.0
239,2999,epoch,41.0
240,3023,epoch,41.0
241,3023,epoch,41.0
242,3049,epoch,42.0
243,3095,epoch,42.0
244,3095,epoch,42.0
245,3099,epoch,43.0
246,3149,epoch,43.0
247,3167,epoch,43.0
248,3167,epoch,43.0
249,3199,epoch,44.0
250,3239,epoch,44.0
251,3239,epoch,44.0
252,3249,epoch,45.0
253,3299,epoch,45.0
254,3311,epoch,45.0
255,3311,epoch,45.0
256,3349,epoch,46.0
257,3383,epoch,46.0
258,3383,epoch,46.0
259,3399,epoch,47.0
260,3449,epoch,47.0
261,3455,epoch,47.0
262,3455,epoch,47.0
263,3499,epoch,48.0
264,3527,epoch,48.0
265,3527,epoch,48.0
266,3549,epoch,49.0
267,3599,epoch,49.0
268,3599,epoch,49.0
269,3599,epoch,49.0
270,3649,epoch,50.0
271,3671,epoch,50.0
272,3671,epoch,50.0
273,3699,epoch,51.0
274,3743,epoch,51.0
275,3743,epoch,51.0
276,3749,epoch,52.0
277,3799,epoch,52.0
278,3815,epoch,52.0
279,3815,epoch,52.0
280,3849,epoch,53.0
281,3887,epoch,53.0
282,3887,epoch,53.0
283,3899,epoch,54.0
284,3949,epoch,54.0
285,3959,epoch,54.0
286,3959,epoch,54.0
287,3999,epoch,55.0
288,4031,epoch,55.0
289,4031,epoch,55.0
290,4049,epoch,56.0
291,4099,epoch,56.0
292,4103,epoch,56.0
293,4103,epoch,56.0
294,4149,epoch,57.0
295,4175,epoch,57.0
296,4175,epoch,57.0
297,4199,epoch,58.0
298,4247,epoch,58.0
299,4247,epoch,58.0
300,4249,epoch,59.0
301,4299,epoch,59.0
302,4319,epoch,59.0
303,4319,epoch,59.0
304,4349,epoch,60.0
305,4391,epoch,60.0
306,4391,epoch,60.0
307,4399,epoch,61.0
308,4449,epoch,61.0
309,4463,epoch,61.0
310,4463,epoch,61.0
311,4499,epoch,62.0
312,4535,epoch,62.0
313,4535,epoch,62.0
314,4549,epoch,63.0
315,4599,epoch,63.0
316,4607,epoch,63.0
317,4607,epoch,63.0
318,4649,epoch,64.0
319,4679,epoch,64.0
320,4679,epoch,64.0
321,4699,epoch,65.0
322,4749,epoch,65.0
323,4751,epoch,65.0
324,4751,epoch,65.0
325,4799,epoch,66.0
326,4823,epoch,66.0
327,4823,epoch,66.0
328,4849,epoch,67.0
329,4895,epoch,67.0
330,4895,epoch,67.0
331,71,val_loss,1.395552635192871
332,143,val_loss,1.2393313646316528
333,215,val_loss,1.2479236125946045
334,287,val_loss,1.3321586847305298
335,359,val_loss,1.173707365989685
336,431,val_loss,1.1284661293029785
337,503,val_loss,1.1326923370361328
338,575,val_loss,1.2253358364105225
339,647,val_loss,1.029434084892273
340,719,val_loss,1.0043848752975464
341,791,val_loss,1.207783818244934
342,863,val_loss,1.0365709066390991
343,935,val_loss,1.0065363645553589
344,1007,val_loss,1.0526255369186401
345,1079,val_loss,1.0260154008865356
346,1151,val_loss,0.9779503345489502
347,1223,val_loss,1.0069360733032227
348,1295,val_loss,0.966564953327179
349,1367,val_loss,1.0260168313980103
350,1439,val_loss,0.9655956625938416
351,1511,val_loss,0.9264209866523743
352,1583,val_loss,1.0262854099273682
353,1655,val_loss,1.068331241607666
354,1727,val_loss,0.9234392046928406
355,1799,val_loss,0.9293704032897949
356,1871,val_loss,0.9194305539131165
357,1943,val_loss,0.9769022464752197
358,2015,val_loss,0.9041076302528381
359,2087,val_loss,0.9894949793815613
360,2159,val_loss,0.9514257311820984
361,2231,val_loss,0.9062015414237976
362,2303,val_loss,1.350972294807434
363,2375,val_loss,0.9571388363838196
364,2447,val_loss,0.9202485680580139
365,2519,val_loss,0.9119027256965637
366,2591,val_loss,0.9696772694587708
367,2663,val_loss,0.8767147064208984
368,2735,val_loss,0.8296048045158386
369,2807,val_loss,0.8792758584022522
370,2879,val_loss,0.8789334297180176
371,2951,val_loss,0.969022274017334
372,3023,val_loss,0.8788456916809082
373,3095,val_loss,0.846510112285614
374,3167,val_loss,0.9115168452262878
375,3239,val_loss,0.8084877133369446
376,3311,val_loss,0.8210200667381287
377,3383,val_loss,0.810605525970459
378,3455,val_loss,0.8650722503662109
379,3527,val_loss,0.7713192105293274
380,3599,val_loss,0.7997142672538757
381,3671,val_loss,0.8716959953308105
382,3743,val_loss,0.7971915602684021
383,3815,val_loss,0.7701280117034912
384,3887,val_loss,0.777080774307251
385,3959,val_loss,0.7401978373527527
386,4031,val_loss,0.7611455917358398
387,4103,val_loss,0.7505872845649719
388,4175,val_loss,0.7292646765708923
389,4247,val_loss,0.7593567967414856
390,4319,val_loss,0.7762781977653503
391,4391,val_loss,0.6888651251792908
392,4463,val_loss,0.7378124594688416
393,4535,val_loss,0.7411527037620544
394,4607,val_loss,0.7467135787010193
395,4679,val_loss,0.7445010542869568
396,4751,val_loss,0.7023240923881531
397,4823,val_loss,0.7093726992607117
398,4895,val_loss,0.6865231394767761
399,71,val/iou_class_0,0.0
400,143,val/iou_class_0,0.0
401,215,val/iou_class_0,0.0
402,287,val/iou_class_0,0.0
403,359,val/iou_class_0,0.0
404,431,val/iou_class_0,0.0
405,503,val/iou_class_0,0.18963880836963654
406,575,val/iou_class_0,0.10798004269599915
407,647,val/iou_class_0,0.1598716527223587
408,719,val/iou_class_0,0.14681421220302582
409,791,val/iou_class_0,0.11373705416917801
410,863,val/iou_class_0,0.15320853888988495
411,935,val/iou_class_0,0.058235276490449905
412,1007,val/iou_class_0,0.24009716510772705
413,1079,val/iou_class_0,0.0788717046380043
414,1151,val/iou_class_0,0.11080076545476913
415,1223,val/iou_class_0,0.12772512435913086
416,1295,val/iou_class_0,0.18310582637786865
417,1367,val/iou_class_0,0.14639462530612946
418,1439,val/iou_class_0,0.16283075511455536
419,1511,val/iou_class_0,0.14811043441295624
420,1583,val/iou_class_0,0.11992323398590088
421,1655,val/iou_class_0,0.13648571074008942
422,1727,val/iou_class_0,0.0829821303486824
423,1799,val/iou_class_0,0.080961674451828
424,1871,val/iou_class_0,0.21030612289905548
425,1943,val/iou_class_0,0.283374160528183
426,2015,val/iou_class_0,0.11068304628133774
427,2087,val/iou_class_0,0.1999368518590927
428,2159,val/iou_class_0,0.1660662144422531
429,2231,val/iou_class_0,0.11635371297597885
430,2303,val/iou_class_0,0.17686398327350616
431,2375,val/iou_class_0,0.11051621288061142
432,2447,val/iou_class_0,0.11134465783834457
433,2519,val/iou_class_0,0.2293078899383545
434,2591,val/iou_class_0,0.11900804191827774
435,2663,val/iou_class_0,0.24339711666107178
436,2735,val/iou_class_0,0.19477279484272003
437,2807,val/iou_class_0,0.14920389652252197
438,2879,val/iou_class_0,0.1613880842924118
439,2951,val/iou_class_0,0.2324674129486084
440,3023,val/iou_class_0,0.19483983516693115
441,3095,val/iou_class_0,0.1901693344116211
442,3167,val/iou_class_0,0.11965558677911758
443,3239,val/iou_class_0,0.12368161231279373
444,3311,val/iou_class_0,0.12806017696857452
445,3383,val/iou_class_0,0.1506686508655548
446,3455,val/iou_class_0,0.19641901552677155
447,3527,val/iou_class_0,0.07437682896852493
448,3599,val/iou_class_0,0.12051701545715332
449,3671,val/iou_class_0,0.08032791316509247
450,3743,val/iou_class_0,0.15578392148017883
451,3815,val/iou_class_0,0.16441816091537476
452,3887,val/iou_class_0,0.14789627492427826
453,3959,val/iou_class_0,0.08151949197053909
454,4031,val/iou_class_0,0.16043348610401154
455,4103,val/iou_class_0,0.16338025033473969
456,4175,val/iou_class_0,0.19077491760253906
457,4247,val/iou_class_0,0.20074951648712158
458,4319,val/iou_class_0,0.20191919803619385
459,4391,val/iou_class_0,0.12245974689722061
460,4463,val/iou_class_0,0.04114915803074837
461,4535,val/iou_class_0,0.16341738402843475
462,4607,val/iou_class_0,0.08086051791906357
463,4679,val/iou_class_0,0.2060297727584839
464,4751,val/iou_class_0,0.12282077223062515
465,4823,val/iou_class_0,0.09223943203687668
466,4895,val/iou_class_0,0.04067042097449303
467,71,val/iou_class_1,0.0
468,143,val/iou_class_1,0.0
469,215,val/iou_class_1,2.490585529812961e-06
470,287,val/iou_class_1,1.160700685431948e-05
471,359,val/iou_class_1,0.00030737987253814936
472,431,val/iou_class_1,0.0
473,503,val/iou_class_1,0.011318627744913101
474,575,val/iou_class_1,6.321393448160961e-05
475,647,val/iou_class_1,0.0001855511945905164
476,719,val/iou_class_1,4.832971535506658e-05
477,791,val/iou_class_1,0.0
478,863,val/iou_class_1,1.0180830031458754e-05
479,935,val/iou_class_1,0.00018081221787724644
480,1007,val/iou_class_1,0.0
481,1079,val/iou_class_1,5.745759335695766e-05
482,1151,val/iou_class_1,0.00021049038332421333
483,1223,val/iou_class_1,0.00036746225669048727
484,1295,val/iou_class_1,0.001580498181283474
485,1367,val/iou_class_1,0.0003424446622375399
486,1439,val/iou_class_1,0.005798032507300377
487,1511,val/iou_class_1,0.00018880516290664673
488,1583,val/iou_class_1,0.002256784588098526
489,1655,val/iou_class_1,0.00042387249413877726
490,1727,val/iou_class_1,0.0736897885799408
491,1799,val/iou_class_1,0.002301150234416127
492,1871,val/iou_class_1,0.011147028766572475
493,1943,val/iou_class_1,0.010351303033530712
494,2015,val/iou_class_1,0.041253022849559784
495,2087,val/iou_class_1,0.025643542408943176
496,2159,val/iou_class_1,0.0006148722604848444
497,2231,val/iou_class_1,0.07343583554029465
498,2303,val/iou_class_1,0.0020661165472120047
499,2375,val/iou_class_1,0.008230820298194885
500,2447,val/iou_class_1,0.02931530773639679
501,2519,val/iou_class_1,0.04844088479876518
502,2591,val/iou_class_1,0.07144507020711899
503,2663,val/iou_class_1,0.042657364159822464
504,2735,val/iou_class_1,0.04328514635562897
505,2807,val/iou_class_1,0.0446813702583313
506,2879,val/iou_class_1,7.089378050295636e-05
507,2951,val/iou_class_1,0.013017389923334122
508,3023,val/iou_class_1,0.045908376574516296
509,3095,val/iou_class_1,0.09580256789922714
510,3167,val/iou_class_1,0.03654564544558525
511,3239,val/iou_class_1,0.08426398783922195
512,3311,val/iou_class_1,0.07632458955049515
513,3383,val/iou_class_1,0.057143520563840866
514,3455,val/iou_class_1,0.011783238500356674
515,3527,val/iou_class_1,0.05019354820251465
516,3599,val/iou_class_1,0.07157637923955917
517,3671,val/iou_class_1,0.062483977526426315
518,3743,val/iou_class_1,0.10364708304405212
519,3815,val/iou_class_1,0.03672827407717705
520,3887,val/iou_class_1,0.07416113466024399
521,3959,val/iou_class_1,0.06109926477074623
522,4031,val/iou_class_1,0.16740673780441284
523,4103,val/iou_class_1,0.053431183099746704
524,4175,val/iou_class_1,0.10797148942947388
525,4247,val/iou_class_1,0.11020789295434952
526,4319,val/iou_class_1,0.09587632864713669
527,4391,val/iou_class_1,0.09853071719408035
528,4463,val/iou_class_1,0.09582870453596115
529,4535,val/iou_class_1,0.15478317439556122
530,4607,val/iou_class_1,0.12938973307609558
531,4679,val/iou_class_1,0.11812358349561691
532,4751,val/iou_class_1,0.0846538171172142
533,4823,val/iou_class_1,0.06319380551576614
534,4895,val/iou_class_1,0.13195084035396576
535,71,val/iou_class_2,0.10317923873662949
536,143,val/iou_class_2,0.18501436710357666
537,215,val/iou_class_2,0.24931061267852783
538,287,val/iou_class_2,0.2762158513069153
539,359,val/iou_class_2,0.25753846764564514
540,431,val/iou_class_2,0.2661912143230438
541,503,val/iou_class_2,0.2557941973209381
542,575,val/iou_class_2,0.26345616579055786
543,647,val/iou_class_2,0.37980911135673523
544,719,val/iou_class_2,0.3810426890850067
545,791,val/iou_class_2,0.30275681614875793
546,863,val/iou_class_2,0.3695758879184723
547,935,val/iou_class_2,0.3280186951160431
548,1007,val/iou_class_2,0.32617446780204773
549,1079,val/iou_class_2,0.3830157518386841
550,1151,val/iou_class_2,0.38369300961494446
551,1223,val/iou_class_2,0.27116069197654724
552,1295,val/iou_class_2,0.41810622811317444
553,1367,val/iou_class_2,0.29179373383522034
554,1439,val/iou_class_2,0.316010445356369
555,1511,val/iou_class_2,0.302336722612381
556,1583,val/iou_class_2,0.3914799392223358
557,1655,val/iou_class_2,0.32413896918296814
558,1727,val/iou_class_2,0.33875182271003723
559,1799,val/iou_class_2,0.3747164011001587
560,1871,val/iou_class_2,0.40416958928108215
561,1943,val/iou_class_2,0.35209551453590393
562,2015,val/iou_class_2,0.3742549419403076
563,2087,val/iou_class_2,0.3708880841732025
564,2159,val/iou_class_2,0.35385045409202576
565,2231,val/iou_class_2,0.38047969341278076
566,2303,val/iou_class_2,0.2026713490486145
567,2375,val/iou_class_2,0.35890960693359375
568,2447,val/iou_class_2,0.39866891503334045
569,2519,val/iou_class_2,0.35179173946380615
570,2591,val/iou_class_2,0.37445902824401855
571,2663,val/iou_class_2,0.40339168906211853
572,2735,val/iou_class_2,0.4241098165512085
573,2807,val/iou_class_2,0.350143700838089
574,2879,val/iou_class_2,0.35694363713264465
575,2951,val/iou_class_2,0.33539989590644836
576,3023,val/iou_class_2,0.3563365638256073
577,3095,val/iou_class_2,0.39442014694213867
578,3167,val/iou_class_2,0.3601464331150055
579,3239,val/iou_class_2,0.40459170937538147
580,3311,val/iou_class_2,0.36737290024757385
581,3383,val/iou_class_2,0.4590087831020355
582,3455,val/iou_class_2,0.37181949615478516
583,3527,val/iou_class_2,0.4205866754055023
584,3599,val/iou_class_2,0.4378995895385742
585,3671,val/iou_class_2,0.3938014507293701
586,3743,val/iou_class_2,0.42461082339286804
587,3815,val/iou_class_2,0.4472602307796478
588,3887,val/iou_class_2,0.4566309452056885
589,3959,val/iou_class_2,0.4543492794036865
590,4031,val/iou_class_2,0.44339480996131897
591,4103,val/iou_class_2,0.4557051658630371
592,4175,val/iou_class_2,0.4724003076553345
593,4247,val/iou_class_2,0.46349087357521057
594,4319,val/iou_class_2,0.45066332817077637
595,4391,val/iou_class_2,0.4603334367275238
596,4463,val/iou_class_2,0.44510433077812195
597,4535,val/iou_class_2,0.48366883397102356
598,4607,val/iou_class_2,0.46609726548194885
599,4679,val/iou_class_2,0.4927138090133667
600,4751,val/iou_class_2,0.48550844192504883
601,4823,val/iou_class_2,0.48896828293800354
602,4895,val/iou_class_2,0.48135194182395935
603,71,val/iou_class_3,0.2389308661222458
604,143,val/iou_class_3,0.31079307198524475
605,215,val/iou_class_3,0.29057374596595764
606,287,val/iou_class_3,0.28190332651138306
607,359,val/iou_class_3,0.3292868137359619
608,431,val/iou_class_3,0.3310844600200653
609,503,val/iou_class_3,0.3113895058631897
610,575,val/iou_class_3,0.29512637853622437
611,647,val/iou_class_3,0.33334898948669434
612,719,val/iou_class_3,0.32079973816871643
613,791,val/iou_class_3,0.21411000192165375
614,863,val/iou_class_3,0.29769638180732727
615,935,val/iou_class_3,0.36554062366485596
616,1007,val/iou_class_3,0.3285352885723114
617,1079,val/iou_class_3,0.30436939001083374
618,1151,val/iou_class_3,0.3697563111782074
619,1223,val/iou_class_3,0.3369252383708954
620,1295,val/iou_class_3,0.38278496265411377
621,1367,val/iou_class_3,0.3958781063556671
622,1439,val/iou_class_3,0.3889053761959076
623,1511,val/iou_class_3,0.4027179777622223
624,1583,val/iou_class_3,0.34918585419654846
625,1655,val/iou_class_3,0.33364740014076233
626,1727,val/iou_class_3,0.38984230160713196
627,1799,val/iou_class_3,0.4010639190673828
628,1871,val/iou_class_3,0.37904271483421326
629,1943,val/iou_class_3,0.3387852907180786
630,2015,val/iou_class_3,0.3475686013698578
631,2087,val/iou_class_3,0.357857346534729
632,2159,val/iou_class_3,0.39018145203590393
633,2231,val/iou_class_3,0.3477286994457245
634,2303,val/iou_class_3,0.3612563908100128
635,2375,val/iou_class_3,0.3846198618412018
636,2447,val/iou_class_3,0.3853714168071747
637,2519,val/iou_class_3,0.3755756616592407
638,2591,val/iou_class_3,0.3867014944553375
639,2663,val/iou_class_3,0.3999049663543701
640,2735,val/iou_class_3,0.4104933440685272
641,2807,val/iou_class_3,0.38820552825927734
642,2879,val/iou_class_3,0.4168451726436615
643,2951,val/iou_class_3,0.4044581651687622
644,3023,val/iou_class_3,0.40519705414772034
645,3095,val/iou_class_3,0.4071190059185028
646,3167,val/iou_class_3,0.40569743514060974
647,3239,val/iou_class_3,0.4242500364780426
648,3311,val/iou_class_3,0.408486932516098
649,3383,val/iou_class_3,0.4221078157424927
650,3455,val/iou_class_3,0.4061160087585449
651,3527,val/iou_class_3,0.43729281425476074
652,3599,val/iou_class_3,0.40360116958618164
653,3671,val/iou_class_3,0.3820451498031616
654,3743,val/iou_class_3,0.42290258407592773
655,3815,val/iou_class_3,0.4225059747695923
656,3887,val/iou_class_3,0.4023519456386566
657,3959,val/iou_class_3,0.43257781863212585
658,4031,val/iou_class_3,0.4167962074279785
659,4103,val/iou_class_3,0.44021177291870117
660,4175,val/iou_class_3,0.42993149161338806
661,4247,val/iou_class_3,0.43419575691223145
662,4319,val/iou_class_3,0.42868325114250183
663,4391,val/iou_class_3,0.46323511004447937
664,4463,val/iou_class_3,0.4582310616970062
665,4535,val/iou_class_3,0.43256327509880066
666,4607,val/iou_class_3,0.451608270406723
667,4679,val/iou_class_3,0.4385012090206146
668,4751,val/iou_class_3,0.4547944962978363
669,4823,val/iou_class_3,0.45632314682006836
670,4895,val/iou_class_3,0.4266670048236847
671,71,val/iou_class_4,0.08089417964220047
672,143,val/iou_class_4,0.11794057488441467
673,215,val/iou_class_4,0.18796990811824799
674,287,val/iou_class_4,0.17845571041107178
675,359,val/iou_class_4,0.23460526764392853
676,431,val/iou_class_4,0.1554897427558899
677,503,val/iou_class_4,0.2340422421693802
678,575,val/iou_class_4,0.3075069189071655
679,647,val/iou_class_4,0.32716038823127747
680,719,val/iou_class_4,0.3490143120288849
681,791,val/iou_class_4,0.26785334944725037
682,863,val/iou_class_4,0.33701398968696594
683,935,val/iou_class_4,0.2845337986946106
684,1007,val/iou_class_4,0.31023386120796204
685,1079,val/iou_class_4,0.3459603786468506
686,1151,val/iou_class_4,0.3681037425994873
687,1223,val/iou_class_4,0.3723846673965454
688,1295,val/iou_class_4,0.3600296676158905
689,1367,val/iou_class_4,0.34247562289237976
690,1439,val/iou_class_4,0.3197852671146393
691,1511,val/iou_class_4,0.2388281673192978
692,1583,val/iou_class_4,0.34328600764274597
693,1655,val/iou_class_4,0.3249626159667969
694,1727,val/iou_class_4,0.38692915439605713
695,1799,val/iou_class_4,0.3126029670238495
696,1871,val/iou_class_4,0.37523865699768066
697,1943,val/iou_class_4,0.3936874568462372
698,2015,val/iou_class_4,0.3877541720867157
699,2087,val/iou_class_4,0.3632415235042572
700,2159,val/iou_class_4,0.3694939911365509
701,2231,val/iou_class_4,0.3174559473991394
702,2303,val/iou_class_4,0.3135577142238617
703,2375,val/iou_class_4,0.34246906638145447
704,2447,val/iou_class_4,0.37826159596443176
705,2519,val/iou_class_4,0.44122400879859924
706,2591,val/iou_class_4,0.37593820691108704
707,2663,val/iou_class_4,0.42970940470695496
708,2735,val/iou_class_4,0.4371369183063507
709,2807,val/iou_class_4,0.44945040345191956
710,2879,val/iou_class_4,0.36737120151519775
711,2951,val/iou_class_4,0.30868643522262573
712,3023,val/iou_class_4,0.3837580382823944
713,3095,val/iou_class_4,0.4084310829639435
714,3167,val/iou_class_4,0.47027266025543213
715,3239,val/iou_class_4,0.42464935779571533
716,3311,val/iou_class_4,0.4500693380832672
717,3383,val/iou_class_4,0.46571072936058044
718,3455,val/iou_class_4,0.4496171474456787
719,3527,val/iou_class_4,0.4719357192516327
720,3599,val/iou_class_4,0.4776839017868042
721,3671,val/iou_class_4,0.47174838185310364
722,3743,val/iou_class_4,0.4620426595211029
723,3815,val/iou_class_4,0.47126173973083496
724,3887,val/iou_class_4,0.4837954342365265
725,3959,val/iou_class_4,0.45512792468070984
726,4031,val/iou_class_4,0.48936188220977783
727,4103,val/iou_class_4,0.4803670644760132
728,4175,val/iou_class_4,0.5018582940101624
729,4247,val/iou_class_4,0.450551837682724
730,4319,val/iou_class_4,0.45938244462013245
731,4391,val/iou_class_4,0.4818425178527832
732,4463,val/iou_class_4,0.4860267639160156
733,4535,val/iou_class_4,0.45381221175193787
734,4607,val/iou_class_4,0.47264036536216736
735,4679,val/iou_class_4,0.4676215350627899
736,4751,val/iou_class_4,0.5146322250366211
737,4823,val/iou_class_4,0.4806710481643677
738,4895,val/iou_class_4,0.5051729083061218
739,71,val/iou_class_5,0.44236573576927185
740,143,val/iou_class_5,0.4729635715484619
741,215,val/iou_class_5,0.4671062231063843
742,287,val/iou_class_5,0.4822124242782593
743,359,val/iou_class_5,0.4195535480976105
744,431,val/iou_class_5,0.4752851724624634
745,503,val/iou_class_5,0.47422492504119873
746,575,val/iou_class_5,0.5414178371429443
747,647,val/iou_class_5,0.5474159717559814
748,719,val/iou_class_5,0.5537766814231873
749,791,val/iou_class_5,0.5012516975402832
750,863,val/iou_class_5,0.49459895491600037
751,935,val/iou_class_5,0.5639297366142273
752,1007,val/iou_class_5,0.5480011105537415
753,1079,val/iou_class_5,0.5393508076667786
754,1151,val/iou_class_5,0.5736955404281616
755,1223,val/iou_class_5,0.5810493230819702
756,1295,val/iou_class_5,0.5174753069877625
757,1367,val/iou_class_5,0.5823915004730225
758,1439,val/iou_class_5,0.571910560131073
759,1511,val/iou_class_5,0.5960214734077454
760,1583,val/iou_class_5,0.5657500624656677
761,1655,val/iou_class_5,0.4644656479358673
762,1727,val/iou_class_5,0.5927368402481079
763,1799,val/iou_class_5,0.5941725969314575
764,1871,val/iou_class_5,0.5670871734619141
765,1943,val/iou_class_5,0.5677409172058105
766,2015,val/iou_class_5,0.5527371764183044
767,2087,val/iou_class_5,0.5406318306922913
768,2159,val/iou_class_5,0.512706995010376
769,2231,val/iou_class_5,0.5872617959976196
770,2303,val/iou_class_5,0.38888177275657654
771,2375,val/iou_class_5,0.5326878428459167
772,2447,val/iou_class_5,0.6059936285018921
773,2519,val/iou_class_5,0.5883498787879944
774,2591,val/iou_class_5,0.5825017094612122
775,2663,val/iou_class_5,0.5665090680122375
776,2735,val/iou_class_5,0.5721369385719299
777,2807,val/iou_class_5,0.5848472714424133
778,2879,val/iou_class_5,0.6284058094024658
779,2951,val/iou_class_5,0.5333014726638794
780,3023,val/iou_class_5,0.5740117430686951
781,3095,val/iou_class_5,0.5931507349014282
782,3167,val/iou_class_5,0.5978139042854309
783,3239,val/iou_class_5,0.5681256651878357
784,3311,val/iou_class_5,0.6223019957542419
785,3383,val/iou_class_5,0.6096692085266113
786,3455,val/iou_class_5,0.5873268246650696
787,3527,val/iou_class_5,0.6011508107185364
788,3599,val/iou_class_5,0.61451256275177
789,3671,val/iou_class_5,0.6018974184989929
790,3743,val/iou_class_5,0.6032687425613403
791,3815,val/iou_class_5,0.616517961025238
792,3887,val/iou_class_5,0.5843477249145508
793,3959,val/iou_class_5,0.6332408785820007
794,4031,val/iou_class_5,0.6435632109642029
795,4103,val/iou_class_5,0.6097326874732971
796,4175,val/iou_class_5,0.6289594769477844
797,4247,val/iou_class_5,0.6151294112205505
798,4319,val/iou_class_5,0.6033514142036438
799,4391,val/iou_class_5,0.641686737537384
800,4463,val/iou_class_5,0.6277049779891968
801,4535,val/iou_class_5,0.6110360622406006
802,4607,val/iou_class_5,0.6049184203147888
803,4679,val/iou_class_5,0.6263030171394348
804,4751,val/iou_class_5,0.6080308556556702
805,4823,val/iou_class_5,0.5983884930610657
806,4895,val/iou_class_5,0.6131832003593445
807,71,val/iou_class_6,0.14788903295993805
808,143,val/iou_class_6,0.033601101487874985
809,215,val/iou_class_6,0.033541370183229446
810,287,val/iou_class_6,0.17572909593582153
811,359,val/iou_class_6,0.0642823576927185
812,431,val/iou_class_6,0.05032512918114662
813,503,val/iou_class_6,0.13121263682842255
814,575,val/iou_class_6,0.09966471046209335
815,647,val/iou_class_6,0.06966950744390488
816,719,val/iou_class_6,0.12341438978910446
817,791,val/iou_class_6,0.13597959280014038
818,863,val/iou_class_6,0.17912858724594116
819,935,val/iou_class_6,0.10985612869262695
820,1007,val/iou_class_6,0.12187701463699341
821,1079,val/iou_class_6,0.18594031035900116
822,1151,val/iou_class_6,0.10535723716020584
823,1223,val/iou_class_6,0.1649986058473587
824,1295,val/iou_class_6,0.20031793415546417
825,1367,val/iou_class_6,0.15169507265090942
826,1439,val/iou_class_6,0.13854815065860748
827,1511,val/iou_class_6,0.047794196754693985
828,1583,val/iou_class_6,0.19960953295230865
829,1655,val/iou_class_6,0.175201416015625
830,1727,val/iou_class_6,0.1610274463891983
831,1799,val/iou_class_6,0.20659232139587402
832,1871,val/iou_class_6,0.17456389963626862
833,1943,val/iou_class_6,0.17567694187164307
834,2015,val/iou_class_6,0.20472806692123413
835,2087,val/iou_class_6,0.1642434298992157
836,2159,val/iou_class_6,0.21844714879989624
837,2231,val/iou_class_6,0.2182411402463913
838,2303,val/iou_class_6,0.06305888295173645
839,2375,val/iou_class_6,0.23431791365146637
840,2447,val/iou_class_6,0.15832796692848206
841,2519,val/iou_class_6,0.1531459540128708
842,2591,val/iou_class_6,0.1722756177186966
843,2663,val/iou_class_6,0.1934923678636551
844,2735,val/iou_class_6,0.3106090724468231
845,2807,val/iou_class_6,0.23530632257461548
846,2879,val/iou_class_6,0.18878473341464996
847,2951,val/iou_class_6,0.23866872489452362
848,3023,val/iou_class_6,0.28027626872062683
849,3095,val/iou_class_6,0.24783878028392792
850,3167,val/iou_class_6,0.1654115468263626
851,3239,val/iou_class_6,0.26964297890663147
852,3311,val/iou_class_6,0.1890367716550827
853,3383,val/iou_class_6,0.2731250822544098
854,3455,val/iou_class_6,0.3077627122402191
855,3527,val/iou_class_6,0.2772461473941803
856,3599,val/iou_class_6,0.27543148398399353
857,3671,val/iou_class_6,0.21472088992595673
858,3743,val/iou_class_6,0.24610544741153717
859,3815,val/iou_class_6,0.37910982966423035
860,3887,val/iou_class_6,0.25167661905288696
861,3959,val/iou_class_6,0.29815733432769775
862,4031,val/iou_class_6,0.24578137695789337
863,4103,val/iou_class_6,0.27854394912719727
864,4175,val/iou_class_6,0.25321415066719055
865,4247,val/iou_class_6,0.2459810972213745
866,4319,val/iou_class_6,0.35285961627960205
867,4391,val/iou_class_6,0.32319289445877075
868,4463,val/iou_class_6,0.29138678312301636
869,4535,val/iou_class_6,0.2774466574192047
870,4607,val/iou_class_6,0.2435441017150879
871,4679,val/iou_class_6,0.19972579181194305
872,4751,val/iou_class_6,0.24456579983234406
873,4823,val/iou_class_6,0.323180228471756
874,4895,val/iou_class_6,0.2975597083568573
875,71,val/iou_class_7,0.1519995778799057
876,143,val/iou_class_7,0.31159302592277527
877,215,val/iou_class_7,0.30883219838142395
878,287,val/iou_class_7,0.3266995847225189
879,359,val/iou_class_7,0.339079886674881
880,431,val/iou_class_7,0.3775886595249176
881,503,val/iou_class_7,0.35026609897613525
882,575,val/iou_class_7,0.31861376762390137
883,647,val/iou_class_7,0.23729576170444489
884,719,val/iou_class_7,0.411626935005188
885,791,val/iou_class_7,0.1937079280614853
886,863,val/iou_class_7,0.37966445088386536
887,935,val/iou_class_7,0.37202706933021545
888,1007,val/iou_class_7,0.21657192707061768
889,1079,val/iou_class_7,0.34139928221702576
890,1151,val/iou_class_7,0.36935457587242126
891,1223,val/iou_class_7,0.39280712604522705
892,1295,val/iou_class_7,0.416113018989563
893,1367,val/iou_class_7,0.4172469675540924
894,1439,val/iou_class_7,0.41173186898231506
895,1511,val/iou_class_7,0.45668116211891174
896,1583,val/iou_class_7,0.1621856540441513
897,1655,val/iou_class_7,0.3391917645931244
898,1727,val/iou_class_7,0.44507184624671936
899,1799,val/iou_class_7,0.33128300309181213
900,1871,val/iou_class_7,0.36154282093048096
901,1943,val/iou_class_7,0.39785072207450867
902,2015,val/iou_class_7,0.4418741762638092
903,2087,val/iou_class_7,0.38536953926086426
904,2159,val/iou_class_7,0.5128744840621948
905,2231,val/iou_class_7,0.5007808804512024
906,2303,val/iou_class_7,0.34395644068717957
907,2375,val/iou_class_7,0.47730860114097595
908,2447,val/iou_class_7,0.4607272148132324
909,2519,val/iou_class_7,0.42144039273262024
910,2591,val/iou_class_7,0.4260199964046478
911,2663,val/iou_class_7,0.46118834614753723
912,2735,val/iou_class_7,0.4627697169780731
913,2807,val/iou_class_7,0.44926562905311584
914,2879,val/iou_class_7,0.4635753631591797
915,2951,val/iou_class_7,0.3889068365097046
916,3023,val/iou_class_7,0.501895010471344
917,3095,val/iou_class_7,0.46035054326057434
918,3167,val/iou_class_7,0.3929392397403717
919,3239,val/iou_class_7,0.49141725897789
920,3311,val/iou_class_7,0.4904834032058716
921,3383,val/iou_class_7,0.4516453444957733
922,3455,val/iou_class_7,0.4980732500553131
923,3527,val/iou_class_7,0.5352294445037842
924,3599,val/iou_class_7,0.5473313927650452
925,3671,val/iou_class_7,0.37524476647377014
926,3743,val/iou_class_7,0.569286048412323
927,3815,val/iou_class_7,0.45692911744117737
928,3887,val/iou_class_7,0.4319945275783539
929,3959,val/iou_class_7,0.5252249836921692
930,4031,val/iou_class_7,0.4354764223098755
931,4103,val/iou_class_7,0.5172507762908936
932,4175,val/iou_class_7,0.5821763873100281
933,4247,val/iou_class_7,0.5639448761940002
934,4319,val/iou_class_7,0.5031268000602722
935,4391,val/iou_class_7,0.519385814666748
936,4463,val/iou_class_7,0.41772758960723877
937,4535,val/iou_class_7,0.5604150295257568
938,4607,val/iou_class_7,0.4527549743652344
939,4679,val/iou_class_7,0.4947448968887329
940,4751,val/iou_class_7,0.5486195683479309
941,4823,val/iou_class_7,0.604537844657898
942,4895,val/iou_class_7,0.5685991048812866
943,71,val/iou_class_8,0.4113720655441284
944,143,val/iou_class_8,0.4713318645954132
945,215,val/iou_class_8,0.48982933163642883
946,287,val/iou_class_8,0.3254476487636566
947,359,val/iou_class_8,0.5203550457954407
948,431,val/iou_class_8,0.5786425471305847
949,503,val/iou_class_8,0.562609851360321
950,575,val/iou_class_8,0.5100886225700378
951,647,val/iou_class_8,0.6045905947685242
952,719,val/iou_class_8,0.608345091342926
953,791,val/iou_class_8,0.5683727264404297
954,863,val/iou_class_8,0.5952453017234802
955,935,val/iou_class_8,0.5917606949806213
956,1007,val/iou_class_8,0.5767174363136292
957,1079,val/iou_class_8,0.5749271512031555
958,1151,val/iou_class_8,0.5936919450759888
959,1223,val/iou_class_8,0.597680389881134
960,1295,val/iou_class_8,0.5388621687889099
961,1367,val/iou_class_8,0.5750628113746643
962,1439,val/iou_class_8,0.6000929474830627
963,1511,val/iou_class_8,0.6246066689491272
964,1583,val/iou_class_8,0.610380232334137
965,1655,val/iou_class_8,0.5994039177894592
966,1727,val/iou_class_8,0.6219297051429749
967,1799,val/iou_class_8,0.6553274989128113
968,1871,val/iou_class_8,0.6341171860694885
969,1943,val/iou_class_8,0.6013504266738892
970,2015,val/iou_class_8,0.6404739618301392
971,2087,val/iou_class_8,0.610397458076477
972,2159,val/iou_class_8,0.6364243626594543
973,2231,val/iou_class_8,0.6402245163917542
974,2303,val/iou_class_8,0.578235924243927
975,2375,val/iou_class_8,0.6128852963447571
976,2447,val/iou_class_8,0.6279550194740295
977,2519,val/iou_class_8,0.6610161066055298
978,2591,val/iou_class_8,0.6390941739082336
979,2663,val/iou_class_8,0.6569499969482422
980,2735,val/iou_class_8,0.6380128264427185
981,2807,val/iou_class_8,0.6489480137825012
982,2879,val/iou_class_8,0.6232898831367493
983,2951,val/iou_class_8,0.6194366216659546
984,3023,val/iou_class_8,0.6650485396385193
985,3095,val/iou_class_8,0.6406633257865906
986,3167,val/iou_class_8,0.6470005512237549
987,3239,val/iou_class_8,0.6788933873176575
988,3311,val/iou_class_8,0.681185245513916
989,3383,val/iou_class_8,0.6668655276298523
990,3455,val/iou_class_8,0.6407264471054077
991,3527,val/iou_class_8,0.686433732509613
992,3599,val/iou_class_8,0.6607778668403625
993,3671,val/iou_class_8,0.6406418681144714
994,3743,val/iou_class_8,0.6701017022132874
995,3815,val/iou_class_8,0.6898753643035889
996,3887,val/iou_class_8,0.6866236329078674
997,3959,val/iou_class_8,0.6736011505126953
998,4031,val/iou_class_8,0.6857621073722839
999,4103,val/iou_class_8,0.6861274242401123
1000,4175,val/iou_class_8,0.7022385597229004
1001,4247,val/iou_class_8,0.6959509253501892
1002,4319,val/iou_class_8,0.6432812213897705
1003,4391,val/iou_class_8,0.698054313659668
1004,4463,val/iou_class_8,0.6991434693336487
1005,4535,val/iou_class_8,0.6956704258918762
1006,4607,val/iou_class_8,0.6906154155731201
1007,4679,val/iou_class_8,0.6950169205665588
1008,4751,val/iou_class_8,0.7083086371421814
1009,4823,val/iou_class_8,0.7097384333610535
1010,4895,val/iou_class_8,0.7099476456642151
1011,71,val_mIoU,0.17518119513988495
1012,143,val_mIoU,0.2114708572626114
1013,215,val_mIoU,0.22524069249629974
1014,287,val_mIoU,0.22740839421749115
1015,359,val_mIoU,0.2405565232038498
1016,431,val_mIoU,0.24828965961933136
1017,503,val_mIoU,0.2800552546977997
1018,575,val_mIoU,0.2715464234352112
1019,647,val_mIoU,0.2954830527305603
1020,719,val_mIoU,0.3216536343097687
1021,791,val_mIoU,0.25530770421028137
1022,863,val_mIoU,0.31179359555244446
1023,935,val_mIoU,0.2971203029155731
1024,1007,val_mIoU,0.2964676022529602
1025,1079,val_mIoU,0.30598804354667664
1026,1151,val_mIoU,0.31940704584121704
1027,1223,val_mIoU,0.3161220848560333
1028,1295,val_mIoU,0.335375040769577
1029,1367,val_mIoU,0.3225867450237274
1030,1439,val_mIoU,0.32395699620246887
1031,1511,val_mIoU,0.31303176283836365
1032,1583,val_mIoU,0.3048952519893646
1033,1655,val_mIoU,0.29976901412010193
1034,1727,val_mIoU,0.3436623513698578
1035,1799,val_mIoU,0.3287801444530487
1036,1871,val_mIoU,0.34635722637176514
1037,1943,val_mIoU,0.3467681109905243
1038,2015,val_mIoU,0.34459188580513
1039,2087,val_mIoU,0.33535662293434143
1040,2159,val_mIoU,0.3511844575405121
1041,2231,val_mIoU,0.35355138778686523
1042,2303,val_mIoU,0.2700609564781189
1043,2375,val_mIoU,0.3402160704135895
1044,2447,val_mIoU,0.3506629168987274
1045,2519,val_mIoU,0.3633657991886139
1046,2591,val_mIoU,0.34971585869789124
1047,2663,val_mIoU,0.37746667861938477
1048,2735,val_mIoU,0.38814738392829895
1049,2807,val_mIoU,0.3666723966598511
1050,2879,val_mIoU,0.35629722476005554
1051,2951,val_mIoU,0.3415936529636383
1052,3023,val_mIoU,0.37858569622039795
1053,3095,val_mIoU,0.3819939196109772
1054,3167,val_mIoU,0.3550536632537842
1055,3239,val_mIoU,0.3855017423629761
1056,3311,val_mIoU,0.3792579472064972
1057,3383,val_mIoU,0.3951049745082855
1058,3455,val_mIoU,0.38551604747772217
1059,3527,val_mIoU,0.3949383497238159
1060,3599,val_mIoU,0.4010368287563324
1061,3671,val_mIoU,0.35810136795043945
1062,3743,val_mIoU,0.40641653537750244
1063,3815,val_mIoU,0.40940073132514954
1064,3887,val_mIoU,0.39105308055877686
1065,3959,val_mIoU,0.4016553461551666
1066,4031,val_mIoU,0.40977516770362854
1067,4103,val_mIoU,0.40941670536994934
1068,4175,val_mIoU,0.42994722723960876
1069,4247,val_mIoU,0.42002245783805847
1070,4319,val_mIoU,0.4154604375362396
1071,4391,val_mIoU,0.42319127917289734
1072,4463,val_mIoU,0.39581140875816345
1073,4535,val_mIoU,0.42586803436279297
1074,4607,val_mIoU,0.3991588354110718
1075,4679,val_mIoU,0.4154200553894043
1076,4751,val_mIoU,0.41910383105278015
1077,4823,val_mIoU,0.4241379201412201
1078,4895,val_mIoU,0.41945579648017883
1079,71,val_pixel_accuracy,0.44192132353782654
1080,143,val_pixel_accuracy,0.5089759826660156
1081,215,val_pixel_accuracy,0.51044100522995
1082,287,val_pixel_accuracy,0.4931968152523041
1083,359,val_pixel_accuracy,0.5244739651679993
1084,431,val_pixel_accuracy,0.5486302971839905
1085,503,val_pixel_accuracy,0.5503359436988831
1086,575,val_pixel_accuracy,0.5373755097389221
1087,647,val_pixel_accuracy,0.6024508476257324
1088,719,val_pixel_accuracy,0.6119933724403381
1089,791,val_pixel_accuracy,0.525056004524231
1090,863,val_pixel_accuracy,0.5852388739585876
1091,935,val_pixel_accuracy,0.6164633631706238
1092,1007,val_pixel_accuracy,0.599189281463623
1093,1079,val_pixel_accuracy,0.5985825061798096
1094,1151,val_pixel_accuracy,0.6303586363792419
1095,1223,val_pixel_accuracy,0.6202623844146729
1096,1295,val_pixel_accuracy,0.6245130896568298
1097,1367,val_pixel_accuracy,0.618069589138031
1098,1439,val_pixel_accuracy,0.6342042088508606
1099,1511,val_pixel_accuracy,0.635313868522644
1100,1583,val_pixel_accuracy,0.6074520945549011
1101,1655,val_pixel_accuracy,0.5859535932540894
1102,1727,val_pixel_accuracy,0.6447083353996277
1103,1799,val_pixel_accuracy,0.6416080594062805
1104,1871,val_pixel_accuracy,0.6464065909385681
1105,1943,val_pixel_accuracy,0.6229005455970764
1106,2015,val_pixel_accuracy,0.6493977904319763
1107,2087,val_pixel_accuracy,0.6151803135871887
1108,2159,val_pixel_accuracy,0.6372542381286621
1109,2231,val_pixel_accuracy,0.6505469679832458
1110,2303,val_pixel_accuracy,0.5298997759819031
1111,2375,val_pixel_accuracy,0.6323032975196838
1112,2447,val_pixel_accuracy,0.6561157703399658
1113,2519,val_pixel_accuracy,0.6456069946289062
1114,2591,val_pixel_accuracy,0.6298620104789734
1115,2663,val_pixel_accuracy,0.6684032082557678
1116,2735,val_pixel_accuracy,0.6783246994018555
1117,2807,val_pixel_accuracy,0.6629111170768738
1118,2879,val_pixel_accuracy,0.6587982773780823
1119,2951,val_pixel_accuracy,0.6320926547050476
1120,3023,val_pixel_accuracy,0.6597729325294495
1121,3095,val_pixel_accuracy,0.6737939715385437
1122,3167,val_pixel_accuracy,0.6563945412635803
1123,3239,val_pixel_accuracy,0.6776074767112732
1124,3311,val_pixel_accuracy,0.6783323884010315
1125,3383,val_pixel_accuracy,0.6866576671600342
1126,3455,val_pixel_accuracy,0.6595944762229919
1127,3527,val_pixel_accuracy,0.6968982219696045
1128,3599,val_pixel_accuracy,0.6905696392059326
1129,3671,val_pixel_accuracy,0.6576048731803894
1130,3743,val_pixel_accuracy,0.6929759979248047
1131,3815,val_pixel_accuracy,0.7050650715827942
1132,3887,val_pixel_accuracy,0.6921438574790955
1133,3959,val_pixel_accuracy,0.7130935788154602
1134,4031,val_pixel_accuracy,0.7043979167938232
1135,4103,val_pixel_accuracy,0.7127858996391296
1136,4175,val_pixel_accuracy,0.7217431664466858
1137,4247,val_pixel_accuracy,0.7014315128326416
1138,4319,val_pixel_accuracy,0.6912731528282166
1139,4391,val_pixel_accuracy,0.7337787747383118
1140,4463,val_pixel_accuracy,0.7129064202308655
1141,4535,val_pixel_accuracy,0.7116170525550842
1142,4607,val_pixel_accuracy,0.71011883020401
1143,4679,val_pixel_accuracy,0.717534065246582
1144,4751,val_pixel_accuracy,0.7260950207710266
1145,4823,val_pixel_accuracy,0.726314127445221
1146,4895,val_pixel_accuracy,0.7303314805030823
1147,71,val_macro_precision,0.3086814284324646
1148,143,val_macro_precision,0.34359100461006165
1149,215,val_macro_precision,0.35914191603660583
1150,287,val_macro_precision,0.3807906210422516
1151,359,val_macro_precision,0.38893723487854004
1152,431,val_macro_precision,0.4084082841873169
1153,503,val_macro_precision,0.42151856422424316
1154,575,val_macro_precision,0.41591641306877136
1155,647,val_macro_precision,0.44624778628349304
1156,719,val_macro_precision,0.44319140911102295
1157,791,val_macro_precision,0.39180612564086914
1158,863,val_macro_precision,0.44204068183898926
1159,935,val_macro_precision,0.45869529247283936
1160,1007,val_macro_precision,0.4463358223438263
1161,1079,val_macro_precision,0.438475102186203
1162,1151,val_macro_precision,0.45215466618537903
1163,1223,val_macro_precision,0.4462732970714569
1164,1295,val_macro_precision,0.5021371245384216
1165,1367,val_macro_precision,0.47161972522735596
1166,1439,val_macro_precision,0.4603704512119293
1167,1511,val_macro_precision,0.4872992932796478
1168,1583,val_macro_precision,0.4550997316837311
1169,1655,val_macro_precision,0.4542858898639679
1170,1727,val_macro_precision,0.4781057834625244
1171,1799,val_macro_precision,0.48067721724510193
1172,1871,val_macro_precision,0.49419084191322327
1173,1943,val_macro_precision,0.4846222400665283
1174,2015,val_macro_precision,0.4823448359966278
1175,2087,val_macro_precision,0.4642256796360016
1176,2159,val_macro_precision,0.4875960052013397
1177,2231,val_macro_precision,0.5047135949134827
1178,2303,val_macro_precision,0.4400538206100464
1179,2375,val_macro_precision,0.4941169023513794
1180,2447,val_macro_precision,0.4994022846221924
1181,2519,val_macro_precision,0.48939207196235657
1182,2591,val_macro_precision,0.4878920316696167
1183,2663,val_macro_precision,0.5172131061553955
1184,2735,val_macro_precision,0.523296058177948
1185,2807,val_macro_precision,0.5202949047088623
1186,2879,val_macro_precision,0.48496273159980774
1187,2951,val_macro_precision,0.5155556201934814
1188,3023,val_macro_precision,0.5189948081970215
1189,3095,val_macro_precision,0.5144827961921692
1190,3167,val_macro_precision,0.4865685999393463
1191,3239,val_macro_precision,0.5241316556930542
1192,3311,val_macro_precision,0.5051267743110657
1193,3383,val_macro_precision,0.5507557392120361
1194,3455,val_macro_precision,0.530934751033783
1195,3527,val_macro_precision,0.5163210034370422
1196,3599,val_macro_precision,0.526043176651001
1197,3671,val_macro_precision,0.48902884125709534
1198,3743,val_macro_precision,0.5476093888282776
1199,3815,val_macro_precision,0.541464626789093
1200,3887,val_macro_precision,0.5247958302497864
1201,3959,val_macro_precision,0.5325010418891907
1202,4031,val_macro_precision,0.5455358624458313
1203,4103,val_macro_precision,0.5371339917182922
1204,4175,val_macro_precision,0.5685326457023621
1205,4247,val_macro_precision,0.5506939888000488
1206,4319,val_macro_precision,0.5702158808708191
1207,4391,val_macro_precision,0.5459925532341003
1208,4463,val_macro_precision,0.5260379314422607
1209,4535,val_macro_precision,0.5708544850349426
1210,4607,val_macro_precision,0.5351682305335999
1211,4679,val_macro_precision,0.5588026642799377
1212,4751,val_macro_precision,0.5582138895988464
1213,4823,val_macro_precision,0.5538020133972168
1214,4895,val_macro_precision,0.5405685305595398
1215,71,val_macro_recall,0.29284897446632385
1216,143,val_macro_recall,0.31848427653312683
1217,215,val_macro_recall,0.333586722612381
1218,287,val_macro_recall,0.3382206857204437
1219,359,val_macro_recall,0.354139119386673
1220,431,val_macro_recall,0.36699724197387695
1221,503,val_macro_recall,0.3993482291698456
1222,575,val_macro_recall,0.3980309069156647
1223,647,val_macro_recall,0.4006378650665283
1224,719,val_macro_recall,0.44256314635276794
1225,791,val_macro_recall,0.3879222869873047
1226,863,val_macro_recall,0.43869733810424805
1227,935,val_macro_recall,0.40640056133270264
1228,1007,val_macro_recall,0.4057680070400238
1229,1079,val_macro_recall,0.4281024932861328
1230,1151,val_macro_recall,0.42545437812805176
1231,1223,val_macro_recall,0.4432898461818695
1232,1295,val_macro_recall,0.44294998049736023
1233,1367,val_macro_recall,0.4396127760410309
1234,1439,val_macro_recall,0.4292312562465668
1235,1511,val_macro_recall,0.41586288809776306
1236,1583,val_macro_recall,0.4226510524749756
1237,1655,val_macro_recall,0.41545411944389343
1238,1727,val_macro_recall,0.454733282327652
1239,1799,val_macro_recall,0.4361228048801422
1240,1871,val_macro_recall,0.45001301169395447
1241,1943,val_macro_recall,0.4557182788848877
1242,2015,val_macro_recall,0.460764616727829
1243,2087,val_macro_recall,0.45356521010398865
1244,2159,val_macro_recall,0.4644804894924164
1245,2231,val_macro_recall,0.46914413571357727
1246,2303,val_macro_recall,0.3957858979701996
1247,2375,val_macro_recall,0.4490531384944916
1248,2447,val_macro_recall,0.4581843614578247
1249,2519,val_macro_recall,0.49895724654197693
1250,2591,val_macro_recall,0.4677309989929199
1251,2663,val_macro_recall,0.48444482684135437
1252,2735,val_macro_recall,0.49133384227752686
1253,2807,val_macro_recall,0.483495831489563
1254,2879,val_macro_recall,0.46781864762306213
1255,2951,val_macro_recall,0.45057591795921326
1256,3023,val_macro_recall,0.4942251741886139
1257,3095,val_macro_recall,0.5035796761512756
1258,3167,val_macro_recall,0.4760132133960724
1259,3239,val_macro_recall,0.49359235167503357
1260,3311,val_macro_recall,0.4930241107940674
1261,3383,val_macro_recall,0.5049164891242981
1262,3455,val_macro_recall,0.5044639706611633
1263,3527,val_macro_recall,0.499208003282547
1264,3599,val_macro_recall,0.5215961933135986
1265,3671,val_macro_recall,0.4832595884799957
1266,3743,val_macro_recall,0.5150390863418579
1267,3815,val_macro_recall,0.5189833045005798
1268,3887,val_macro_recall,0.4954109489917755
1269,3959,val_macro_recall,0.5031101703643799
1270,4031,val_macro_recall,0.5232662558555603
1271,4103,val_macro_recall,0.5158869028091431
1272,4175,val_macro_recall,0.5357185006141663
1273,4247,val_macro_recall,0.5352988839149475
1274,4319,val_macro_recall,0.5214490294456482
1275,4391,val_macro_recall,0.5259894728660583
1276,4463,val_macro_recall,0.5044237971305847
1277,4535,val_macro_recall,0.542069673538208
1278,4607,val_macro_recall,0.507021963596344
1279,4679,val_macro_recall,0.5173407196998596
1280,4751,val_macro_recall,0.5243845582008362
1281,4823,val_macro_recall,0.520077645778656
1282,4895,val_macro_recall,0.5285106301307678
1283,71,val_macro_f1,0.26002398133277893
1284,143,val_macro_f1,0.30349472165107727
1285,215,val_macro_f1,0.3234819173812866
1286,287,val_macro_f1,0.3285408318042755
1287,359,val_macro_f1,0.3434959948062897
1288,431,val_macro_f1,0.34663549065589905
1289,503,val_macro_f1,0.3892532289028168
1290,575,val_macro_f1,0.37834012508392334
1291,647,val_macro_f1,0.3984323740005493
1292,719,val_macro_f1,0.42980289459228516
1293,791,val_macro_f1,0.3556881248950958
1294,863,val_macro_f1,0.4202124774456024
1295,935,val_macro_f1,0.4013277590274811
1296,1007,val_macro_f1,0.40023842453956604
1297,1079,val_macro_f1,0.4189494848251343
1298,1151,val_macro_f1,0.42402395606040955
1299,1223,val_macro_f1,0.4234638214111328
1300,1295,val_macro_f1,0.4460103511810303
1301,1367,val_macro_f1,0.42904993891716003
1302,1439,val_macro_f1,0.4257802665233612
1303,1511,val_macro_f1,0.4117995500564575
1304,1583,val_macro_f1,0.40889790654182434
1305,1655,val_macro_f1,0.40964964032173157
1306,1727,val_macro_f1,0.45085838437080383
1307,1799,val_macro_f1,0.43456172943115234
1308,1871,val_macro_f1,0.4523721933364868
1309,1943,val_macro_f1,0.453824520111084
1310,2015,val_macro_f1,0.4496612846851349
1311,2087,val_macro_f1,0.4433021545410156
1312,2159,val_macro_f1,0.4582737982273102
1313,2231,val_macro_f1,0.46370458602905273
1314,2303,val_macro_f1,0.37447383999824524
1315,2375,val_macro_f1,0.450257271528244
1316,2447,val_macro_f1,0.45920586585998535
1317,2519,val_macro_f1,0.4729152023792267
1318,2591,val_macro_f1,0.458528071641922
1319,2663,val_macro_f1,0.4844604730606079
1320,2735,val_macro_f1,0.49447691440582275
1321,2807,val_macro_f1,0.4778769016265869
1322,2879,val_macro_f1,0.45935550332069397
1323,2951,val_macro_f1,0.4504335820674896
1324,3023,val_macro_f1,0.488739937543869
1325,3095,val_macro_f1,0.49340200424194336
1326,3167,val_macro_f1,0.46401655673980713
1327,3239,val_macro_f1,0.49202480912208557
1328,3311,val_macro_f1,0.48762643337249756
1329,3383,val_macro_f1,0.5062443614006042
1330,3455,val_macro_f1,0.4961487054824829
1331,3527,val_macro_f1,0.4992867708206177
1332,3599,val_macro_f1,0.511442244052887
1333,3671,val_macro_f1,0.4670255482196808
1334,3743,val_macro_f1,0.5159714818000793
1335,3815,val_macro_f1,0.5174309611320496
1336,3887,val_macro_f1,0.4980168342590332
1337,3959,val_macro_f1,0.5044199824333191
1338,4031,val_macro_f1,0.5161362290382385
1339,4103,val_macro_f1,0.5136193037033081
1340,4175,val_macro_f1,0.5383059978485107
1341,4247,val_macro_f1,0.5297601819038391
1342,4319,val_macro_f1,0.5302955508232117
1343,4391,val_macro_f1,0.5260539650917053
1344,4463,val_macro_f1,0.5018591284751892
1345,4535,val_macro_f1,0.5380719304084778
1346,4607,val_macro_f1,0.5066124796867371
1347,4679,val_macro_f1,0.5212767124176025
1348,4751,val_macro_f1,0.5245790481567383
1349,4823,val_macro_f1,0.5280657410621643
1350,4895,val_macro_f1,0.5220245718955994
1351,71,train_loss_epoch,1.4836337566375732
1352,143,train_loss_epoch,1.3015022277832031
1353,215,train_loss_epoch,1.237451434135437
1354,287,train_loss_epoch,1.2004032135009766
1355,359,train_loss_epoch,1.1604104042053223
1356,431,train_loss_epoch,1.1304174661636353
1357,503,train_loss_epoch,1.1299738883972168
1358,575,train_loss_epoch,1.1117275953292847
1359,647,train_loss_epoch,1.083592176437378
1360,719,train_loss_epoch,1.062490463256836
1361,791,train_loss_epoch,1.067808747291565
1362,863,train_loss_epoch,1.0392405986785889
1363,935,train_loss_epoch,1.0068882703781128
1364,1007,train_loss_epoch,1.0223366022109985
1365,1079,train_loss_epoch,1.0182335376739502
1366,1151,train_loss_epoch,0.9734731912612915
1367,1223,train_loss_epoch,0.9938827157020569
1368,1295,train_loss_epoch,0.9721599221229553
1369,1367,train_loss_epoch,0.9668688774108887
1370,1439,train_loss_epoch,0.9641125202178955
1371,1511,train_loss_epoch,0.9472143054008484
1372,1583,train_loss_epoch,0.9345176219940186
1373,1655,train_loss_epoch,0.9490901827812195
1374,1727,train_loss_epoch,0.9162198901176453
1375,1799,train_loss_epoch,0.9168132543563843
1376,1871,train_loss_epoch,0.93156898021698
1377,1943,train_loss_epoch,0.9280731678009033
1378,2015,train_loss_epoch,0.9051854610443115
1379,2087,train_loss_epoch,0.8923298716545105
1380,2159,train_loss_epoch,0.875169575214386
1381,2231,train_loss_epoch,0.8604167103767395
1382,2303,train_loss_epoch,0.8553644418716431
1383,2375,train_loss_epoch,0.8513975143432617
1384,2447,train_loss_epoch,0.8505994081497192
1385,2519,train_loss_epoch,0.8403341174125671
1386,2591,train_loss_epoch,0.8430861830711365
1387,2663,train_loss_epoch,0.8490342497825623
1388,2735,train_loss_epoch,0.838581919670105
1389,2807,train_loss_epoch,0.8339806199073792
1390,2879,train_loss_epoch,0.8289352655410767
1391,2951,train_loss_epoch,0.8290494084358215
1392,3023,train_loss_epoch,0.8495861291885376
1393,3095,train_loss_epoch,0.8221670985221863
1394,3167,train_loss_epoch,0.7967215776443481
1395,3239,train_loss_epoch,0.8025124669075012
1396,3311,train_loss_epoch,0.7858781814575195
1397,3383,train_loss_epoch,0.7984755039215088
1398,3455,train_loss_epoch,0.7782852649688721
1399,3527,train_loss_epoch,0.7634750604629517
1400,3599,train_loss_epoch,0.7861643433570862
1401,3671,train_loss_epoch,0.7767401933670044
1402,3743,train_loss_epoch,0.7683781385421753
1403,3815,train_loss_epoch,0.7527432441711426
1404,3887,train_loss_epoch,0.7574965953826904
1405,3959,train_loss_epoch,0.7479367256164551
1406,4031,train_loss_epoch,0.7444338202476501
1407,4103,train_loss_epoch,0.7371323108673096
1408,4175,train_loss_epoch,0.734296977519989
1409,4247,train_loss_epoch,0.7289502620697021
1410,4319,train_loss_epoch,0.7338931560516357
1411,4391,train_loss_epoch,0.7229169011116028
1412,4463,train_loss_epoch,0.7170735597610474
1413,4535,train_loss_epoch,0.7117941379547119
1414,4607,train_loss_epoch,0.712433934211731
1415,4679,train_loss_epoch,0.6992544531822205
1416,4751,train_loss_epoch,0.6984687447547913
1417,4823,train_loss_epoch,0.6873761415481567
1418,4895,train_loss_epoch,0.6990600824356079
1419,71,train/iou_class_0,0.0
1420,143,train/iou_class_0,0.0
1421,215,train/iou_class_0,0.0
1422,287,train/iou_class_0,0.0
1423,359,train/iou_class_0,0.029811009764671326
1424,431,train/iou_class_0,0.005869405809789896
1425,503,train/iou_class_0,0.12021144479513168
1426,575,train/iou_class_0,0.20263376832008362
1427,647,train/iou_class_0,0.2117929458618164
1428,719,train/iou_class_0,0.30156347155570984
1429,791,train/iou_class_0,0.2102787345647812
1430,863,train/iou_class_0,0.2055283635854721
1431,935,train/iou_class_0,0.09888193756341934
1432,1007,train/iou_class_0,0.21508543193340302
1433,1079,train/iou_class_0,0.259561687707901
1434,1151,train/iou_class_0,0.21500366926193237
1435,1223,train/iou_class_0,0.21540096402168274
1436,1295,train/iou_class_0,0.1765100061893463
1437,1367,train/iou_class_0,0.2954636812210083
1438,1439,train/iou_class_0,0.19752295315265656
1439,1511,train/iou_class_0,0.22276514768600464
1440,1583,train/iou_class_0,0.13071773946285248
1441,1655,train/iou_class_0,0.2986467778682709
1442,1727,train/iou_class_0,0.21857373416423798
1443,1799,train/iou_class_0,0.2119794487953186
1444,1871,train/iou_class_0,0.25254470109939575
1445,1943,train/iou_class_0,0.2581993341445923
1446,2015,train/iou_class_0,0.1511884331703186
1447,2087,train/iou_class_0,0.1796361356973648
1448,2159,train/iou_class_0,0.23962563276290894
1449,2231,train/iou_class_0,0.2646641135215759
1450,2303,train/iou_class_0,0.27201515436172485
1451,2375,train/iou_class_0,0.3064071238040924
1452,2447,train/iou_class_0,0.10477489233016968
1453,2519,train/iou_class_0,0.21736659109592438
1454,2591,train/iou_class_0,0.22966712713241577
1455,2663,train/iou_class_0,0.20786719024181366
1456,2735,train/iou_class_0,0.26657915115356445
1457,2807,train/iou_class_0,0.18008682131767273
1458,2879,train/iou_class_0,0.25961485505104065
1459,2951,train/iou_class_0,0.2580844759941101
1460,3023,train/iou_class_0,0.276795893907547
1461,3095,train/iou_class_0,0.23000334203243256
1462,3167,train/iou_class_0,0.21158429980278015
1463,3239,train/iou_class_0,0.21353267133235931
1464,3311,train/iou_class_0,0.2531210482120514
1465,3383,train/iou_class_0,0.2745771110057831
1466,3455,train/iou_class_0,0.28713199496269226
1467,3527,train/iou_class_0,0.21954725682735443
1468,3599,train/iou_class_0,0.21916285157203674
1469,3671,train/iou_class_0,0.34712713956832886
1470,3743,train/iou_class_0,0.17330674827098846
1471,3815,train/iou_class_0,0.23259878158569336
1472,3887,train/iou_class_0,0.2648583948612213
1473,3959,train/iou_class_0,0.1837339848279953
1474,4031,train/iou_class_0,0.20557716488838196
1475,4103,train/iou_class_0,0.22805586457252502
1476,4175,train/iou_class_0,0.18814069032669067
1477,4247,train/iou_class_0,0.2800922095775604
1478,4319,train/iou_class_0,0.21282486617565155
1479,4391,train/iou_class_0,0.278252512216568
1480,4463,train/iou_class_0,0.21791227161884308
1481,4535,train/iou_class_0,0.23892857134342194
1482,4607,train/iou_class_0,0.25018686056137085
1483,4679,train/iou_class_0,0.22554223239421844
1484,4751,train/iou_class_0,0.23827053606510162
1485,4823,train/iou_class_0,0.28406137228012085
1486,4895,train/iou_class_0,0.2607790529727936
1487,71,train/iou_class_1,0.00017805832612793893
1488,143,train/iou_class_1,9.167368261842057e-05
1489,215,train/iou_class_1,0.0
1490,287,train/iou_class_1,4.283905582269654e-05
1491,359,train/iou_class_1,0.0002168632490793243
1492,431,train/iou_class_1,0.0004400072793941945
1493,503,train/iou_class_1,0.0007640553521923721
1494,575,train/iou_class_1,8.621155575383455e-05
1495,647,train/iou_class_1,0.0002472005726303905
1496,719,train/iou_class_1,0.00028726481832563877
1497,791,train/iou_class_1,4.182706470601261e-05
1498,863,train/iou_class_1,0.00012027301272610202
1499,935,train/iou_class_1,0.00017380149802193046
1500,1007,train/iou_class_1,0.00053677789401263
1501,1079,train/iou_class_1,0.0
1502,1151,train/iou_class_1,0.00028845013002865016
1503,1223,train/iou_class_1,0.0015267751878127456
1504,1295,train/iou_class_1,0.0008918788516893983
1505,1367,train/iou_class_1,0.020420661196112633
1506,1439,train/iou_class_1,0.002253765007480979
1507,1511,train/iou_class_1,0.014573466964066029
1508,1583,train/iou_class_1,0.014506407082080841
1509,1655,train/iou_class_1,0.009073949418962002
1510,1727,train/iou_class_1,0.018089111894369125
1511,1799,train/iou_class_1,0.043835390359163284
1512,1871,train/iou_class_1,0.07590953260660172
1513,1943,train/iou_class_1,0.05340077728033066
1514,2015,train/iou_class_1,0.06463829427957535
1515,2087,train/iou_class_1,0.09484120458364487
1516,2159,train/iou_class_1,0.060826145112514496
1517,2231,train/iou_class_1,0.10692137479782104
1518,2303,train/iou_class_1,0.1612386703491211
1519,2375,train/iou_class_1,0.13576263189315796
1520,2447,train/iou_class_1,0.1314944326877594
1521,2519,train/iou_class_1,0.13437865674495697
1522,2591,train/iou_class_1,0.12637746334075928
1523,2663,train/iou_class_1,0.18705348670482635
1524,2735,train/iou_class_1,0.15272638201713562
1525,2807,train/iou_class_1,0.09133881330490112
1526,2879,train/iou_class_1,0.0743856430053711
1527,2951,train/iou_class_1,0.09276353567838669
1528,3023,train/iou_class_1,0.12726671993732452
1529,3095,train/iou_class_1,0.1049971878528595
1530,3167,train/iou_class_1,0.16755111515522003
1531,3239,train/iou_class_1,0.14894403517246246
1532,3311,train/iou_class_1,0.13860508799552917
1533,3383,train/iou_class_1,0.17987294495105743
1534,3455,train/iou_class_1,0.14475157856941223
1535,3527,train/iou_class_1,0.16046331822872162
1536,3599,train/iou_class_1,0.17386475205421448
1537,3671,train/iou_class_1,0.13849417865276337
1538,3743,train/iou_class_1,0.14698515832424164
1539,3815,train/iou_class_1,0.2328699231147766
1540,3887,train/iou_class_1,0.21689903736114502
1541,3959,train/iou_class_1,0.22595426440238953
1542,4031,train/iou_class_1,0.20939791202545166
1543,4103,train/iou_class_1,0.19669495522975922
1544,4175,train/iou_class_1,0.20295876264572144
1545,4247,train/iou_class_1,0.20696116983890533
1546,4319,train/iou_class_1,0.21009938418865204
1547,4391,train/iou_class_1,0.2319919317960739
1548,4463,train/iou_class_1,0.2311316281557083
1549,4535,train/iou_class_1,0.2504420876502991
1550,4607,train/iou_class_1,0.26530972123146057
1551,4679,train/iou_class_1,0.2902304232120514
1552,4751,train/iou_class_1,0.273053914308548
1553,4823,train/iou_class_1,0.2721867561340332
1554,4895,train/iou_class_1,0.26880624890327454
1555,71,train/iou_class_2,0.20809687674045563
1556,143,train/iou_class_2,0.2616695165634155
1557,215,train/iou_class_2,0.26589906215667725
1558,287,train/iou_class_2,0.2905798852443695
1559,359,train/iou_class_2,0.3058340549468994
1560,431,train/iou_class_2,0.30810925364494324
1561,503,train/iou_class_2,0.31755149364471436
1562,575,train/iou_class_2,0.3301613926887512
1563,647,train/iou_class_2,0.33742019534111023
1564,719,train/iou_class_2,0.34432217478752136
1565,791,train/iou_class_2,0.34441912174224854
1566,863,train/iou_class_2,0.3516027331352234
1567,935,train/iou_class_2,0.3691767454147339
1568,1007,train/iou_class_2,0.3558467924594879
1569,1079,train/iou_class_2,0.34603381156921387
1570,1151,train/iou_class_2,0.38948434591293335
1571,1223,train/iou_class_2,0.36125633120536804
1572,1295,train/iou_class_2,0.3874147832393646
1573,1367,train/iou_class_2,0.38948768377304077
1574,1439,train/iou_class_2,0.3820423185825348
1575,1511,train/iou_class_2,0.3913390040397644
1576,1583,train/iou_class_2,0.40078166127204895
1577,1655,train/iou_class_2,0.4066216051578522
1578,1727,train/iou_class_2,0.3956109881401062
1579,1799,train/iou_class_2,0.3968394100666046
1580,1871,train/iou_class_2,0.39984023571014404
1581,1943,train/iou_class_2,0.3906569182872772
1582,2015,train/iou_class_2,0.4064583480358124
1583,2087,train/iou_class_2,0.4135684370994568
1584,2159,train/iou_class_2,0.4159984290599823
1585,2231,train/iou_class_2,0.42468759417533875
1586,2303,train/iou_class_2,0.43301504850387573
1587,2375,train/iou_class_2,0.4341355860233307
1588,2447,train/iou_class_2,0.436022013425827
1589,2519,train/iou_class_2,0.43160441517829895
1590,2591,train/iou_class_2,0.42240840196609497
1591,2663,train/iou_class_2,0.41908544301986694
1592,2735,train/iou_class_2,0.4118497967720032
1593,2807,train/iou_class_2,0.4170185327529907
1594,2879,train/iou_class_2,0.4330570101737976
1595,2951,train/iou_class_2,0.440713107585907
1596,3023,train/iou_class_2,0.41803205013275146
1597,3095,train/iou_class_2,0.43105122447013855
1598,3167,train/iou_class_2,0.44148221611976624
1599,3239,train/iou_class_2,0.4352499544620514
1600,3311,train/iou_class_2,0.44476479291915894
1601,3383,train/iou_class_2,0.44295457005500793
1602,3455,train/iou_class_2,0.4571661949157715
1603,3527,train/iou_class_2,0.4546242356300354
1604,3599,train/iou_class_2,0.4580327272415161
1605,3671,train/iou_class_2,0.45899513363838196
1606,3743,train/iou_class_2,0.4611870050430298
1607,3815,train/iou_class_2,0.4682353138923645
1608,3887,train/iou_class_2,0.46025192737579346
1609,3959,train/iou_class_2,0.4648701548576355
1610,4031,train/iou_class_2,0.45548707246780396
1611,4103,train/iou_class_2,0.4700816869735718
1612,4175,train/iou_class_2,0.4717012643814087
1613,4247,train/iou_class_2,0.47883862257003784
1614,4319,train/iou_class_2,0.4784030318260193
1615,4391,train/iou_class_2,0.47270745038986206
1616,4463,train/iou_class_2,0.4756590723991394
1617,4535,train/iou_class_2,0.4802042543888092
1618,4607,train/iou_class_2,0.47501084208488464
1619,4679,train/iou_class_2,0.48926910758018494
1620,4751,train/iou_class_2,0.4863778054714203
1621,4823,train/iou_class_2,0.47806456685066223
1622,4895,train/iou_class_2,0.4750717282295227
1623,71,train/iou_class_3,0.25081127882003784
1624,143,train/iou_class_3,0.27562612295150757
1625,215,train/iou_class_3,0.29777437448501587
1626,287,train/iou_class_3,0.31297725439071655
1627,359,train/iou_class_3,0.30435729026794434
1628,431,train/iou_class_3,0.3147903084754944
1629,503,train/iou_class_3,0.31457868218421936
1630,575,train/iou_class_3,0.33022400736808777
1631,647,train/iou_class_3,0.32819119095802307
1632,719,train/iou_class_3,0.342507541179657
1633,791,train/iou_class_3,0.33573800325393677
1634,863,train/iou_class_3,0.3506614565849304
1635,935,train/iou_class_3,0.3566948175430298
1636,1007,train/iou_class_3,0.3579008877277374
1637,1079,train/iou_class_3,0.35491910576820374
1638,1151,train/iou_class_3,0.3770989179611206
1639,1223,train/iou_class_3,0.3622719943523407
1640,1295,train/iou_class_3,0.372418075799942
1641,1367,train/iou_class_3,0.36687442660331726
1642,1439,train/iou_class_3,0.37528881430625916
1643,1511,train/iou_class_3,0.3763945996761322
1644,1583,train/iou_class_3,0.38478586077690125
1645,1655,train/iou_class_3,0.36605697870254517
1646,1727,train/iou_class_3,0.38549184799194336
1647,1799,train/iou_class_3,0.38776400685310364
1648,1871,train/iou_class_3,0.37296801805496216
1649,1943,train/iou_class_3,0.39345264434814453
1650,2015,train/iou_class_3,0.39250484108924866
1651,2087,train/iou_class_3,0.39729705452919006
1652,2159,train/iou_class_3,0.3940292000770569
1653,2231,train/iou_class_3,0.38929370045661926
1654,2303,train/iou_class_3,0.4032474160194397
1655,2375,train/iou_class_3,0.4068232476711273
1656,2447,train/iou_class_3,0.40178602933883667
1657,2519,train/iou_class_3,0.41999539732933044
1658,2591,train/iou_class_3,0.41347363591194153
1659,2663,train/iou_class_3,0.40830162167549133
1660,2735,train/iou_class_3,0.4047853648662567
1661,2807,train/iou_class_3,0.42294198274612427
1662,2879,train/iou_class_3,0.41313081979751587
1663,2951,train/iou_class_3,0.417810320854187
1664,3023,train/iou_class_3,0.4178403913974762
1665,3095,train/iou_class_3,0.41966190934181213
1666,3167,train/iou_class_3,0.41965705156326294
1667,3239,train/iou_class_3,0.4236004054546356
1668,3311,train/iou_class_3,0.43282291293144226
1669,3383,train/iou_class_3,0.42599916458129883
1670,3455,train/iou_class_3,0.4372249245643616
1671,3527,train/iou_class_3,0.4457821249961853
1672,3599,train/iou_class_3,0.4305106997489929
1673,3671,train/iou_class_3,0.4439341425895691
1674,3743,train/iou_class_3,0.4265401065349579
1675,3815,train/iou_class_3,0.441621869802475
1676,3887,train/iou_class_3,0.4377802312374115
1677,3959,train/iou_class_3,0.4417797327041626
1678,4031,train/iou_class_3,0.4465816915035248
1679,4103,train/iou_class_3,0.44454333186149597
1680,4175,train/iou_class_3,0.45125120878219604
1681,4247,train/iou_class_3,0.44748178124427795
1682,4319,train/iou_class_3,0.4579205811023712
1683,4391,train/iou_class_3,0.4524401128292084
1684,4463,train/iou_class_3,0.4652653634548187
1685,4535,train/iou_class_3,0.44988158345222473
1686,4607,train/iou_class_3,0.45941221714019775
1687,4679,train/iou_class_3,0.4537244439125061
1688,4751,train/iou_class_3,0.4558212459087372
1689,4823,train/iou_class_3,0.4592089056968689
1690,4895,train/iou_class_3,0.46607935428619385
1691,71,train/iou_class_4,0.011434129439294338
1692,143,train/iou_class_4,0.11645194888114929
1693,215,train/iou_class_4,0.16361874341964722
1694,287,train/iou_class_4,0.19980263710021973
1695,359,train/iou_class_4,0.22524501383304596
1696,431,train/iou_class_4,0.24250075221061707
1697,503,train/iou_class_4,0.24749793112277985
1698,575,train/iou_class_4,0.24494551122188568
1699,647,train/iou_class_4,0.29484277963638306
1700,719,train/iou_class_4,0.2859618663787842
1701,791,train/iou_class_4,0.30300232768058777
1702,863,train/iou_class_4,0.3219267427921295
1703,935,train/iou_class_4,0.33500155806541443
1704,1007,train/iou_class_4,0.3297065198421478
1705,1079,train/iou_class_4,0.34431347250938416
1706,1151,train/iou_class_4,0.34518444538116455
1707,1223,train/iou_class_4,0.35370853543281555
1708,1295,train/iou_class_4,0.372043639421463
1709,1367,train/iou_class_4,0.3640688955783844
1710,1439,train/iou_class_4,0.3759189248085022
1711,1511,train/iou_class_4,0.39468470215797424
1712,1583,train/iou_class_4,0.3848174214363098
1713,1655,train/iou_class_4,0.38949429988861084
1714,1727,train/iou_class_4,0.4033429026603699
1715,1799,train/iou_class_4,0.4110047221183777
1716,1871,train/iou_class_4,0.41213029623031616
1717,1943,train/iou_class_4,0.4009055495262146
1718,2015,train/iou_class_4,0.4079269468784332
1719,2087,train/iou_class_4,0.4243149757385254
1720,2159,train/iou_class_4,0.42733702063560486
1721,2231,train/iou_class_4,0.42021554708480835
1722,2303,train/iou_class_4,0.42827093601226807
1723,2375,train/iou_class_4,0.4366298317909241
1724,2447,train/iou_class_4,0.4265784025192261
1725,2519,train/iou_class_4,0.4379156231880188
1726,2591,train/iou_class_4,0.4457157552242279
1727,2663,train/iou_class_4,0.43904417753219604
1728,2735,train/iou_class_4,0.43804511427879333
1729,2807,train/iou_class_4,0.4451383352279663
1730,2879,train/iou_class_4,0.4511837363243103
1731,2951,train/iou_class_4,0.4392215311527252
1732,3023,train/iou_class_4,0.4382842779159546
1733,3095,train/iou_class_4,0.4435393214225769
1734,3167,train/iou_class_4,0.48124679923057556
1735,3239,train/iou_class_4,0.47292423248291016
1736,3311,train/iou_class_4,0.47014057636260986
1737,3383,train/iou_class_4,0.46457988023757935
1738,3455,train/iou_class_4,0.4771305024623871
1739,3527,train/iou_class_4,0.4694965183734894
1740,3599,train/iou_class_4,0.47383278608322144
1741,3671,train/iou_class_4,0.47538691759109497
1742,3743,train/iou_class_4,0.49122679233551025
1743,3815,train/iou_class_4,0.47166016697883606
1744,3887,train/iou_class_4,0.47976967692375183
1745,3959,train/iou_class_4,0.4849769175052643
1746,4031,train/iou_class_4,0.4969681203365326
1747,4103,train/iou_class_4,0.4899815320968628
1748,4175,train/iou_class_4,0.5032116174697876
1749,4247,train/iou_class_4,0.49669942259788513
1750,4319,train/iou_class_4,0.4997941255569458
1751,4391,train/iou_class_4,0.5098853707313538
1752,4463,train/iou_class_4,0.5015579462051392
1753,4535,train/iou_class_4,0.5010760426521301
1754,4607,train/iou_class_4,0.5051226615905762
1755,4679,train/iou_class_4,0.4937936067581177
1756,4751,train/iou_class_4,0.5116581320762634
1757,4823,train/iou_class_4,0.518153727054596
1758,4895,train/iou_class_4,0.5168914198875427
1759,71,train/iou_class_5,0.3880314826965332
1760,143,train/iou_class_5,0.4934435486793518
1761,215,train/iou_class_5,0.5019028782844543
1762,287,train/iou_class_5,0.5063429474830627
1763,359,train/iou_class_5,0.5338523387908936
1764,431,train/iou_class_5,0.5349576473236084
1765,503,train/iou_class_5,0.5464162230491638
1766,575,train/iou_class_5,0.5330144166946411
1767,647,train/iou_class_5,0.5491823554039001
1768,719,train/iou_class_5,0.5515424609184265
1769,791,train/iou_class_5,0.5358707904815674
1770,863,train/iou_class_5,0.5532864332199097
1771,935,train/iou_class_5,0.5723904371261597
1772,1007,train/iou_class_5,0.5558358430862427
1773,1079,train/iou_class_5,0.5720428824424744
1774,1151,train/iou_class_5,0.5792616605758667
1775,1223,train/iou_class_5,0.5627745985984802
1776,1295,train/iou_class_5,0.5852409601211548
1777,1367,train/iou_class_5,0.5683051347732544
1778,1439,train/iou_class_5,0.5820961594581604
1779,1511,train/iou_class_5,0.5921173691749573
1780,1583,train/iou_class_5,0.5840440988540649
1781,1655,train/iou_class_5,0.5915557146072388
1782,1727,train/iou_class_5,0.5853221416473389
1783,1799,train/iou_class_5,0.5925053954124451
1784,1871,train/iou_class_5,0.589814305305481
1785,1943,train/iou_class_5,0.5836527347564697
1786,2015,train/iou_class_5,0.5926308631896973
1787,2087,train/iou_class_5,0.5943464040756226
1788,2159,train/iou_class_5,0.5991396307945251
1789,2231,train/iou_class_5,0.6190049052238464
1790,2303,train/iou_class_5,0.6009058952331543
1791,2375,train/iou_class_5,0.6042526960372925
1792,2447,train/iou_class_5,0.6040334701538086
1793,2519,train/iou_class_5,0.6002677083015442
1794,2591,train/iou_class_5,0.5976446270942688
1795,2663,train/iou_class_5,0.6046632528305054
1796,2735,train/iou_class_5,0.6093712449073792
1797,2807,train/iou_class_5,0.5977673530578613
1798,2879,train/iou_class_5,0.6068340539932251
1799,2951,train/iou_class_5,0.6080843806266785
1800,3023,train/iou_class_5,0.6136239171028137
1801,3095,train/iou_class_5,0.6081908941268921
1802,3167,train/iou_class_5,0.6173840165138245
1803,3239,train/iou_class_5,0.611122190952301
1804,3311,train/iou_class_5,0.6277262568473816
1805,3383,train/iou_class_5,0.6196708679199219
1806,3455,train/iou_class_5,0.618471622467041
1807,3527,train/iou_class_5,0.6300933361053467
1808,3599,train/iou_class_5,0.6154050230979919
1809,3671,train/iou_class_5,0.6162679195404053
1810,3743,train/iou_class_5,0.6246814131736755
1811,3815,train/iou_class_5,0.6260833740234375
1812,3887,train/iou_class_5,0.6304686665534973
1813,3959,train/iou_class_5,0.6301660537719727
1814,4031,train/iou_class_5,0.6271112561225891
1815,4103,train/iou_class_5,0.6384610533714294
1816,4175,train/iou_class_5,0.6272226572036743
1817,4247,train/iou_class_5,0.6340357661247253
1818,4319,train/iou_class_5,0.6254064440727234
1819,4391,train/iou_class_5,0.6307594180107117
1820,4463,train/iou_class_5,0.6326325535774231
1821,4535,train/iou_class_5,0.648987352848053
1822,4607,train/iou_class_5,0.6393089890480042
1823,4679,train/iou_class_5,0.6424240469932556
1824,4751,train/iou_class_5,0.645732045173645
1825,4823,train/iou_class_5,0.6453559994697571
1826,4895,train/iou_class_5,0.6413659453392029
1827,71,train/iou_class_6,0.03720800578594208
1828,143,train/iou_class_6,0.11554450541734695
1829,215,train/iou_class_6,0.11830885708332062
1830,287,train/iou_class_6,0.13160456717014313
1831,359,train/iou_class_6,0.125831738114357
1832,431,train/iou_class_6,0.19375020265579224
1833,503,train/iou_class_6,0.13718439638614655
1834,575,train/iou_class_6,0.13327853381633759
1835,647,train/iou_class_6,0.15974456071853638
1836,719,train/iou_class_6,0.16659466922283173
1837,791,train/iou_class_6,0.13660317659378052
1838,863,train/iou_class_6,0.20079362392425537
1839,935,train/iou_class_6,0.18979108333587646
1840,1007,train/iou_class_6,0.2740718126296997
1841,1079,train/iou_class_6,0.23502790927886963
1842,1151,train/iou_class_6,0.24594761431217194
1843,1223,train/iou_class_6,0.2402125597000122
1844,1295,train/iou_class_6,0.2968613803386688
1845,1367,train/iou_class_6,0.2373078465461731
1846,1439,train/iou_class_6,0.26496410369873047
1847,1511,train/iou_class_6,0.2754096984863281
1848,1583,train/iou_class_6,0.3371851146221161
1849,1655,train/iou_class_6,0.25475192070007324
1850,1727,train/iou_class_6,0.27966615557670593
1851,1799,train/iou_class_6,0.3415556252002716
1852,1871,train/iou_class_6,0.3183780908584595
1853,1943,train/iou_class_6,0.27759790420532227
1854,2015,train/iou_class_6,0.2606317102909088
1855,2087,train/iou_class_6,0.318180650472641
1856,2159,train/iou_class_6,0.3679370880126953
1857,2231,train/iou_class_6,0.3570842444896698
1858,2303,train/iou_class_6,0.3468957245349884
1859,2375,train/iou_class_6,0.35281872749328613
1860,2447,train/iou_class_6,0.35454121232032776
1861,2519,train/iou_class_6,0.3403622806072235
1862,2591,train/iou_class_6,0.35680559277534485
1863,2663,train/iou_class_6,0.4129745066165924
1864,2735,train/iou_class_6,0.36641645431518555
1865,2807,train/iou_class_6,0.4174266755580902
1866,2879,train/iou_class_6,0.38747259974479675
1867,2951,train/iou_class_6,0.3604661822319031
1868,3023,train/iou_class_6,0.40118730068206787
1869,3095,train/iou_class_6,0.3855065703392029
1870,3167,train/iou_class_6,0.3803160786628723
1871,3239,train/iou_class_6,0.42303475737571716
1872,3311,train/iou_class_6,0.38612568378448486
1873,3383,train/iou_class_6,0.4357554316520691
1874,3455,train/iou_class_6,0.45990076661109924
1875,3527,train/iou_class_6,0.4407551884651184
1876,3599,train/iou_class_6,0.3938286006450653
1877,3671,train/iou_class_6,0.46706724166870117
1878,3743,train/iou_class_6,0.47464796900749207
1879,3815,train/iou_class_6,0.49188658595085144
1880,3887,train/iou_class_6,0.4669519066810608
1881,3959,train/iou_class_6,0.4757387936115265
1882,4031,train/iou_class_6,0.4748552739620209
1883,4103,train/iou_class_6,0.5269546508789062
1884,4175,train/iou_class_6,0.5155521035194397
1885,4247,train/iou_class_6,0.49753427505493164
1886,4319,train/iou_class_6,0.45379090309143066
1887,4391,train/iou_class_6,0.5506104230880737
1888,4463,train/iou_class_6,0.5069956183433533
1889,4535,train/iou_class_6,0.42544326186180115
1890,4607,train/iou_class_6,0.5178837776184082
1891,4679,train/iou_class_6,0.5151846408843994
1892,4751,train/iou_class_6,0.5442720055580139
1893,4823,train/iou_class_6,0.5277408361434937
1894,4895,train/iou_class_6,0.48442211747169495
1895,71,train/iou_class_7,0.1664477288722992
1896,143,train/iou_class_7,0.2135884165763855
1897,215,train/iou_class_7,0.3059631884098053
1898,287,train/iou_class_7,0.334144651889801
1899,359,train/iou_class_7,0.33739015460014343
1900,431,train/iou_class_7,0.3868541419506073
1901,503,train/iou_class_7,0.34316539764404297
1902,575,train/iou_class_7,0.3719969391822815
1903,647,train/iou_class_7,0.4049142897129059
1904,719,train/iou_class_7,0.4381386339664459
1905,791,train/iou_class_7,0.4227161109447479
1906,863,train/iou_class_7,0.44150862097740173
1907,935,train/iou_class_7,0.4649817645549774
1908,1007,train/iou_class_7,0.41492998600006104
1909,1079,train/iou_class_7,0.4153640568256378
1910,1151,train/iou_class_7,0.486959308385849
1911,1223,train/iou_class_7,0.44627150893211365
1912,1295,train/iou_class_7,0.4824596047401428
1913,1367,train/iou_class_7,0.487722784280777
1914,1439,train/iou_class_7,0.49096933007240295
1915,1511,train/iou_class_7,0.5055170059204102
1916,1583,train/iou_class_7,0.5002642869949341
1917,1655,train/iou_class_7,0.4719492793083191
1918,1727,train/iou_class_7,0.5430426597595215
1919,1799,train/iou_class_7,0.516508162021637
1920,1871,train/iou_class_7,0.47637736797332764
1921,1943,train/iou_class_7,0.4646240472793579
1922,2015,train/iou_class_7,0.5128335952758789
1923,2087,train/iou_class_7,0.5202561020851135
1924,2159,train/iou_class_7,0.5518525242805481
1925,2231,train/iou_class_7,0.5598406791687012
1926,2303,train/iou_class_7,0.5575788617134094
1927,2375,train/iou_class_7,0.5501062870025635
1928,2447,train/iou_class_7,0.5749400854110718
1929,2519,train/iou_class_7,0.5567519068717957
1930,2591,train/iou_class_7,0.5899609923362732
1931,2663,train/iou_class_7,0.5489805936813354
1932,2735,train/iou_class_7,0.5675435066223145
1933,2807,train/iou_class_7,0.5362430214881897
1934,2879,train/iou_class_7,0.5675554871559143
1935,2951,train/iou_class_7,0.5731024146080017
1936,3023,train/iou_class_7,0.5405564308166504
1937,3095,train/iou_class_7,0.5592020750045776
1938,3167,train/iou_class_7,0.5966392159461975
1939,3239,train/iou_class_7,0.5751351118087769
1940,3311,train/iou_class_7,0.6043302416801453
1941,3383,train/iou_class_7,0.5649991035461426
1942,3455,train/iou_class_7,0.5841609835624695
1943,3527,train/iou_class_7,0.6188790202140808
1944,3599,train/iou_class_7,0.5753478407859802
1945,3671,train/iou_class_7,0.5784100294113159
1946,3743,train/iou_class_7,0.6048332452774048
1947,3815,train/iou_class_7,0.5937942862510681
1948,3887,train/iou_class_7,0.6491660475730896
1949,3959,train/iou_class_7,0.6425615549087524
1950,4031,train/iou_class_7,0.648381233215332
1951,4103,train/iou_class_7,0.6340128779411316
1952,4175,train/iou_class_7,0.6225910782814026
1953,4247,train/iou_class_7,0.6187440752983093
1954,4319,train/iou_class_7,0.6345406770706177
1955,4391,train/iou_class_7,0.6230797171592712
1956,4463,train/iou_class_7,0.6382145285606384
1957,4535,train/iou_class_7,0.622839093208313
1958,4607,train/iou_class_7,0.6564821004867554
1959,4679,train/iou_class_7,0.6669321656227112
1960,4751,train/iou_class_7,0.6782276630401611
1961,4823,train/iou_class_7,0.6697551012039185
1962,4895,train/iou_class_7,0.6509385704994202
1963,71,train/iou_class_8,0.379724383354187
1964,143,train/iou_class_8,0.4711838364601135
1965,215,train/iou_class_8,0.5216330289840698
1966,287,train/iou_class_8,0.5324301719665527
1967,359,train/iou_class_8,0.5595794916152954
1968,431,train/iou_class_8,0.5647912621498108
1969,503,train/iou_class_8,0.5675367116928101
1970,575,train/iou_class_8,0.5799143314361572
1971,647,train/iou_class_8,0.5871298313140869
1972,719,train/iou_class_8,0.5944845080375671
1973,791,train/iou_class_8,0.5924926400184631
1974,863,train/iou_class_8,0.6112524271011353
1975,935,train/iou_class_8,0.6204498410224915
1976,1007,train/iou_class_8,0.6208563446998596
1977,1079,train/iou_class_8,0.6167497634887695
1978,1151,train/iou_class_8,0.6337985992431641
1979,1223,train/iou_class_8,0.6258370280265808
1980,1295,train/iou_class_8,0.6273983716964722
1981,1367,train/iou_class_8,0.6337146162986755
1982,1439,train/iou_class_8,0.6477277874946594
1983,1511,train/iou_class_8,0.6432313323020935
1984,1583,train/iou_class_8,0.6398765444755554
1985,1655,train/iou_class_8,0.6372422575950623
1986,1727,train/iou_class_8,0.6589450836181641
1987,1799,train/iou_class_8,0.6494501233100891
1988,1871,train/iou_class_8,0.6501577496528625
1989,1943,train/iou_class_8,0.6484174132347107
1990,2015,train/iou_class_8,0.6552930474281311
1991,2087,train/iou_class_8,0.6600674390792847
1992,2159,train/iou_class_8,0.6660668253898621
1993,2231,train/iou_class_8,0.6645399332046509
1994,2303,train/iou_class_8,0.667111873626709
1995,2375,train/iou_class_8,0.6704902648925781
1996,2447,train/iou_class_8,0.6711073517799377
1997,2519,train/iou_class_8,0.6772350668907166
1998,2591,train/iou_class_8,0.6788411140441895
1999,2663,train/iou_class_8,0.6731275320053101
2000,2735,train/iou_class_8,0.6765505075454712
2001,2807,train/iou_class_8,0.6807921528816223
2002,2879,train/iou_class_8,0.6861189603805542
2003,2951,train/iou_class_8,0.6774039268493652
2004,3023,train/iou_class_8,0.6598532795906067
2005,3095,train/iou_class_8,0.6787717938423157
2006,3167,train/iou_class_8,0.6869856119155884
2007,3239,train/iou_class_8,0.6942195296287537
2008,3311,train/iou_class_8,0.6943784356117249
2009,3383,train/iou_class_8,0.6939651966094971
2010,3455,train/iou_class_8,0.6957913637161255
2011,3527,train/iou_class_8,0.703393280506134
2012,3599,train/iou_class_8,0.6924495100975037
2013,3671,train/iou_class_8,0.7021604180335999
2014,3743,train/iou_class_8,0.7002736330032349
2015,3815,train/iou_class_8,0.705971360206604
2016,3887,train/iou_class_8,0.7069375514984131
2017,3959,train/iou_class_8,0.7025793790817261
2018,4031,train/iou_class_8,0.7059921026229858
2019,4103,train/iou_class_8,0.7078193426132202
2020,4175,train/iou_class_8,0.7158429622650146
2021,4247,train/iou_class_8,0.7161054015159607
2022,4319,train/iou_class_8,0.7112951278686523
2023,4391,train/iou_class_8,0.7168790698051453
2024,4463,train/iou_class_8,0.7142943143844604
2025,4535,train/iou_class_8,0.7241197228431702
2026,4607,train/iou_class_8,0.725308895111084
2027,4679,train/iou_class_8,0.7239365577697754
2028,4751,train/iou_class_8,0.7189083099365234
2029,4823,train/iou_class_8,0.7287813425064087
2030,4895,train/iou_class_8,0.7240346074104309
2031,71,train_mIoU,0.16021467745304108
2032,143,train_mIoU,0.21639998257160187
2033,215,train_mIoU,0.24167780578136444
2034,287,train_mIoU,0.2564361095428467
2035,359,train_mIoU,0.26912423968315125
2036,431,train_mIoU,0.283562570810318
2037,503,train_mIoU,0.28832292556762695
2038,575,train_mIoU,0.3029172420501709
2039,647,train_mIoU,0.3192739486694336
2040,719,train_mIoU,0.33615580201148987
2041,791,train_mIoU,0.3201292157173157
2042,863,train_mIoU,0.33740898966789246
2043,935,train_mIoU,0.33417126536369324
2044,1007,train_mIoU,0.34719669818878174
2045,1079,train_mIoU,0.3493347764015198
2046,1151,train_mIoU,0.36366960406303406
2047,1223,train_mIoU,0.35214003920555115
2048,1295,train_mIoU,0.366804301738739
2049,1367,train_mIoU,0.37370729446411133
2050,1439,train_mIoU,0.3687537908554077
2051,1511,train_mIoU,0.37955909967422485
2052,1583,train_mIoU,0.3752198815345764
2053,1655,train_mIoU,0.38059911131858826
2054,1727,train_mIoU,0.38756492733955383
2055,1799,train_mIoU,0.3946046233177185
2056,1871,train_mIoU,0.3942355811595917
2057,1943,train_mIoU,0.38565635681152344
2058,2015,train_mIoU,0.38267841935157776
2059,2087,train_mIoU,0.4002787172794342
2060,2159,train_mIoU,0.4136458933353424
2061,2231,train_mIoU,0.42291688919067383
2062,2303,train_mIoU,0.43003109097480774
2063,2375,train_mIoU,0.43304741382598877
2064,2447,train_mIoU,0.4116975665092468
2065,2519,train_mIoU,0.4239864647388458
2066,2591,train_mIoU,0.42898833751678467
2067,2663,train_mIoU,0.4334554076194763
2068,2735,train_mIoU,0.4326520264148712
2069,2807,train_mIoU,0.42097267508506775
2070,2879,train_mIoU,0.4310391843318939
2071,2951,train_mIoU,0.4297388792037964
2072,3023,train_mIoU,0.43260449171066284
2073,3095,train_mIoU,0.4289915859699249
2074,3167,train_mIoU,0.44476062059402466
2075,3239,train_mIoU,0.44419586658477783
2076,3311,train_mIoU,0.450223833322525
2077,3383,train_mIoU,0.4558192789554596
2078,3455,train_mIoU,0.4624144434928894
2079,3527,train_mIoU,0.46033722162246704
2080,3599,train_mIoU,0.44804835319519043
2081,3671,train_mIoU,0.46976032853126526
2082,3743,train_mIoU,0.4559646248817444
2083,3815,train_mIoU,0.4738578796386719
2084,3887,train_mIoU,0.47923150658607483
2085,3959,train_mIoU,0.4724844694137573
2086,4031,train_mIoU,0.4744836091995239
2087,4103,train_mIoU,0.4818449020385742
2088,4175,train_mIoU,0.4776081144809723
2089,4247,train_mIoU,0.48627692461013794
2090,4319,train_mIoU,0.47600826621055603
2091,4391,train_mIoU,0.4962896704673767
2092,4463,train_mIoU,0.4870738387107849
2093,4535,train_mIoU,0.48243576288223267
2094,4607,train_mIoU,0.49933627247810364
2095,4679,train_mIoU,0.5001152753829956
2096,4751,train_mIoU,0.5058135986328125
2097,4823,train_mIoU,0.5092565417289734
2098,4895,train_mIoU,0.49870991706848145
2099,71,train_pixel_accuracy,0.4152940809726715
2100,143,train_pixel_accuracy,0.4854639768600464
2101,215,train_pixel_accuracy,0.5149397253990173
2102,287,train_pixel_accuracy,0.5352503061294556
2103,359,train_pixel_accuracy,0.5502618551254272
2104,431,train_pixel_accuracy,0.5617348551750183
2105,503,train_pixel_accuracy,0.5582784414291382
2106,575,train_pixel_accuracy,0.5698821544647217
2107,647,train_pixel_accuracy,0.5842525959014893
2108,719,train_pixel_accuracy,0.5927215814590454
2109,791,train_pixel_accuracy,0.5878786444664001
2110,863,train_pixel_accuracy,0.6011759638786316
2111,935,train_pixel_accuracy,0.6145986914634705
2112,1007,train_pixel_accuracy,0.6063855290412903
2113,1079,train_pixel_accuracy,0.6084166169166565
2114,1151,train_pixel_accuracy,0.631392776966095
2115,1223,train_pixel_accuracy,0.615822434425354
2116,1295,train_pixel_accuracy,0.631313145160675
2117,1367,train_pixel_accuracy,0.6293617486953735
2118,1439,train_pixel_accuracy,0.6363664269447327
2119,1511,train_pixel_accuracy,0.6417611241340637
2120,1583,train_pixel_accuracy,0.6424559354782104
2121,1655,train_pixel_accuracy,0.6370479464530945
2122,1727,train_pixel_accuracy,0.6510000824928284
2123,1799,train_pixel_accuracy,0.6494266390800476
2124,1871,train_pixel_accuracy,0.6444356441497803
2125,1943,train_pixel_accuracy,0.6402579545974731
2126,2015,train_pixel_accuracy,0.651848554611206
2127,2087,train_pixel_accuracy,0.6588236689567566
2128,2159,train_pixel_accuracy,0.6650861501693726
2129,2231,train_pixel_accuracy,0.6709723472595215
2130,2303,train_pixel_accuracy,0.6734294891357422
2131,2375,train_pixel_accuracy,0.6736960411071777
2132,2447,train_pixel_accuracy,0.6755765080451965
2133,2519,train_pixel_accuracy,0.6758774518966675
2134,2591,train_pixel_accuracy,0.6760062575340271
2135,2663,train_pixel_accuracy,0.6736607551574707
2136,2735,train_pixel_accuracy,0.6751862168312073
2137,2807,train_pixel_accuracy,0.6748456358909607
2138,2879,train_pixel_accuracy,0.6799514889717102
2139,2951,train_pixel_accuracy,0.6803934574127197
2140,3023,train_pixel_accuracy,0.6708840727806091
2141,3095,train_pixel_accuracy,0.680010199546814
2142,3167,train_pixel_accuracy,0.6912660002708435
2143,3239,train_pixel_accuracy,0.6899185180664062
2144,3311,train_pixel_accuracy,0.6955399513244629
2145,3383,train_pixel_accuracy,0.6912471055984497
2146,3455,train_pixel_accuracy,0.6991081833839417
2147,3527,train_pixel_accuracy,0.7049760222434998
2148,3599,train_pixel_accuracy,0.6948316097259521
2149,3671,train_pixel_accuracy,0.7006070017814636
2150,3743,train_pixel_accuracy,0.7015092968940735
2151,3815,train_pixel_accuracy,0.7071833610534668
2152,3887,train_pixel_accuracy,0.7093561291694641
2153,3959,train_pixel_accuracy,0.710696816444397
2154,4031,train_pixel_accuracy,0.7120195031166077
2155,4103,train_pixel_accuracy,0.7148454189300537
2156,4175,train_pixel_accuracy,0.7154766917228699
2157,4247,train_pixel_accuracy,0.7150789499282837
2158,4319,train_pixel_accuracy,0.7166193723678589
2159,4391,train_pixel_accuracy,0.7183812260627747
2160,4463,train_pixel_accuracy,0.7213575839996338
2161,4535,train_pixel_accuracy,0.7237009406089783
2162,4607,train_pixel_accuracy,0.7250769734382629
2163,4679,train_pixel_accuracy,0.7280985116958618
2164,4751,train_pixel_accuracy,0.7297471761703491
2165,4823,train_pixel_accuracy,0.730974555015564
2166,4895,train_pixel_accuracy,0.7280396223068237
2167,71,train_macro_precision,0.27144601941108704
2168,143,train_macro_precision,0.3503009080886841
2169,215,train_macro_precision,0.37672117352485657
2170,287,train_macro_precision,0.39545485377311707
2171,359,train_macro_precision,0.40864098072052
2172,431,train_macro_precision,0.4280715584754944
2173,503,train_macro_precision,0.43749988079071045
2174,575,train_macro_precision,0.4482194483280182
2175,647,train_macro_precision,0.4675823450088501
2176,719,train_macro_precision,0.48484137654304504
2177,791,train_macro_precision,0.4640534520149231
2178,863,train_macro_precision,0.4845507740974426
2179,935,train_macro_precision,0.47725027799606323
2180,1007,train_macro_precision,0.4985907971858978
2181,1079,train_macro_precision,0.4908379912376404
2182,1151,train_macro_precision,0.5120315551757812
2183,1223,train_macro_precision,0.5079983472824097
2184,1295,train_macro_precision,0.5140305757522583
2185,1367,train_macro_precision,0.5267268419265747
2186,1439,train_macro_precision,0.518176794052124
2187,1511,train_macro_precision,0.5282324552536011
2188,1583,train_macro_precision,0.5261317491531372
2189,1655,train_macro_precision,0.5390005707740784
2190,1727,train_macro_precision,0.5386139154434204
2191,1799,train_macro_precision,0.5461496114730835
2192,1871,train_macro_precision,0.5565029978752136
2193,1943,train_macro_precision,0.5416964292526245
2194,2015,train_macro_precision,0.5372313857078552
2195,2087,train_macro_precision,0.5594518184661865
2196,2159,train_macro_precision,0.5678581595420837
2197,2231,train_macro_precision,0.5801891684532166
2198,2303,train_macro_precision,0.5851757526397705
2199,2375,train_macro_precision,0.5860406160354614
2200,2447,train_macro_precision,0.5647324323654175
2201,2519,train_macro_precision,0.5759811401367188
2202,2591,train_macro_precision,0.5854233503341675
2203,2663,train_macro_precision,0.5829610824584961
2204,2735,train_macro_precision,0.5854447484016418
2205,2807,train_macro_precision,0.5738547444343567
2206,2879,train_macro_precision,0.5804700255393982
2207,2951,train_macro_precision,0.5838915705680847
2208,3023,train_macro_precision,0.5899564623832703
2209,3095,train_macro_precision,0.5789240598678589
2210,3167,train_macro_precision,0.5958954095840454
2211,3239,train_macro_precision,0.5886408686637878
2212,3311,train_macro_precision,0.6008123755455017
2213,3383,train_macro_precision,0.6049802899360657
2214,3455,train_macro_precision,0.6063938736915588
2215,3527,train_macro_precision,0.6091596484184265
2216,3599,train_macro_precision,0.5974395871162415
2217,3671,train_macro_precision,0.6184142231941223
2218,3743,train_macro_precision,0.6058968305587769
2219,3815,train_macro_precision,0.6213014125823975
2220,3887,train_macro_precision,0.6213992238044739
2221,3959,train_macro_precision,0.6206685304641724
2222,4031,train_macro_precision,0.6186525821685791
2223,4103,train_macro_precision,0.6251680850982666
2224,4175,train_macro_precision,0.6177736520767212
2225,4247,train_macro_precision,0.6259670257568359
2226,4319,train_macro_precision,0.6191685795783997
2227,4391,train_macro_precision,0.6398056745529175
2228,4463,train_macro_precision,0.6282224059104919
2229,4535,train_macro_precision,0.6241526007652283
2230,4607,train_macro_precision,0.6368083953857422
2231,4679,train_macro_precision,0.640690267086029
2232,4751,train_macro_precision,0.6419857144355774
2233,4823,train_macro_precision,0.6437426805496216
2234,4895,train_macro_precision,0.6375567317008972
2235,71,train_macro_recall,0.2656191289424896
2236,143,train_macro_recall,0.3338072896003723
2237,215,train_macro_recall,0.35811764001846313
2238,287,train_macro_recall,0.37225353717803955
2239,359,train_macro_recall,0.3876541554927826
2240,431,train_macro_recall,0.4026370942592621
2241,503,train_macro_recall,0.411990761756897
2242,575,train_macro_recall,0.42381730675697327
2243,647,train_macro_recall,0.44262421131134033
2244,719,train_macro_recall,0.4588346481323242
2245,791,train_macro_recall,0.4403310716152191
2246,863,train_macro_recall,0.45959317684173584
2247,935,train_macro_recall,0.4556972086429596
2248,1007,train_macro_recall,0.47098374366760254
2249,1079,train_macro_recall,0.47570928931236267
2250,1151,train_macro_recall,0.48311400413513184
2251,1223,train_macro_recall,0.4777630567550659
2252,1295,train_macro_recall,0.4878097176551819
2253,1367,train_macro_recall,0.5011021494865417
2254,1439,train_macro_recall,0.4932960867881775
2255,1511,train_macro_recall,0.5018040537834167
2256,1583,train_macro_recall,0.499151349067688
2257,1655,train_macro_recall,0.5029149055480957
2258,1727,train_macro_recall,0.5110458135604858
2259,1799,train_macro_recall,0.5200783610343933
2260,1871,train_macro_recall,0.5203877687454224
2261,1943,train_macro_recall,0.5095187425613403
2262,2015,train_macro_recall,0.5091793537139893
2263,2087,train_macro_recall,0.5254378318786621
2264,2159,train_macro_recall,0.5405465960502625
2265,2231,train_macro_recall,0.5487032532691956
2266,2303,train_macro_recall,0.5587141513824463
2267,2375,train_macro_recall,0.5585616230964661
2268,2447,train_macro_recall,0.5347577929496765
2269,2519,train_macro_recall,0.5505656003952026
2270,2591,train_macro_recall,0.5512295365333557
2271,2663,train_macro_recall,0.5619786977767944
2272,2735,train_macro_recall,0.556857705116272
2273,2807,train_macro_recall,0.5446555614471436
2274,2879,train_macro_recall,0.5516536235809326
2275,2951,train_macro_recall,0.5538693070411682
2276,3023,train_macro_recall,0.5589039325714111
2277,3095,train_macro_recall,0.55380779504776
2278,3167,train_macro_recall,0.5709494948387146
2279,3239,train_macro_recall,0.5702283978462219
2280,3311,train_macro_recall,0.574073314666748
2281,3383,train_macro_recall,0.5807480812072754
2282,3455,train_macro_recall,0.5867998003959656
2283,3527,train_macro_recall,0.5795542001724243
2284,3599,train_macro_recall,0.5717798471450806
2285,3671,train_macro_recall,0.5967870354652405
2286,3743,train_macro_recall,0.577949047088623
2287,3815,train_macro_recall,0.5947631597518921
2288,3887,train_macro_recall,0.6006507873535156
2289,3959,train_macro_recall,0.5943916440010071
2290,4031,train_macro_recall,0.5938878059387207
2291,4103,train_macro_recall,0.6024746894836426
2292,4175,train_macro_recall,0.6005319356918335
2293,4247,train_macro_recall,0.6076668500900269
2294,4319,train_macro_recall,0.5962467789649963
2295,4391,train_macro_recall,0.6215869188308716
2296,4463,train_macro_recall,0.6081568002700806
2297,4535,train_macro_recall,0.6064340472221375
2298,4607,train_macro_recall,0.6247442364692688
2299,4679,train_macro_recall,0.6228910684585571
2300,4751,train_macro_recall,0.6285743713378906
2301,4823,train_macro_recall,0.6298847794532776
2302,4895,train_macro_recall,0.6186996698379517
2303,71,train_macro_f1,0.24234160780906677
2304,143,train_macro_f1,0.3171868622303009
2305,215,train_macro_f1,0.3472985625267029
2306,287,train_macro_f1,0.36605578660964966
2307,359,train_macro_f1,0.3786522448062897
2308,431,train_macro_f1,0.39654862880706787
2309,503,train_macro_f1,0.4038166105747223
2310,575,train_macro_f1,0.41816800832748413
2311,647,train_macro_f1,0.43461886048316956
2312,719,train_macro_f1,0.452606201171875
2313,791,train_macro_f1,0.4351802170276642
2314,863,train_macro_f1,0.4547726511955261
2315,935,train_macro_f1,0.4498229920864105
2316,1007,train_macro_f1,0.4651649594306946
2317,1079,train_macro_f1,0.4671134054660797
2318,1151,train_macro_f1,0.48136478662490845
2319,1223,train_macro_f1,0.47046422958374023
2320,1295,train_macro_f1,0.48489099740982056
2321,1367,train_macro_f1,0.4931662976741791
2322,1439,train_macro_f1,0.48667317628860474
2323,1511,train_macro_f1,0.4986194968223572
2324,1583,train_macro_f1,0.49493542313575745
2325,1655,train_macro_f1,0.500917911529541
2326,1727,train_macro_f1,0.5054200887680054
2327,1799,train_macro_f1,0.5173816680908203
2328,1871,train_macro_f1,0.5160473585128784
2329,1943,train_macro_f1,0.5066848397254944
2330,2015,train_macro_f1,0.5035737156867981
2331,2087,train_macro_f1,0.5233907103538513
2332,2159,train_macro_f1,0.5348119735717773
2333,2231,train_macro_f1,0.5459374785423279
2334,2303,train_macro_f1,0.5543575882911682
2335,2375,train_macro_f1,0.5569437146186829
2336,2447,train_macro_f1,0.5330495238304138
2337,2519,train_macro_f1,0.5455383658409119
2338,2591,train_macro_f1,0.5526033639907837
2339,2663,train_macro_f1,0.5597338080406189
2340,2735,train_macro_f1,0.5566215515136719
2341,2807,train_macro_f1,0.5435966849327087
2342,2879,train_macro_f1,0.5498178005218506
2343,2951,train_macro_f1,0.5514078736305237
2344,3023,train_macro_f1,0.5576327443122864
2345,3095,train_macro_f1,0.5506124496459961
2346,3167,train_macro_f1,0.5681670904159546
2347,3239,train_macro_f1,0.566173255443573
2348,3311,train_macro_f1,0.5726332664489746
2349,3383,train_macro_f1,0.5791573524475098
2350,3455,train_macro_f1,0.5830330848693848
2351,3527,train_macro_f1,0.5800774693489075
2352,3599,train_macro_f1,0.570496678352356
2353,3671,train_macro_f1,0.5922226905822754
2354,3743,train_macro_f1,0.5772889256477356
2355,3815,train_macro_f1,0.5970749258995056
2356,3887,train_macro_f1,0.6002537608146667
2357,3959,train_macro_f1,0.5956243872642517
2358,4031,train_macro_f1,0.5943622589111328
2359,4103,train_macro_f1,0.6018861532211304
2360,4175,train_macro_f1,0.5974571108818054
2361,4247,train_macro_f1,0.6054171919822693
2362,4319,train_macro_f1,0.5949071049690247
2363,4391,train_macro_f1,0.6189194917678833
2364,4463,train_macro_f1,0.6068782806396484
2365,4535,train_macro_f1,0.602438747882843
2366,4607,train_macro_f1,0.6211376190185547
2367,4679,train_macro_f1,0.6210599541664124
2368,4751,train_macro_f1,0.6240753531455994
2369,4823,train_macro_f1,0.6269730925559998
2370,4895,train_macro_f1,0.6177854537963867
