,step,metric,value
0,0,hp_metric,-1.0
1,49,train_loss_step,1.5245970487594604
2,99,train_loss_step,1.3738478422164917
3,149,train_loss_step,1.1398682594299316
4,199,train_loss_step,1.3298014402389526
5,249,train_loss_step,1.1956000328063965
6,299,train_loss_step,1.2969224452972412
7,349,train_loss_step,1.3357008695602417
8,399,train_loss_step,1.2635778188705444
9,449,train_loss_step,1.2166181802749634
10,499,train_loss_step,1.179753065109253
11,549,train_loss_step,1.0576226711273193
12,599,train_loss_step,1.0560541152954102
13,649,train_loss_step,1.3355952501296997
14,699,train_loss_step,1.0423526763916016
15,749,train_loss_step,1.0289720296859741
16,799,train_loss_step,1.0478349924087524
17,849,train_loss_step,1.0030803680419922
18,899,train_loss_step,0.9311915040016174
19,949,train_loss_step,1.1814693212509155
20,999,train_loss_step,1.0268737077713013
21,1049,train_loss_step,0.9349716901779175
22,1099,train_loss_step,0.9688191413879395
23,1149,train_loss_step,1.1319955587387085
24,1199,train_loss_step,1.3273189067840576
25,1249,train_loss_step,1.096087098121643
26,1299,train_loss_step,0.8897314667701721
27,1349,train_loss_step,0.9758983850479126
28,1399,train_loss_step,0.8772474527359009
29,1449,train_loss_step,0.8820319175720215
30,1499,train_loss_step,0.8528658747673035
31,1549,train_loss_step,0.9906315803527832
32,1599,train_loss_step,0.8288679718971252
33,1649,train_loss_step,0.9594736099243164
34,1699,train_loss_step,0.9773339033126831
35,1749,train_loss_step,0.9448418021202087
36,1799,train_loss_step,0.9761002659797668
37,1849,train_loss_step,0.8288707733154297
38,1899,train_loss_step,1.2613309621810913
39,1949,train_loss_step,0.8825984597206116
40,1999,train_loss_step,0.8441817164421082
41,2049,train_loss_step,0.9661598801612854
42,2099,train_loss_step,0.7861027717590332
43,2149,train_loss_step,0.8602309226989746
44,2199,train_loss_step,1.0057753324508667
45,2249,train_loss_step,0.9095901846885681
46,2299,train_loss_step,0.8650998473167419
47,2349,train_loss_step,1.158021330833435
48,2399,train_loss_step,0.7856942415237427
49,2449,train_loss_step,0.770771861076355
50,2499,train_loss_step,0.9661285877227783
51,2549,train_loss_step,0.9415270686149597
52,2599,train_loss_step,0.9297901391983032
53,2649,train_loss_step,0.8907012343406677
54,2699,train_loss_step,0.915881335735321
55,2749,train_loss_step,0.9112181663513184
56,2799,train_loss_step,0.7982791066169739
57,2849,train_loss_step,0.8314782381057739
58,2899,train_loss_step,0.804253101348877
59,2949,train_loss_step,1.0218150615692139
60,2999,train_loss_step,0.7769866585731506
61,3049,train_loss_step,0.7560271620750427
62,3099,train_loss_step,0.8333568572998047
63,3149,train_loss_step,0.6806150078773499
64,3199,train_loss_step,0.9162023067474365
65,3249,train_loss_step,0.7625255584716797
66,3299,train_loss_step,0.7469205856323242
67,3349,train_loss_step,0.7207929491996765
68,3399,train_loss_step,0.7708476781845093
69,3449,train_loss_step,0.7706761956214905
70,3499,train_loss_step,0.8637519478797913
71,3549,train_loss_step,0.7032686471939087
72,3599,train_loss_step,0.7959586977958679
73,3649,train_loss_step,0.7961694598197937
74,3699,train_loss_step,0.8401656746864319
75,3749,train_loss_step,0.7976469993591309
76,3799,train_loss_step,0.7146596908569336
77,3849,train_loss_step,0.8197579383850098
78,3899,train_loss_step,0.7891731858253479
79,3949,train_loss_step,0.7185255885124207
80,3999,train_loss_step,0.764214813709259
81,4049,train_loss_step,0.714401364326477
82,4099,train_loss_step,0.6529465913772583
83,4149,train_loss_step,0.9076539278030396
84,4199,train_loss_step,0.6885872483253479
85,4249,train_loss_step,0.8884372115135193
86,4299,train_loss_step,0.6928762197494507
87,4349,train_loss_step,0.8780298829078674
88,4399,train_loss_step,0.7533329129219055
89,4449,train_loss_step,0.7152036428451538
90,4499,train_loss_step,0.7418391108512878
91,4549,train_loss_step,0.7084543704986572
92,4599,train_loss_step,0.6513718962669373
93,4649,train_loss_step,0.7453153133392334
94,4699,train_loss_step,0.9637050032615662
95,4749,train_loss_step,0.7405491471290588
96,4799,train_loss_step,0.8316805362701416
97,4849,train_loss_step,0.6578561663627625
98,4899,train_loss_step,0.7260080575942993
99,4949,train_loss_step,0.6202148795127869
100,4999,train_loss_step,0.6745143532752991
101,5049,train_loss_step,0.6857006549835205
102,5099,train_loss_step,0.7001073360443115
103,5149,train_loss_step,0.5943278074264526
104,5199,train_loss_step,0.6820171475410461
105,5249,train_loss_step,0.6980921626091003
106,5299,train_loss_step,0.8128246665000916
107,5349,train_loss_step,0.8327027559280396
108,5399,train_loss_step,0.6579199433326721
109,5449,train_loss_step,0.5916733741760254
110,5499,train_loss_step,0.7699452042579651
111,5549,train_loss_step,0.5920422673225403
112,5599,train_loss_step,0.649126410484314
113,5649,train_loss_step,0.6831455230712891
114,5699,train_loss_step,0.700581967830658
115,5749,train_loss_step,0.640699565410614
116,5799,train_loss_step,0.7773130536079407
117,5849,train_loss_step,0.7968834638595581
118,5899,train_loss_step,0.6596762537956238
119,5949,train_loss_step,0.6728016138076782
120,5999,train_loss_step,0.7509922981262207
121,6049,train_loss_step,0.6648873686790466
122,6099,train_loss_step,0.7148832082748413
123,6149,train_loss_step,0.6407725214958191
124,6199,train_loss_step,0.7299278974533081
125,6249,train_loss_step,0.7074330449104309
126,6299,train_loss_step,0.6115478873252869
127,6349,train_loss_step,0.6297564506530762
128,6399,train_loss_step,0.7888995409011841
129,6449,train_loss_step,0.6445901989936829
130,6499,train_loss_step,0.6862160563468933
131,6549,train_loss_step,0.6355797052383423
132,6599,train_loss_step,0.6053899526596069
133,6649,train_loss_step,0.6632018685340881
134,6699,train_loss_step,0.5999900698661804
135,6749,train_loss_step,0.767235279083252
136,6799,train_loss_step,0.6606420278549194
137,6849,train_loss_step,0.6682185530662537
138,6899,train_loss_step,0.5784525275230408
139,6949,train_loss_step,0.5799379944801331
140,6999,train_loss_step,0.6910397410392761
141,7049,train_loss_step,0.6489189863204956
142,7099,train_loss_step,0.6099291443824768
143,7149,train_loss_step,0.6153927445411682
144,7199,train_loss_step,0.6287544369697571
145,49,epoch,0.0
146,71,epoch,0.0
147,71,epoch,0.0
148,99,epoch,1.0
149,143,epoch,1.0
150,143,epoch,1.0
151,149,epoch,2.0
152,199,epoch,2.0
153,215,epoch,2.0
154,215,epoch,2.0
155,249,epoch,3.0
156,287,epoch,3.0
157,287,epoch,3.0
158,299,epoch,4.0
159,349,epoch,4.0
160,359,epoch,4.0
161,359,epoch,4.0
162,399,epoch,5.0
163,431,epoch,5.0
164,431,epoch,5.0
165,449,epoch,6.0
166,499,epoch,6.0
167,503,epoch,6.0
168,503,epoch,6.0
169,549,epoch,7.0
170,575,epoch,7.0
171,575,epoch,7.0
172,599,epoch,8.0
173,647,epoch,8.0
174,647,epoch,8.0
175,649,epoch,9.0
176,699,epoch,9.0
177,719,epoch,9.0
178,719,epoch,9.0
179,749,epoch,10.0
180,791,epoch,10.0
181,791,epoch,10.0
182,799,epoch,11.0
183,849,epoch,11.0
184,863,epoch,11.0
185,863,epoch,11.0
186,899,epoch,12.0
187,935,epoch,12.0
188,935,epoch,12.0
189,949,epoch,13.0
190,999,epoch,13.0
191,1007,epoch,13.0
192,1007,epoch,13.0
193,1049,epoch,14.0
194,1079,epoch,14.0
195,1079,epoch,14.0
196,1099,epoch,15.0
197,1149,epoch,15.0
198,1151,epoch,15.0
199,1151,epoch,15.0
200,1199,epoch,16.0
201,1223,epoch,16.0
202,1223,epoch,16.0
203,1249,epoch,17.0
204,1295,epoch,17.0
205,1295,epoch,17.0
206,1299,epoch,18.0
207,1349,epoch,18.0
208,1367,epoch,18.0
209,1367,epoch,18.0
210,1399,epoch,19.0
211,1439,epoch,19.0
212,1439,epoch,19.0
213,1449,epoch,20.0
214,1499,epoch,20.0
215,1511,epoch,20.0
216,1511,epoch,20.0
217,1549,epoch,21.0
218,1583,epoch,21.0
219,1583,epoch,21.0
220,1599,epoch,22.0
221,1649,epoch,22.0
222,1655,epoch,22.0
223,1655,epoch,22.0
224,1699,epoch,23.0
225,1727,epoch,23.0
226,1727,epoch,23.0
227,1749,epoch,24.0
228,1799,epoch,24.0
229,1799,epoch,24.0
230,1799,epoch,24.0
231,1849,epoch,25.0
232,1871,epoch,25.0
233,1871,epoch,25.0
234,1899,epoch,26.0
235,1943,epoch,26.0
236,1943,epoch,26.0
237,1949,epoch,27.0
238,1999,epoch,27.0
239,2015,epoch,27.0
240,2015,epoch,27.0
241,2049,epoch,28.0
242,2087,epoch,28.0
243,2087,epoch,28.0
244,2099,epoch,29.0
245,2149,epoch,29.0
246,2159,epoch,29.0
247,2159,epoch,29.0
248,2199,epoch,30.0
249,2231,epoch,30.0
250,2231,epoch,30.0
251,2249,epoch,31.0
252,2299,epoch,31.0
253,2303,epoch,31.0
254,2303,epoch,31.0
255,2349,epoch,32.0
256,2375,epoch,32.0
257,2375,epoch,32.0
258,2399,epoch,33.0
259,2447,epoch,33.0
260,2447,epoch,33.0
261,2449,epoch,34.0
262,2499,epoch,34.0
263,2519,epoch,34.0
264,2519,epoch,34.0
265,2549,epoch,35.0
266,2591,epoch,35.0
267,2591,epoch,35.0
268,2599,epoch,36.0
269,2649,epoch,36.0
270,2663,epoch,36.0
271,2663,epoch,36.0
272,2699,epoch,37.0
273,2735,epoch,37.0
274,2735,epoch,37.0
275,2749,epoch,38.0
276,2799,epoch,38.0
277,2807,epoch,38.0
278,2807,epoch,38.0
279,2849,epoch,39.0
280,2879,epoch,39.0
281,2879,epoch,39.0
282,2899,epoch,40.0
283,2949,epoch,40.0
284,2951,epoch,40.0
285,2951,epoch,40.0
286,2999,epoch,41.0
287,3023,epoch,41.0
288,3023,epoch,41.0
289,3049,epoch,42.0
290,3095,epoch,42.0
291,3095,epoch,42.0
292,3099,epoch,43.0
293,3149,epoch,43.0
294,3167,epoch,43.0
295,3167,epoch,43.0
296,3199,epoch,44.0
297,3239,epoch,44.0
298,3239,epoch,44.0
299,3249,epoch,45.0
300,3299,epoch,45.0
301,3311,epoch,45.0
302,3311,epoch,45.0
303,3349,epoch,46.0
304,3383,epoch,46.0
305,3383,epoch,46.0
306,3399,epoch,47.0
307,3449,epoch,47.0
308,3455,epoch,47.0
309,3455,epoch,47.0
310,3499,epoch,48.0
311,3527,epoch,48.0
312,3527,epoch,48.0
313,3549,epoch,49.0
314,3599,epoch,49.0
315,3599,epoch,49.0
316,3599,epoch,49.0
317,3649,epoch,50.0
318,3671,epoch,50.0
319,3671,epoch,50.0
320,3699,epoch,51.0
321,3743,epoch,51.0
322,3743,epoch,51.0
323,3749,epoch,52.0
324,3799,epoch,52.0
325,3815,epoch,52.0
326,3815,epoch,52.0
327,3849,epoch,53.0
328,3887,epoch,53.0
329,3887,epoch,53.0
330,3899,epoch,54.0
331,3949,epoch,54.0
332,3959,epoch,54.0
333,3959,epoch,54.0
334,3999,epoch,55.0
335,4031,epoch,55.0
336,4031,epoch,55.0
337,4049,epoch,56.0
338,4099,epoch,56.0
339,4103,epoch,56.0
340,4103,epoch,56.0
341,4149,epoch,57.0
342,4175,epoch,57.0
343,4175,epoch,57.0
344,4199,epoch,58.0
345,4247,epoch,58.0
346,4247,epoch,58.0
347,4249,epoch,59.0
348,4299,epoch,59.0
349,4319,epoch,59.0
350,4319,epoch,59.0
351,4349,epoch,60.0
352,4391,epoch,60.0
353,4391,epoch,60.0
354,4399,epoch,61.0
355,4449,epoch,61.0
356,4463,epoch,61.0
357,4463,epoch,61.0
358,4499,epoch,62.0
359,4535,epoch,62.0
360,4535,epoch,62.0
361,4549,epoch,63.0
362,4599,epoch,63.0
363,4607,epoch,63.0
364,4607,epoch,63.0
365,4649,epoch,64.0
366,4679,epoch,64.0
367,4679,epoch,64.0
368,4699,epoch,65.0
369,4749,epoch,65.0
370,4751,epoch,65.0
371,4751,epoch,65.0
372,4799,epoch,66.0
373,4823,epoch,66.0
374,4823,epoch,66.0
375,4849,epoch,67.0
376,4895,epoch,67.0
377,4895,epoch,67.0
378,4899,epoch,68.0
379,4949,epoch,68.0
380,4967,epoch,68.0
381,4967,epoch,68.0
382,4999,epoch,69.0
383,5039,epoch,69.0
384,5039,epoch,69.0
385,5049,epoch,70.0
386,5099,epoch,70.0
387,5111,epoch,70.0
388,5111,epoch,70.0
389,5149,epoch,71.0
390,5183,epoch,71.0
391,5183,epoch,71.0
392,5199,epoch,72.0
393,5249,epoch,72.0
394,5255,epoch,72.0
395,5255,epoch,72.0
396,5299,epoch,73.0
397,5327,epoch,73.0
398,5327,epoch,73.0
399,5349,epoch,74.0
400,5399,epoch,74.0
401,5399,epoch,74.0
402,5399,epoch,74.0
403,5449,epoch,75.0
404,5471,epoch,75.0
405,5471,epoch,75.0
406,5499,epoch,76.0
407,5543,epoch,76.0
408,5543,epoch,76.0
409,5549,epoch,77.0
410,5599,epoch,77.0
411,5615,epoch,77.0
412,5615,epoch,77.0
413,5649,epoch,78.0
414,5687,epoch,78.0
415,5687,epoch,78.0
416,5699,epoch,79.0
417,5749,epoch,79.0
418,5759,epoch,79.0
419,5759,epoch,79.0
420,5799,epoch,80.0
421,5831,epoch,80.0
422,5831,epoch,80.0
423,5849,epoch,81.0
424,5899,epoch,81.0
425,5903,epoch,81.0
426,5903,epoch,81.0
427,5949,epoch,82.0
428,5975,epoch,82.0
429,5975,epoch,82.0
430,5999,epoch,83.0
431,6047,epoch,83.0
432,6047,epoch,83.0
433,6049,epoch,84.0
434,6099,epoch,84.0
435,6119,epoch,84.0
436,6119,epoch,84.0
437,6149,epoch,85.0
438,6191,epoch,85.0
439,6191,epoch,85.0
440,6199,epoch,86.0
441,6249,epoch,86.0
442,6263,epoch,86.0
443,6263,epoch,86.0
444,6299,epoch,87.0
445,6335,epoch,87.0
446,6335,epoch,87.0
447,6349,epoch,88.0
448,6399,epoch,88.0
449,6407,epoch,88.0
450,6407,epoch,88.0
451,6449,epoch,89.0
452,6479,epoch,89.0
453,6479,epoch,89.0
454,6499,epoch,90.0
455,6549,epoch,90.0
456,6551,epoch,90.0
457,6551,epoch,90.0
458,6599,epoch,91.0
459,6623,epoch,91.0
460,6623,epoch,91.0
461,6649,epoch,92.0
462,6695,epoch,92.0
463,6695,epoch,92.0
464,6699,epoch,93.0
465,6749,epoch,93.0
466,6767,epoch,93.0
467,6767,epoch,93.0
468,6799,epoch,94.0
469,6839,epoch,94.0
470,6839,epoch,94.0
471,6849,epoch,95.0
472,6899,epoch,95.0
473,6911,epoch,95.0
474,6911,epoch,95.0
475,6949,epoch,96.0
476,6983,epoch,96.0
477,6983,epoch,96.0
478,6999,epoch,97.0
479,7049,epoch,97.0
480,7055,epoch,97.0
481,7055,epoch,97.0
482,7099,epoch,98.0
483,7127,epoch,98.0
484,7127,epoch,98.0
485,7149,epoch,99.0
486,7199,epoch,99.0
487,7199,epoch,99.0
488,7199,epoch,99.0
489,71,val_loss,1.5547738075256348
490,143,val_loss,1.410212516784668
491,215,val_loss,1.5867623090744019
492,287,val_loss,1.2563453912734985
493,359,val_loss,1.2403568029403687
494,431,val_loss,1.225835919380188
495,503,val_loss,1.1866861581802368
496,575,val_loss,1.0954006910324097
497,647,val_loss,1.221421718597412
498,719,val_loss,1.321717619895935
499,791,val_loss,1.2013427019119263
500,863,val_loss,1.1983190774917603
501,935,val_loss,1.0333144664764404
502,1007,val_loss,2.357656240463257
503,1079,val_loss,1.0382251739501953
504,1151,val_loss,1.3301334381103516
505,1223,val_loss,2.2119274139404297
506,1295,val_loss,1.0033106803894043
507,1367,val_loss,1.0856130123138428
508,1439,val_loss,1.0027116537094116
509,1511,val_loss,0.9936267733573914
510,1583,val_loss,0.9138534069061279
511,1655,val_loss,1.161333680152893
512,1727,val_loss,1.1794663667678833
513,1799,val_loss,0.9350917935371399
514,1871,val_loss,1.0315388441085815
515,1943,val_loss,1.020150065422058
516,2015,val_loss,1.0809093713760376
517,2087,val_loss,0.9134753346443176
518,2159,val_loss,1.0504250526428223
519,2231,val_loss,0.9826201796531677
520,2303,val_loss,0.9348118305206299
521,2375,val_loss,0.9597148299217224
522,2447,val_loss,0.8811711668968201
523,2519,val_loss,0.9013952612876892
524,2591,val_loss,0.8932276368141174
525,2663,val_loss,0.8669076561927795
526,2735,val_loss,1.0168182849884033
527,2807,val_loss,0.9214422106742859
528,2879,val_loss,0.8494510054588318
529,2951,val_loss,0.8819065093994141
530,3023,val_loss,0.8843624591827393
531,3095,val_loss,0.8306314945220947
532,3167,val_loss,0.9136784672737122
533,3239,val_loss,0.9249626994132996
534,3311,val_loss,0.837705671787262
535,3383,val_loss,0.9128708839416504
536,3455,val_loss,0.9614825248718262
537,3527,val_loss,0.8228891491889954
538,3599,val_loss,0.8332788348197937
539,3671,val_loss,0.8689925074577332
540,3743,val_loss,0.8869708180427551
541,3815,val_loss,0.8321435451507568
542,3887,val_loss,0.8216466903686523
543,3959,val_loss,0.796637773513794
544,4031,val_loss,
545,4103,val_loss,0.8204023838043213
546,4175,val_loss,0.8459277153015137
547,4247,val_loss,0.7664446234703064
548,4319,val_loss,0.7699345946311951
549,4391,val_loss,0.8745163083076477
550,4463,val_loss,0.7795665264129639
551,4535,val_loss,0.7567775845527649
552,4607,val_loss,0.789618194103241
553,4679,val_loss,0.762911856174469
554,4751,val_loss,0.7343918681144714
555,4823,val_loss,0.74784255027771
556,4895,val_loss,0.7725662589073181
557,4967,val_loss,0.7318552136421204
558,5039,val_loss,0.7776466012001038
559,5111,val_loss,0.7532574534416199
560,5183,val_loss,0.7339430451393127
561,5255,val_loss,0.7295641899108887
562,5327,val_loss,0.7341257929801941
563,5399,val_loss,0.7206382751464844
564,5471,val_loss,0.7292566299438477
565,5543,val_loss,0.738227128982544
566,5615,val_loss,0.7667420506477356
567,5687,val_loss,0.7434970736503601
568,5759,val_loss,0.746001660823822
569,5831,val_loss,0.7035912871360779
570,5903,val_loss,0.7386072278022766
571,5975,val_loss,0.7049954533576965
572,6047,val_loss,0.6779690384864807
573,6119,val_loss,0.7144047617912292
574,6191,val_loss,0.681898832321167
575,6263,val_loss,0.729137659072876
576,6335,val_loss,0.7415744662284851
577,6407,val_loss,0.6851599812507629
578,6479,val_loss,0.69931560754776
579,6551,val_loss,0.6850273013114929
580,6623,val_loss,0.7162073254585266
581,6695,val_loss,0.7147345542907715
582,6767,val_loss,0.6855286955833435
583,6839,val_loss,0.7029173374176025
584,6911,val_loss,0.7039608955383301
585,6983,val_loss,0.7050674557685852
586,7055,val_loss,0.7294612526893616
587,7127,val_loss,0.6977033019065857
588,7199,val_loss,0.6986475586891174
589,71,val/iou_class_0,0.0
590,143,val/iou_class_0,0.0
591,215,val/iou_class_0,0.0
592,287,val/iou_class_0,0.0
593,359,val/iou_class_0,0.0
594,431,val/iou_class_0,0.0
595,503,val/iou_class_0,0.00910945888608694
596,575,val/iou_class_0,0.09409686177968979
597,647,val/iou_class_0,0.19313430786132812
598,719,val/iou_class_0,0.05934011936187744
599,791,val/iou_class_0,0.03302549943327904
600,863,val/iou_class_0,0.06791893392801285
601,935,val/iou_class_0,0.1316961795091629
602,1007,val/iou_class_0,0.06567467004060745
603,1079,val/iou_class_0,0.14053571224212646
604,1151,val/iou_class_0,0.1374148577451706
605,1223,val/iou_class_0,0.09954755753278732
606,1295,val/iou_class_0,0.15111108124256134
607,1367,val/iou_class_0,0.1556103676557541
608,1439,val/iou_class_0,0.1823069006204605
609,1511,val/iou_class_0,0.23730166256427765
610,1583,val/iou_class_0,0.23121477663516998
611,1655,val/iou_class_0,0.14965899288654327
612,1727,val/iou_class_0,0.19855545461177826
613,1799,val/iou_class_0,0.10636953264474869
614,1871,val/iou_class_0,0.15238754451274872
615,1943,val/iou_class_0,0.07672077417373657
616,2015,val/iou_class_0,0.10656431317329407
617,2087,val/iou_class_0,0.07971321791410446
618,2159,val/iou_class_0,0.06810476630926132
619,2231,val/iou_class_0,0.04081685468554497
620,2303,val/iou_class_0,0.15053877234458923
621,2375,val/iou_class_0,0.11871982365846634
622,2447,val/iou_class_0,0.10995408892631531
623,2519,val/iou_class_0,0.180109903216362
624,2591,val/iou_class_0,0.15646259486675262
625,2663,val/iou_class_0,0.2278299778699875
626,2735,val/iou_class_0,0.03875179588794708
627,2807,val/iou_class_0,0.08214341849088669
628,2879,val/iou_class_0,0.1225079894065857
629,2951,val/iou_class_0,0.11905037611722946
630,3023,val/iou_class_0,0.11368433386087418
631,3095,val/iou_class_0,0.1447686105966568
632,3167,val/iou_class_0,0.1269655078649521
633,3239,val/iou_class_0,0.2360033392906189
634,3311,val/iou_class_0,0.15122266113758087
635,3383,val/iou_class_0,0.12039503455162048
636,3455,val/iou_class_0,0.19625325500965118
637,3527,val/iou_class_0,0.07824859768152237
638,3599,val/iou_class_0,0.15684233605861664
639,3671,val/iou_class_0,0.20301459729671478
640,3743,val/iou_class_0,0.1216602548956871
641,3815,val/iou_class_0,0.1919531226158142
642,3887,val/iou_class_0,0.11359986662864685
643,3959,val/iou_class_0,0.04113070294260979
644,4031,val/iou_class_0,0.17133383452892303
645,4103,val/iou_class_0,0.15810678899288177
646,4175,val/iou_class_0,0.14831537008285522
647,4247,val/iou_class_0,0.1588529497385025
648,4319,val/iou_class_0,0.16153739392757416
649,4391,val/iou_class_0,0.23396916687488556
650,4463,val/iou_class_0,0.12264716625213623
651,4535,val/iou_class_0,0.19291971623897552
652,4607,val/iou_class_0,0.17817680537700653
653,4679,val/iou_class_0,0.08284717053174973
654,4751,val/iou_class_0,0.15952394902706146
655,4823,val/iou_class_0,0.08589955419301987
656,4895,val/iou_class_0,0.11412900686264038
657,4967,val/iou_class_0,0.2015378624200821
658,5039,val/iou_class_0,0.08252611011266708
659,5111,val/iou_class_0,0.12217039614915848
660,5183,val/iou_class_0,0.16441456973552704
661,5255,val/iou_class_0,0.19837571680545807
662,5327,val/iou_class_0,0.22627417743206024
663,5399,val/iou_class_0,0.2801240384578705
664,5471,val/iou_class_0,0.15031982958316803
665,5543,val/iou_class_0,0.0
666,5615,val/iou_class_0,0.18387210369110107
667,5687,val/iou_class_0,0.12400463968515396
668,5759,val/iou_class_0,0.11674825102090836
669,5831,val/iou_class_0,0.2445605993270874
670,5903,val/iou_class_0,0.2315027266740799
671,5975,val/iou_class_0,0.12074076384305954
672,6047,val/iou_class_0,0.20099832117557526
673,6119,val/iou_class_0,0.12039580196142197
674,6191,val/iou_class_0,0.11902117729187012
675,6263,val/iou_class_0,0.16192524135112762
676,6335,val/iou_class_0,0.12377249449491501
677,6407,val/iou_class_0,0.24195240437984467
678,6479,val/iou_class_0,0.2433214634656906
679,6551,val/iou_class_0,0.15609203279018402
680,6623,val/iou_class_0,0.1239573284983635
681,6695,val/iou_class_0,0.1587042659521103
682,6767,val/iou_class_0,0.16203425824642181
683,6839,val/iou_class_0,0.11495697498321533
684,6911,val/iou_class_0,0.18412993848323822
685,6983,val/iou_class_0,0.1355789303779602
686,7055,val/iou_class_0,0.08724090456962585
687,7127,val/iou_class_0,0.24205750226974487
688,7199,val/iou_class_0,0.11908189207315445
689,71,val/iou_class_1,2.9363400244619697e-06
690,143,val/iou_class_1,0.0
691,215,val/iou_class_1,0.0
692,287,val/iou_class_1,0.0
693,359,val/iou_class_1,0.0
694,431,val/iou_class_1,0.0
695,503,val/iou_class_1,0.0
696,575,val/iou_class_1,1.6171808965737e-05
697,647,val/iou_class_1,0.0
698,719,val/iou_class_1,0.001780352438800037
699,791,val/iou_class_1,0.0
700,863,val/iou_class_1,0.0
701,935,val/iou_class_1,1.7519991160952486e-05
702,1007,val/iou_class_1,0.004125805106014013
703,1079,val/iou_class_1,0.0
704,1151,val/iou_class_1,6.565721832885174e-06
705,1223,val/iou_class_1,8.110913768177852e-06
706,1295,val/iou_class_1,0.0
707,1367,val/iou_class_1,0.003248992608860135
708,1439,val/iou_class_1,0.007989879697561264
709,1511,val/iou_class_1,0.015835678204894066
710,1583,val/iou_class_1,0.00940853450447321
711,1655,val/iou_class_1,0.00414285296574235
712,1727,val/iou_class_1,0.031325314193964005
713,1799,val/iou_class_1,0.02707068622112274
714,1871,val/iou_class_1,0.0012102751061320305
715,1943,val/iou_class_1,8.816627087071538e-05
716,2015,val/iou_class_1,0.016566960141062737
717,2087,val/iou_class_1,0.03694938123226166
718,2159,val/iou_class_1,0.007966192439198494
719,2231,val/iou_class_1,0.0
720,2303,val/iou_class_1,0.025989269837737083
721,2375,val/iou_class_1,0.011923371814191341
722,2447,val/iou_class_1,0.0068456269800662994
723,2519,val/iou_class_1,0.03241713345050812
724,2591,val/iou_class_1,0.004913475830107927
725,2663,val/iou_class_1,0.01470070332288742
726,2735,val/iou_class_1,0.03498939797282219
727,2807,val/iou_class_1,0.0067537701688706875
728,2879,val/iou_class_1,0.07539328187704086
729,2951,val/iou_class_1,0.12262571603059769
730,3023,val/iou_class_1,0.03905621916055679
731,3095,val/iou_class_1,0.036658044904470444
732,3167,val/iou_class_1,0.025304729118943214
733,3239,val/iou_class_1,0.0013080075150355697
734,3311,val/iou_class_1,0.02989823929965496
735,3383,val/iou_class_1,0.02433527261018753
736,3455,val/iou_class_1,0.025186099112033844
737,3527,val/iou_class_1,0.07513312250375748
738,3599,val/iou_class_1,0.05623694881796837
739,3671,val/iou_class_1,0.07001076638698578
740,3743,val/iou_class_1,0.045618534088134766
741,3815,val/iou_class_1,0.06456300616264343
742,3887,val/iou_class_1,0.03961334004998207
743,3959,val/iou_class_1,0.06046707555651665
744,4031,val/iou_class_1,0.09038079530000687
745,4103,val/iou_class_1,0.09485252946615219
746,4175,val/iou_class_1,0.06748897582292557
747,4247,val/iou_class_1,0.05073268711566925
748,4319,val/iou_class_1,0.0777517780661583
749,4391,val/iou_class_1,0.06912285089492798
750,4463,val/iou_class_1,0.08424901962280273
751,4535,val/iou_class_1,0.053767476230859756
752,4607,val/iou_class_1,0.1020636036992073
753,4679,val/iou_class_1,0.08777468651533127
754,4751,val/iou_class_1,0.12064915150403976
755,4823,val/iou_class_1,0.07320109009742737
756,4895,val/iou_class_1,0.09886487573385239
757,4967,val/iou_class_1,0.07339354604482651
758,5039,val/iou_class_1,0.041554246097803116
759,5111,val/iou_class_1,0.09801424294710159
760,5183,val/iou_class_1,0.09475917369127274
761,5255,val/iou_class_1,0.13243676722049713
762,5327,val/iou_class_1,0.11954143643379211
763,5399,val/iou_class_1,0.16702806949615479
764,5471,val/iou_class_1,0.12254387140274048
765,5543,val/iou_class_1,0.12606720626354218
766,5615,val/iou_class_1,0.1760818213224411
767,5687,val/iou_class_1,0.09178750962018967
768,5759,val/iou_class_1,0.13820505142211914
769,5831,val/iou_class_1,0.07979694753885269
770,5903,val/iou_class_1,0.09165135771036148
771,5975,val/iou_class_1,0.08295851200819016
772,6047,val/iou_class_1,0.1252804547548294
773,6119,val/iou_class_1,0.052578847855329514
774,6191,val/iou_class_1,0.08727109432220459
775,6263,val/iou_class_1,0.0993436872959137
776,6335,val/iou_class_1,0.05550963059067726
777,6407,val/iou_class_1,0.0940844938158989
778,6479,val/iou_class_1,0.1720590591430664
779,6551,val/iou_class_1,0.08000031113624573
780,6623,val/iou_class_1,0.13013359904289246
781,6695,val/iou_class_1,0.08735444396734238
782,6767,val/iou_class_1,0.13299284875392914
783,6839,val/iou_class_1,0.07685902714729309
784,6911,val/iou_class_1,0.04847404360771179
785,6983,val/iou_class_1,0.0571422316133976
786,7055,val/iou_class_1,0.05426279827952385
787,7127,val/iou_class_1,0.14978498220443726
788,7199,val/iou_class_1,0.11438256502151489
789,71,val/iou_class_2,0.26518014073371887
790,143,val/iou_class_2,0.21945148706436157
791,215,val/iou_class_2,0.16212217509746552
792,287,val/iou_class_2,0.16795752942562103
793,359,val/iou_class_2,0.2520301043987274
794,431,val/iou_class_2,0.30093902349472046
795,503,val/iou_class_2,0.2590576112270355
796,575,val/iou_class_2,0.3635234832763672
797,647,val/iou_class_2,0.35932186245918274
798,719,val/iou_class_2,0.20168538391590118
799,791,val/iou_class_2,0.2960510551929474
800,863,val/iou_class_2,0.25662341713905334
801,935,val/iou_class_2,0.3337550461292267
802,1007,val/iou_class_2,0.2796355187892914
803,1079,val/iou_class_2,0.26986774802207947
804,1151,val/iou_class_2,0.20450347661972046
805,1223,val/iou_class_2,0.2053937315940857
806,1295,val/iou_class_2,0.3611387014389038
807,1367,val/iou_class_2,0.30995801091194153
808,1439,val/iou_class_2,0.33829307556152344
809,1511,val/iou_class_2,0.34451746940612793
810,1583,val/iou_class_2,0.35352659225463867
811,1655,val/iou_class_2,0.2870618402957916
812,1727,val/iou_class_2,0.24780291318893433
813,1799,val/iou_class_2,0.41651293635368347
814,1871,val/iou_class_2,0.352842777967453
815,1943,val/iou_class_2,0.3188088834285736
816,2015,val/iou_class_2,0.3062426745891571
817,2087,val/iou_class_2,0.36917009949684143
818,2159,val/iou_class_2,0.30473095178604126
819,2231,val/iou_class_2,0.3871753215789795
820,2303,val/iou_class_2,0.3698713481426239
821,2375,val/iou_class_2,0.36933255195617676
822,2447,val/iou_class_2,0.4289151132106781
823,2519,val/iou_class_2,0.31312158703804016
824,2591,val/iou_class_2,0.35552307963371277
825,2663,val/iou_class_2,0.4230935871601105
826,2735,val/iou_class_2,0.3557009994983673
827,2807,val/iou_class_2,0.3846406936645508
828,2879,val/iou_class_2,0.40734729170799255
829,2951,val/iou_class_2,0.4170747995376587
830,3023,val/iou_class_2,0.39837053418159485
831,3095,val/iou_class_2,0.44635772705078125
832,3167,val/iou_class_2,0.3714412450790405
833,3239,val/iou_class_2,0.4082447588443756
834,3311,val/iou_class_2,0.3707406520843506
835,3383,val/iou_class_2,0.39093324542045593
836,3455,val/iou_class_2,0.3898615837097168
837,3527,val/iou_class_2,0.44272854924201965
838,3599,val/iou_class_2,0.44906389713287354
839,3671,val/iou_class_2,0.4450584352016449
840,3743,val/iou_class_2,0.39580872654914856
841,3815,val/iou_class_2,0.43711328506469727
842,3887,val/iou_class_2,0.40921053290367126
843,3959,val/iou_class_2,0.44273266196250916
844,4031,val/iou_class_2,0.39482879638671875
845,4103,val/iou_class_2,0.42872360348701477
846,4175,val/iou_class_2,0.4050689935684204
847,4247,val/iou_class_2,0.42521294951438904
848,4319,val/iou_class_2,0.4355892837047577
849,4391,val/iou_class_2,0.3688347637653351
850,4463,val/iou_class_2,0.44114482402801514
851,4535,val/iou_class_2,0.45284438133239746
852,4607,val/iou_class_2,0.4566613435745239
853,4679,val/iou_class_2,0.4636836349964142
854,4751,val/iou_class_2,0.4376557171344757
855,4823,val/iou_class_2,0.47326889634132385
856,4895,val/iou_class_2,0.4593045711517334
857,4967,val/iou_class_2,0.4360741078853607
858,5039,val/iou_class_2,0.43441900610923767
859,5111,val/iou_class_2,0.4763144552707672
860,5183,val/iou_class_2,0.4501189887523651
861,5255,val/iou_class_2,0.45891594886779785
862,5327,val/iou_class_2,0.4518718719482422
863,5399,val/iou_class_2,0.4696589708328247
864,5471,val/iou_class_2,0.4630594253540039
865,5543,val/iou_class_2,0.4809490442276001
866,5615,val/iou_class_2,0.45528194308280945
867,5687,val/iou_class_2,0.45623111724853516
868,5759,val/iou_class_2,0.4675607681274414
869,5831,val/iou_class_2,0.4706057012081146
870,5903,val/iou_class_2,0.47118115425109863
871,5975,val/iou_class_2,0.4695016145706177
872,6047,val/iou_class_2,0.4880269467830658
873,6119,val/iou_class_2,0.4867357909679413
874,6191,val/iou_class_2,0.49816808104515076
875,6263,val/iou_class_2,0.43791648745536804
876,6335,val/iou_class_2,0.4606235921382904
877,6407,val/iou_class_2,0.45892205834388733
878,6479,val/iou_class_2,0.47208014130592346
879,6551,val/iou_class_2,0.5015794634819031
880,6623,val/iou_class_2,0.5045870542526245
881,6695,val/iou_class_2,0.47444871068000793
882,6767,val/iou_class_2,0.5008139610290527
883,6839,val/iou_class_2,0.461951345205307
884,6911,val/iou_class_2,0.47809818387031555
885,6983,val/iou_class_2,0.4783906638622284
886,7055,val/iou_class_2,0.4746752977371216
887,7127,val/iou_class_2,0.4710804224014282
888,7199,val/iou_class_2,0.4870150089263916
889,71,val/iou_class_3,0.23398202657699585
890,143,val/iou_class_3,0.28546851873397827
891,215,val/iou_class_3,0.1938191056251526
892,287,val/iou_class_3,0.2604494094848633
893,359,val/iou_class_3,0.2756485044956207
894,431,val/iou_class_3,0.2682308852672577
895,503,val/iou_class_3,0.2659706771373749
896,575,val/iou_class_3,0.32968178391456604
897,647,val/iou_class_3,0.24574722349643707
898,719,val/iou_class_3,0.2314266562461853
899,791,val/iou_class_3,0.34535956382751465
900,863,val/iou_class_3,0.27734336256980896
901,935,val/iou_class_3,0.34723734855651855
902,1007,val/iou_class_3,0.33046630024909973
903,1079,val/iou_class_3,0.33128559589385986
904,1151,val/iou_class_3,0.25847652554512024
905,1223,val/iou_class_3,0.2625223696231842
906,1295,val/iou_class_3,0.34731611609458923
907,1367,val/iou_class_3,0.3578205108642578
908,1439,val/iou_class_3,0.37780511379241943
909,1511,val/iou_class_3,0.35420167446136475
910,1583,val/iou_class_3,0.37511083483695984
911,1655,val/iou_class_3,0.28965649008750916
912,1727,val/iou_class_3,0.32870903611183167
913,1799,val/iou_class_3,0.39644792675971985
914,1871,val/iou_class_3,0.34787431359291077
915,1943,val/iou_class_3,0.3693292438983917
916,2015,val/iou_class_3,0.38419589400291443
917,2087,val/iou_class_3,0.3364349603652954
918,2159,val/iou_class_3,0.346744567155838
919,2231,val/iou_class_3,0.3115919232368469
920,2303,val/iou_class_3,0.3866390883922577
921,2375,val/iou_class_3,0.3713175058364868
922,2447,val/iou_class_3,0.4054988622665405
923,2519,val/iou_class_3,0.36989572644233704
924,2591,val/iou_class_3,0.3479258716106415
925,2663,val/iou_class_3,0.34998977184295654
926,2735,val/iou_class_3,0.37869155406951904
927,2807,val/iou_class_3,0.3948972225189209
928,2879,val/iou_class_3,0.40121039748191833
929,2951,val/iou_class_3,0.36373376846313477
930,3023,val/iou_class_3,0.4122720956802368
931,3095,val/iou_class_3,0.41068682074546814
932,3167,val/iou_class_3,0.3378657400608063
933,3239,val/iou_class_3,0.3808586597442627
934,3311,val/iou_class_3,0.3947400748729706
935,3383,val/iou_class_3,0.40128466486930847
936,3455,val/iou_class_3,0.3742882311344147
937,3527,val/iou_class_3,0.4125415086746216
938,3599,val/iou_class_3,0.37401828169822693
939,3671,val/iou_class_3,0.38811635971069336
940,3743,val/iou_class_3,0.38746538758277893
941,3815,val/iou_class_3,0.39235422015190125
942,3887,val/iou_class_3,0.4320090115070343
943,3959,val/iou_class_3,0.41790905594825745
944,4031,val/iou_class_3,0.44917917251586914
945,4103,val/iou_class_3,0.388714075088501
946,4175,val/iou_class_3,0.3900412619113922
947,4247,val/iou_class_3,0.397409051656723
948,4319,val/iou_class_3,0.4591180980205536
949,4391,val/iou_class_3,0.3881201446056366
950,4463,val/iou_class_3,0.431967169046402
951,4535,val/iou_class_3,0.4244544208049774
952,4607,val/iou_class_3,0.4116322100162506
953,4679,val/iou_class_3,0.4134533107280731
954,4751,val/iou_class_3,0.45611491799354553
955,4823,val/iou_class_3,0.4356570243835449
956,4895,val/iou_class_3,0.4688225984573364
957,4967,val/iou_class_3,0.4610871374607086
958,5039,val/iou_class_3,0.40992113947868347
959,5111,val/iou_class_3,0.42580974102020264
960,5183,val/iou_class_3,0.4476829767227173
961,5255,val/iou_class_3,0.4582047760486603
962,5327,val/iou_class_3,0.44262564182281494
963,5399,val/iou_class_3,0.4321901798248291
964,5471,val/iou_class_3,0.42902901768684387
965,5543,val/iou_class_3,0.42735469341278076
966,5615,val/iou_class_3,0.4238283634185791
967,5687,val/iou_class_3,0.42438066005706787
968,5759,val/iou_class_3,0.44666191935539246
969,5831,val/iou_class_3,0.4309898912906647
970,5903,val/iou_class_3,0.44450056552886963
971,5975,val/iou_class_3,0.447660356760025
972,6047,val/iou_class_3,0.45473265647888184
973,6119,val/iou_class_3,0.46454429626464844
974,6191,val/iou_class_3,0.4441821873188019
975,6263,val/iou_class_3,0.4402075707912445
976,6335,val/iou_class_3,0.4401116669178009
977,6407,val/iou_class_3,0.452640563249588
978,6479,val/iou_class_3,0.45818543434143066
979,6551,val/iou_class_3,0.4557347595691681
980,6623,val/iou_class_3,0.42095112800598145
981,6695,val/iou_class_3,0.4632929861545563
982,6767,val/iou_class_3,0.4523627460002899
983,6839,val/iou_class_3,0.44163671135902405
984,6911,val/iou_class_3,0.437407523393631
985,6983,val/iou_class_3,0.45070067048072815
986,7055,val/iou_class_3,0.45090338587760925
987,7127,val/iou_class_3,0.4507829248905182
988,7199,val/iou_class_3,0.4574788808822632
989,71,val/iou_class_4,0.06310692429542542
990,143,val/iou_class_4,0.015970906242728233
991,215,val/iou_class_4,0.0901499018073082
992,287,val/iou_class_4,0.24006938934326172
993,359,val/iou_class_4,0.24002808332443237
994,431,val/iou_class_4,0.30991193652153015
995,503,val/iou_class_4,0.2688579559326172
996,575,val/iou_class_4,0.29827964305877686
997,647,val/iou_class_4,0.24392734467983246
998,719,val/iou_class_4,0.257339745759964
999,791,val/iou_class_4,0.27732333540916443
1000,863,val/iou_class_4,0.31348928809165955
1001,935,val/iou_class_4,0.2893136143684387
1002,1007,val/iou_class_4,0.19636334478855133
1003,1079,val/iou_class_4,0.2895856201648712
1004,1151,val/iou_class_4,0.37019476294517517
1005,1223,val/iou_class_4,0.2294204980134964
1006,1295,val/iou_class_4,0.3561752140522003
1007,1367,val/iou_class_4,0.32492148876190186
1008,1439,val/iou_class_4,0.28361937403678894
1009,1511,val/iou_class_4,0.3232528269290924
1010,1583,val/iou_class_4,0.3818792402744293
1011,1655,val/iou_class_4,0.2768290936946869
1012,1727,val/iou_class_4,0.37662386894226074
1013,1799,val/iou_class_4,0.36064615845680237
1014,1871,val/iou_class_4,0.408434122800827
1015,1943,val/iou_class_4,0.33955147862434387
1016,2015,val/iou_class_4,0.3613443374633789
1017,2087,val/iou_class_4,0.4207508862018585
1018,2159,val/iou_class_4,0.37175461649894714
1019,2231,val/iou_class_4,0.3517652750015259
1020,2303,val/iou_class_4,0.3977390229701996
1021,2375,val/iou_class_4,0.3182516098022461
1022,2447,val/iou_class_4,0.4152423143386841
1023,2519,val/iou_class_4,0.37978407740592957
1024,2591,val/iou_class_4,0.4084412157535553
1025,2663,val/iou_class_4,0.44036564230918884
1026,2735,val/iou_class_4,0.3964647948741913
1027,2807,val/iou_class_4,0.42174032330513
1028,2879,val/iou_class_4,0.40688982605934143
1029,2951,val/iou_class_4,0.42797985672950745
1030,3023,val/iou_class_4,0.3750363886356354
1031,3095,val/iou_class_4,0.4703751802444458
1032,3167,val/iou_class_4,0.4332973062992096
1033,3239,val/iou_class_4,0.44091522693634033
1034,3311,val/iou_class_4,0.4511002004146576
1035,3383,val/iou_class_4,0.4097476005554199
1036,3455,val/iou_class_4,0.44338634610176086
1037,3527,val/iou_class_4,0.473952978849411
1038,3599,val/iou_class_4,0.44523724913597107
1039,3671,val/iou_class_4,0.467804878950119
1040,3743,val/iou_class_4,0.4258982837200165
1041,3815,val/iou_class_4,0.45152318477630615
1042,3887,val/iou_class_4,0.469514936208725
1043,3959,val/iou_class_4,0.47393789887428284
1044,4031,val/iou_class_4,0.429506778717041
1045,4103,val/iou_class_4,0.42282649874687195
1046,4175,val/iou_class_4,0.4120865762233734
1047,4247,val/iou_class_4,0.47814133763313293
1048,4319,val/iou_class_4,0.48329195380210876
1049,4391,val/iou_class_4,0.44323673844337463
1050,4463,val/iou_class_4,0.43747591972351074
1051,4535,val/iou_class_4,0.4996444880962372
1052,4607,val/iou_class_4,0.46593180298805237
1053,4679,val/iou_class_4,0.4948524236679077
1054,4751,val/iou_class_4,0.46810194849967957
1055,4823,val/iou_class_4,0.4668838679790497
1056,4895,val/iou_class_4,0.4579226076602936
1057,4967,val/iou_class_4,0.4939037561416626
1058,5039,val/iou_class_4,0.4665580689907074
1059,5111,val/iou_class_4,0.4746107757091522
1060,5183,val/iou_class_4,0.506064236164093
1061,5255,val/iou_class_4,0.5094394683837891
1062,5327,val/iou_class_4,0.5047650933265686
1063,5399,val/iou_class_4,0.5049068927764893
1064,5471,val/iou_class_4,0.4976751506328583
1065,5543,val/iou_class_4,0.49463900923728943
1066,5615,val/iou_class_4,0.5154892206192017
1067,5687,val/iou_class_4,0.4846038818359375
1068,5759,val/iou_class_4,0.4937799274921417
1069,5831,val/iou_class_4,0.5191331505775452
1070,5903,val/iou_class_4,0.497132271528244
1071,5975,val/iou_class_4,0.5025471448898315
1072,6047,val/iou_class_4,0.4881710112094879
1073,6119,val/iou_class_4,0.4960036277770996
1074,6191,val/iou_class_4,0.5184420943260193
1075,6263,val/iou_class_4,0.48835182189941406
1076,6335,val/iou_class_4,0.5077977776527405
1077,6407,val/iou_class_4,0.5240421891212463
1078,6479,val/iou_class_4,0.5127382874488831
1079,6551,val/iou_class_4,0.5056142807006836
1080,6623,val/iou_class_4,0.5122422575950623
1081,6695,val/iou_class_4,0.49145808815956116
1082,6767,val/iou_class_4,0.5075230002403259
1083,6839,val/iou_class_4,0.5020161271095276
1084,6911,val/iou_class_4,0.5099503397941589
1085,6983,val/iou_class_4,0.509273111820221
1086,7055,val/iou_class_4,0.5110548138618469
1087,7127,val/iou_class_4,0.520664393901825
1088,7199,val/iou_class_4,0.5089320540428162
1089,71,val/iou_class_5,0.33622971177101135
1090,143,val/iou_class_5,0.43184521794319153
1091,215,val/iou_class_5,0.3893407881259918
1092,287,val/iou_class_5,0.4794839918613434
1093,359,val/iou_class_5,0.4922217130661011
1094,431,val/iou_class_5,0.45747658610343933
1095,503,val/iou_class_5,0.4192214012145996
1096,575,val/iou_class_5,0.4661492109298706
1097,647,val/iou_class_5,0.45562744140625
1098,719,val/iou_class_5,0.43186530470848083
1099,791,val/iou_class_5,0.26906272768974304
1100,863,val/iou_class_5,0.44984737038612366
1101,935,val/iou_class_5,0.5536006093025208
1102,1007,val/iou_class_5,0.5226179957389832
1103,1079,val/iou_class_5,0.5389127135276794
1104,1151,val/iou_class_5,0.24923837184906006
1105,1223,val/iou_class_5,0.14686699211597443
1106,1295,val/iou_class_5,0.5659922361373901
1107,1367,val/iou_class_5,0.5182114243507385
1108,1439,val/iou_class_5,0.5641421675682068
1109,1511,val/iou_class_5,0.5585264563560486
1110,1583,val/iou_class_5,0.5690533518791199
1111,1655,val/iou_class_5,0.4780653715133667
1112,1727,val/iou_class_5,0.5222699046134949
1113,1799,val/iou_class_5,0.5677292346954346
1114,1871,val/iou_class_5,0.4820779263973236
1115,1943,val/iou_class_5,0.5477073192596436
1116,2015,val/iou_class_5,0.48855480551719666
1117,2087,val/iou_class_5,0.5773212313652039
1118,2159,val/iou_class_5,0.5442653298377991
1119,2231,val/iou_class_5,0.5587874054908752
1120,2303,val/iou_class_5,0.59016352891922
1121,2375,val/iou_class_5,0.5757105946540833
1122,2447,val/iou_class_5,0.5484195351600647
1123,2519,val/iou_class_5,0.5970975756645203
1124,2591,val/iou_class_5,0.5751699805259705
1125,2663,val/iou_class_5,0.584524929523468
1126,2735,val/iou_class_5,0.4441204071044922
1127,2807,val/iou_class_5,0.5632641911506653
1128,2879,val/iou_class_5,0.612421989440918
1129,2951,val/iou_class_5,0.5746870636940002
1130,3023,val/iou_class_5,0.5486207604408264
1131,3095,val/iou_class_5,0.6104010939598083
1132,3167,val/iou_class_5,0.5773978233337402
1133,3239,val/iou_class_5,0.5806413292884827
1134,3311,val/iou_class_5,0.6178074479103088
1135,3383,val/iou_class_5,0.5746835470199585
1136,3455,val/iou_class_5,0.5579010844230652
1137,3527,val/iou_class_5,0.6007178425788879
1138,3599,val/iou_class_5,0.5912600159645081
1139,3671,val/iou_class_5,0.6086747646331787
1140,3743,val/iou_class_5,0.5708930492401123
1141,3815,val/iou_class_5,0.5981970429420471
1142,3887,val/iou_class_5,0.605439305305481
1143,3959,val/iou_class_5,0.616204023361206
1144,4031,val/iou_class_5,0.5933086276054382
1145,4103,val/iou_class_5,0.5662047266960144
1146,4175,val/iou_class_5,0.5913019180297852
1147,4247,val/iou_class_5,0.6097531914710999
1148,4319,val/iou_class_5,0.6143988370895386
1149,4391,val/iou_class_5,0.5885482430458069
1150,4463,val/iou_class_5,0.604934573173523
1151,4535,val/iou_class_5,0.6052650213241577
1152,4607,val/iou_class_5,0.5949440598487854
1153,4679,val/iou_class_5,0.615639865398407
1154,4751,val/iou_class_5,0.6161289215087891
1155,4823,val/iou_class_5,0.6278594732284546
1156,4895,val/iou_class_5,0.606255829334259
1157,4967,val/iou_class_5,0.6298032402992249
1158,5039,val/iou_class_5,0.6067889928817749
1159,5111,val/iou_class_5,0.6312791705131531
1160,5183,val/iou_class_5,0.6271825432777405
1161,5255,val/iou_class_5,0.6300510764122009
1162,5327,val/iou_class_5,0.6223117113113403
1163,5399,val/iou_class_5,0.6281256079673767
1164,5471,val/iou_class_5,0.624607503414154
1165,5543,val/iou_class_5,0.6123034954071045
1166,5615,val/iou_class_5,0.6311104893684387
1167,5687,val/iou_class_5,0.6219750642776489
1168,5759,val/iou_class_5,0.635124146938324
1169,5831,val/iou_class_5,0.6504852771759033
1170,5903,val/iou_class_5,0.6116579174995422
1171,5975,val/iou_class_5,0.6350492835044861
1172,6047,val/iou_class_5,0.6352774500846863
1173,6119,val/iou_class_5,0.6284858584403992
1174,6191,val/iou_class_5,0.6394656300544739
1175,6263,val/iou_class_5,0.6390669941902161
1176,6335,val/iou_class_5,0.6117018461227417
1177,6407,val/iou_class_5,0.6358613967895508
1178,6479,val/iou_class_5,0.6421715021133423
1179,6551,val/iou_class_5,0.6540341973304749
1180,6623,val/iou_class_5,0.6339622139930725
1181,6695,val/iou_class_5,0.6329717040061951
1182,6767,val/iou_class_5,0.625373125076294
1183,6839,val/iou_class_5,0.6592456698417664
1184,6911,val/iou_class_5,0.6381152272224426
1185,6983,val/iou_class_5,0.6260318160057068
1186,7055,val/iou_class_5,0.6455150842666626
1187,7127,val/iou_class_5,0.6223135590553284
1188,7199,val/iou_class_5,0.6312018036842346
1189,71,val/iou_class_6,0.00019844678172376007
1190,143,val/iou_class_6,0.04717959836125374
1191,215,val/iou_class_6,0.044910188764333725
1192,287,val/iou_class_6,0.12146148830652237
1193,359,val/iou_class_6,0.058884378522634506
1194,431,val/iou_class_6,0.08436466008424759
1195,503,val/iou_class_6,0.03365710750222206
1196,575,val/iou_class_6,0.12762115895748138
1197,647,val/iou_class_6,0.03894207999110222
1198,719,val/iou_class_6,0.11229205876588821
1199,791,val/iou_class_6,0.1112636849284172
1200,863,val/iou_class_6,0.057513777166604996
1201,935,val/iou_class_6,0.04554104432463646
1202,1007,val/iou_class_6,0.08808156102895737
1203,1079,val/iou_class_6,0.08912394195795059
1204,1151,val/iou_class_6,0.13835543394088745
1205,1223,val/iou_class_6,0.13469190895557404
1206,1295,val/iou_class_6,0.07521937042474747
1207,1367,val/iou_class_6,0.1485159546136856
1208,1439,val/iou_class_6,0.062241896986961365
1209,1511,val/iou_class_6,0.207883819937706
1210,1583,val/iou_class_6,0.10639595985412598
1211,1655,val/iou_class_6,0.1579594910144806
1212,1727,val/iou_class_6,0.1250407099723816
1213,1799,val/iou_class_6,0.1391301304101944
1214,1871,val/iou_class_6,0.16102050244808197
1215,1943,val/iou_class_6,0.06563323736190796
1216,2015,val/iou_class_6,0.1246480643749237
1217,2087,val/iou_class_6,0.2283657193183899
1218,2159,val/iou_class_6,0.18597422540187836
1219,2231,val/iou_class_6,0.2098720669746399
1220,2303,val/iou_class_6,0.3102695643901825
1221,2375,val/iou_class_6,0.25554409623146057
1222,2447,val/iou_class_6,0.10253667831420898
1223,2519,val/iou_class_6,0.28616225719451904
1224,2591,val/iou_class_6,0.2289777249097824
1225,2663,val/iou_class_6,0.2001698613166809
1226,2735,val/iou_class_6,0.15326718986034393
1227,2807,val/iou_class_6,0.11817830055952072
1228,2879,val/iou_class_6,0.21615028381347656
1229,2951,val/iou_class_6,0.19568531215190887
1230,3023,val/iou_class_6,0.22687889635562897
1231,3095,val/iou_class_6,0.23266547918319702
1232,3167,val/iou_class_6,0.15526346862316132
1233,3239,val/iou_class_6,0.20372509956359863
1234,3311,val/iou_class_6,0.16537754237651825
1235,3383,val/iou_class_6,0.21323098242282867
1236,3455,val/iou_class_6,0.20601969957351685
1237,3527,val/iou_class_6,0.2806830406188965
1238,3599,val/iou_class_6,0.25929003953933716
1239,3671,val/iou_class_6,0.15838895738124847
1240,3743,val/iou_class_6,0.27193042635917664
1241,3815,val/iou_class_6,0.24278433620929718
1242,3887,val/iou_class_6,0.285861998796463
1243,3959,val/iou_class_6,0.21082556247711182
1244,4031,val/iou_class_6,0.24571287631988525
1245,4103,val/iou_class_6,0.2804667055606842
1246,4175,val/iou_class_6,0.3116224706172943
1247,4247,val/iou_class_6,0.26889607310295105
1248,4319,val/iou_class_6,0.2297271490097046
1249,4391,val/iou_class_6,0.24532394111156464
1250,4463,val/iou_class_6,0.1984080672264099
1251,4535,val/iou_class_6,0.2808876633644104
1252,4607,val/iou_class_6,0.24564732611179352
1253,4679,val/iou_class_6,0.2005821317434311
1254,4751,val/iou_class_6,0.2536625862121582
1255,4823,val/iou_class_6,0.3544386625289917
1256,4895,val/iou_class_6,0.30385109782218933
1257,4967,val/iou_class_6,0.2586536109447479
1258,5039,val/iou_class_6,0.2832309305667877
1259,5111,val/iou_class_6,0.22735023498535156
1260,5183,val/iou_class_6,0.2771580219268799
1261,5255,val/iou_class_6,0.2984941899776459
1262,5327,val/iou_class_6,0.2814183533191681
1263,5399,val/iou_class_6,0.23356632888317108
1264,5471,val/iou_class_6,0.24098442494869232
1265,5543,val/iou_class_6,0.29553768038749695
1266,5615,val/iou_class_6,0.26449117064476013
1267,5687,val/iou_class_6,0.30869051814079285
1268,5759,val/iou_class_6,0.18925072252750397
1269,5831,val/iou_class_6,0.3592611849308014
1270,5903,val/iou_class_6,0.3141774833202362
1271,5975,val/iou_class_6,0.3015291392803192
1272,6047,val/iou_class_6,0.33247891068458557
1273,6119,val/iou_class_6,0.2979666590690613
1274,6191,val/iou_class_6,0.2754215896129608
1275,6263,val/iou_class_6,0.30080538988113403
1276,6335,val/iou_class_6,0.36242231726646423
1277,6407,val/iou_class_6,0.3832269012928009
1278,6479,val/iou_class_6,0.3213633894920349
1279,6551,val/iou_class_6,0.3417759835720062
1280,6623,val/iou_class_6,0.30283552408218384
1281,6695,val/iou_class_6,0.23019011318683624
1282,6767,val/iou_class_6,0.2640642821788788
1283,6839,val/iou_class_6,0.2585039436817169
1284,6911,val/iou_class_6,0.3426400423049927
1285,6983,val/iou_class_6,0.2586371600627899
1286,7055,val/iou_class_6,0.2992265522480011
1287,7127,val/iou_class_6,0.3264580965042114
1288,7199,val/iou_class_6,0.23428986966609955
1289,71,val/iou_class_7,0.18681909143924713
1290,143,val/iou_class_7,0.17252294719219208
1291,215,val/iou_class_7,0.17156578600406647
1292,287,val/iou_class_7,0.2185436338186264
1293,359,val/iou_class_7,0.22290460765361786
1294,431,val/iou_class_7,0.19455398619174957
1295,503,val/iou_class_7,0.35123130679130554
1296,575,val/iou_class_7,0.2890404164791107
1297,647,val/iou_class_7,0.13177181780338287
1298,719,val/iou_class_7,0.24864353239536285
1299,791,val/iou_class_7,0.3660156726837158
1300,863,val/iou_class_7,0.2998081147670746
1301,935,val/iou_class_7,0.3642714321613312
1302,1007,val/iou_class_7,0.31818628311157227
1303,1079,val/iou_class_7,0.34076234698295593
1304,1151,val/iou_class_7,0.3275252878665924
1305,1223,val/iou_class_7,0.192673921585083
1306,1295,val/iou_class_7,0.4192401170730591
1307,1367,val/iou_class_7,0.33283695578575134
1308,1439,val/iou_class_7,0.3137437403202057
1309,1511,val/iou_class_7,0.37381505966186523
1310,1583,val/iou_class_7,0.4617260694503784
1311,1655,val/iou_class_7,0.3617793619632721
1312,1727,val/iou_class_7,0.39785289764404297
1313,1799,val/iou_class_7,0.41932961344718933
1314,1871,val/iou_class_7,0.28261902928352356
1315,1943,val/iou_class_7,0.3507644236087799
1316,2015,val/iou_class_7,0.38063350319862366
1317,2087,val/iou_class_7,0.3888862133026123
1318,2159,val/iou_class_7,0.4011087119579315
1319,2231,val/iou_class_7,0.35695981979370117
1320,2303,val/iou_class_7,0.41812220215797424
1321,2375,val/iou_class_7,0.3599015176296234
1322,2447,val/iou_class_7,0.4757445156574249
1323,2519,val/iou_class_7,0.4751836955547333
1324,2591,val/iou_class_7,0.46636295318603516
1325,2663,val/iou_class_7,0.4232827126979828
1326,2735,val/iou_class_7,0.4818686544895172
1327,2807,val/iou_class_7,0.34713831543922424
1328,2879,val/iou_class_7,0.4278545081615448
1329,2951,val/iou_class_7,0.4013327360153198
1330,3023,val/iou_class_7,0.4448230564594269
1331,3095,val/iou_class_7,0.4963187873363495
1332,3167,val/iou_class_7,0.4222278892993927
1333,3239,val/iou_class_7,0.3381822407245636
1334,3311,val/iou_class_7,0.4225582182407379
1335,3383,val/iou_class_7,0.4303940236568451
1336,3455,val/iou_class_7,0.4104527235031128
1337,3527,val/iou_class_7,0.4454984664916992
1338,3599,val/iou_class_7,0.5207633376121521
1339,3671,val/iou_class_7,0.43568751215934753
1340,3743,val/iou_class_7,0.45525988936424255
1341,3815,val/iou_class_7,0.4304150342941284
1342,3887,val/iou_class_7,0.4142484962940216
1343,3959,val/iou_class_7,0.4749198853969574
1344,4031,val/iou_class_7,0.4939415454864502
1345,4103,val/iou_class_7,0.4770989418029785
1346,4175,val/iou_class_7,0.4897160828113556
1347,4247,val/iou_class_7,0.5642096400260925
1348,4319,val/iou_class_7,0.5177106261253357
1349,4391,val/iou_class_7,0.47437646985054016
1350,4463,val/iou_class_7,0.4629751443862915
1351,4535,val/iou_class_7,0.47383883595466614
1352,4607,val/iou_class_7,0.5034933686256409
1353,4679,val/iou_class_7,0.4550817906856537
1354,4751,val/iou_class_7,0.49999141693115234
1355,4823,val/iou_class_7,0.4961831271648407
1356,4895,val/iou_class_7,0.47299468517303467
1357,4967,val/iou_class_7,0.4732845723628998
1358,5039,val/iou_class_7,0.42346346378326416
1359,5111,val/iou_class_7,0.5716263055801392
1360,5183,val/iou_class_7,0.5209153890609741
1361,5255,val/iou_class_7,0.508078396320343
1362,5327,val/iou_class_7,0.531281590461731
1363,5399,val/iou_class_7,0.5301384925842285
1364,5471,val/iou_class_7,0.4688205420970917
1365,5543,val/iou_class_7,0.5384387373924255
1366,5615,val/iou_class_7,0.541533887386322
1367,5687,val/iou_class_7,0.5102044939994812
1368,5759,val/iou_class_7,0.455276757478714
1369,5831,val/iou_class_7,0.5510297417640686
1370,5903,val/iou_class_7,0.5519413352012634
1371,5975,val/iou_class_7,0.5410603880882263
1372,6047,val/iou_class_7,0.5659659504890442
1373,6119,val/iou_class_7,0.5166292786598206
1374,6191,val/iou_class_7,0.6527540683746338
1375,6263,val/iou_class_7,0.5207719206809998
1376,6335,val/iou_class_7,0.46024659276008606
1377,6407,val/iou_class_7,0.5629898905754089
1378,6479,val/iou_class_7,0.5091120600700378
1379,6551,val/iou_class_7,0.5230681300163269
1380,6623,val/iou_class_7,0.5344893932342529
1381,6695,val/iou_class_7,0.5034270882606506
1382,6767,val/iou_class_7,0.5769174695014954
1383,6839,val/iou_class_7,0.5605740547180176
1384,6911,val/iou_class_7,0.4525584280490875
1385,6983,val/iou_class_7,0.5224183797836304
1386,7055,val/iou_class_7,0.5336413979530334
1387,7127,val/iou_class_7,0.5974850058555603
1388,7199,val/iou_class_7,0.5510697960853577
1389,71,val/iou_class_8,0.43030476570129395
1390,143,val/iou_class_8,0.20880131423473358
1391,215,val/iou_class_8,0.3311474025249481
1392,287,val/iou_class_8,0.5475068688392639
1393,359,val/iou_class_8,0.44484809041023254
1394,431,val/iou_class_8,0.5003462433815002
1395,503,val/iou_class_8,0.5572049021720886
1396,575,val/iou_class_8,0.5479141473770142
1397,647,val/iou_class_8,0.49336203932762146
1398,719,val/iou_class_8,0.5187047123908997
1399,791,val/iou_class_8,0.5645990967750549
1400,863,val/iou_class_8,0.5763962864875793
1401,935,val/iou_class_8,0.6073653101921082
1402,1007,val/iou_class_8,0.537854015827179
1403,1079,val/iou_class_8,0.6086263060569763
1404,1151,val/iou_class_8,0.5550567507743835
1405,1223,val/iou_class_8,0.41535958647727966
1406,1295,val/iou_class_8,0.6248846650123596
1407,1367,val/iou_class_8,0.5865010619163513
1408,1439,val/iou_class_8,0.5941198468208313
1409,1511,val/iou_class_8,0.6262990236282349
1410,1583,val/iou_class_8,0.6284202337265015
1411,1655,val/iou_class_8,0.5340871810913086
1412,1727,val/iou_class_8,0.6143895983695984
1413,1799,val/iou_class_8,0.5864917635917664
1414,1871,val/iou_class_8,0.6350873112678528
1415,1943,val/iou_class_8,0.6214169263839722
1416,2015,val/iou_class_8,0.5448336005210876
1417,2087,val/iou_class_8,0.6402472853660583
1418,2159,val/iou_class_8,0.6133400201797485
1419,2231,val/iou_class_8,0.614669144153595
1420,2303,val/iou_class_8,0.6381545662879944
1421,2375,val/iou_class_8,0.6199238896369934
1422,2447,val/iou_class_8,0.6339215636253357
1423,2519,val/iou_class_8,0.6112027168273926
1424,2591,val/iou_class_8,0.6494247913360596
1425,2663,val/iou_class_8,0.6257979869842529
1426,2735,val/iou_class_8,0.5782809257507324
1427,2807,val/iou_class_8,0.6660314202308655
1428,2879,val/iou_class_8,0.6648016571998596
1429,2951,val/iou_class_8,0.6624763607978821
1430,3023,val/iou_class_8,0.6494126915931702
1431,3095,val/iou_class_8,0.6250605583190918
1432,3167,val/iou_class_8,0.6400261521339417
1433,3239,val/iou_class_8,0.6461815237998962
1434,3311,val/iou_class_8,0.6740283370018005
1435,3383,val/iou_class_8,0.6373476982116699
1436,3455,val/iou_class_8,0.6478453278541565
1437,3527,val/iou_class_8,0.6620303988456726
1438,3599,val/iou_class_8,0.6764379143714905
1439,3671,val/iou_class_8,0.6620507836341858
1440,3743,val/iou_class_8,0.6667501926422119
1441,3815,val/iou_class_8,0.6474191546440125
1442,3887,val/iou_class_8,0.6611990332603455
1443,3959,val/iou_class_8,0.6546651721000671
1444,4031,val/iou_class_8,0.6677888035774231
1445,4103,val/iou_class_8,0.6589272618293762
1446,4175,val/iou_class_8,0.6610538363456726
1447,4247,val/iou_class_8,0.683465301990509
1448,4319,val/iou_class_8,0.6735286116600037
1449,4391,val/iou_class_8,0.6689385771751404
1450,4463,val/iou_class_8,0.6967477202415466
1451,4535,val/iou_class_8,0.6924805045127869
1452,4607,val/iou_class_8,0.6913716793060303
1453,4679,val/iou_class_8,0.6991644501686096
1454,4751,val/iou_class_8,0.7010830044746399
1455,4823,val/iou_class_8,0.6922051906585693
1456,4895,val/iou_class_8,0.6801146864891052
1457,4967,val/iou_class_8,0.696620523929596
1458,5039,val/iou_class_8,0.7073544859886169
1459,5111,val/iou_class_8,0.6852490305900574
1460,5183,val/iou_class_8,0.6843442916870117
1461,5255,val/iou_class_8,0.6860220432281494
1462,5327,val/iou_class_8,0.7140815854072571
1463,5399,val/iou_class_8,0.7093380093574524
1464,5471,val/iou_class_8,0.6890674233436584
1465,5543,val/iou_class_8,0.6924123764038086
1466,5615,val/iou_class_8,0.6777531504631042
1467,5687,val/iou_class_8,0.7061104774475098
1468,5759,val/iou_class_8,0.6908087134361267
1469,5831,val/iou_class_8,0.7162674069404602
1470,5903,val/iou_class_8,0.6972206234931946
1471,5975,val/iou_class_8,0.7114028334617615
1472,6047,val/iou_class_8,0.7186753749847412
1473,6119,val/iou_class_8,0.6994814872741699
1474,6191,val/iou_class_8,0.7089956402778625
1475,6263,val/iou_class_8,0.7038567662239075
1476,6335,val/iou_class_8,0.6916396617889404
1477,6407,val/iou_class_8,0.7109308242797852
1478,6479,val/iou_class_8,0.7104241847991943
1479,6551,val/iou_class_8,0.7018784880638123
1480,6623,val/iou_class_8,0.686360776424408
1481,6695,val/iou_class_8,0.7130932807922363
1482,6767,val/iou_class_8,0.7125234007835388
1483,6839,val/iou_class_8,0.7246086001396179
1484,6911,val/iou_class_8,0.6931353211402893
1485,6983,val/iou_class_8,0.7208513617515564
1486,7055,val/iou_class_8,0.7118313312530518
1487,7127,val/iou_class_8,0.7161974906921387
1488,7199,val/iou_class_8,0.7165828347206116
1489,71,val_mIoU,0.16842490434646606
1490,143,val_mIoU,0.15347111225128174
1491,215,val_mIoU,0.15367278456687927
1492,287,val_mIoU,0.2261635661125183
1493,359,val_mIoU,0.22072948515415192
1494,431,val_mIoU,0.23509150743484497
1495,503,val_mIoU,0.24047893285751343
1496,575,val_mIoU,0.27959147095680237
1497,647,val_mIoU,0.24020378291606903
1498,719,val_mIoU,0.22923089563846588
1499,791,val_mIoU,0.25141116976737976
1500,863,val_mIoU,0.2554378807544708
1501,935,val_mIoU,0.29697754979133606
1502,1007,val_mIoU,0.26033398509025574
1503,1079,val_mIoU,0.28985556960105896
1504,1151,val_mIoU,0.24897466599941254
1505,1223,val_mIoU,0.18738718330860138
1506,1295,val_mIoU,0.3223419487476349
1507,1367,val_mIoU,0.3041805624961853
1508,1439,val_mIoU,0.30269578099250793
1509,1511,val_mIoU,0.33795928955078125
1510,1583,val_mIoU,0.3463039696216583
1511,1655,val_mIoU,0.28213784098625183
1512,1727,val_mIoU,0.31584107875823975
1513,1799,val_mIoU,0.33552536368370056
1514,1871,val_mIoU,0.3137282133102417
1515,1943,val_mIoU,0.29889118671417236
1516,2015,val_mIoU,0.30150941014289856
1517,2087,val_mIoU,0.3419821262359619
1518,2159,val_mIoU,0.3159988522529602
1519,2231,val_mIoU,0.31462639570236206
1520,2303,val_mIoU,0.36527636647224426
1521,2375,val_mIoU,0.3334027826786041
1522,2447,val_mIoU,0.34745311737060547
1523,2519,val_mIoU,0.36055266857147217
1524,2591,val_mIoU,0.35480019450187683
1525,2663,val_mIoU,0.36552831530570984
1526,2735,val_mIoU,0.31801506876945496
1527,2807,val_mIoU,0.33164307475090027
1528,2879,val_mIoU,0.3705085813999176
1529,2951,val_mIoU,0.3649606704711914
1530,3023,val_mIoU,0.35646164417266846
1531,3095,val_mIoU,0.38592132925987244
1532,3167,val_mIoU,0.3433099687099457
1533,3239,val_mIoU,0.3595622479915619
1534,3311,val_mIoU,0.36416366696357727
1535,3383,val_mIoU,0.35581687092781067
1536,3455,val_mIoU,0.36124387383461
1537,3527,val_mIoU,0.38572606444358826
1538,3599,val_mIoU,0.39212778210639954
1539,3671,val_mIoU,0.38208961486816406
1540,3743,val_mIoU,0.3712538480758667
1541,3815,val_mIoU,0.3840358257293701
1542,3887,val_mIoU,0.3811884820461273
1543,3959,val_mIoU,0.37697693705558777
1544,4031,val_mIoU,0.39288684725761414
1545,4103,val_mIoU,0.3862134516239166
1546,4175,val_mIoU,0.3862995207309723
1547,4247,val_mIoU,0.4040748178958893
1548,4319,val_mIoU,0.4058503806591034
1549,4391,val_mIoU,0.3867190182209015
1550,4463,val_mIoU,0.38672778010368347
1551,4535,val_mIoU,0.40845584869384766
1552,4607,val_mIoU,0.40554699301719666
1553,4679,val_mIoU,0.3903421461582184
1554,4751,val_mIoU,0.412545770406723
1555,4823,val_mIoU,0.4117330312728882
1556,4895,val_mIoU,0.4069177806377411
1557,4967,val_mIoU,0.41381755471229553
1558,5039,val_mIoU,0.38397955894470215
1559,5111,val_mIoU,0.4124915897846222
1560,5183,val_mIoU,0.4191822111606598
1561,5255,val_mIoU,0.43111321330070496
1562,5327,val_mIoU,0.4326857030391693
1563,5399,val_mIoU,0.43945300579071045
1564,5471,val_mIoU,0.4095674753189087
1565,5543,val_mIoU,0.4075224697589874
1566,5615,val_mIoU,0.4299379885196686
1567,5687,val_mIoU,0.414220929145813
1568,5759,val_mIoU,0.4037129580974579
1569,5831,val_mIoU,0.446903258562088
1570,5903,val_mIoU,0.4345517158508301
1571,5975,val_mIoU,0.4236055314540863
1572,6047,val_mIoU,0.44551196694374084
1573,6119,val_mIoU,0.4180912673473358
1574,6191,val_mIoU,0.438191294670105
1575,6263,val_mIoU,0.421360582113266
1576,6335,val_mIoU,0.4126472771167755
1577,6407,val_mIoU,0.4516278803348541
1578,6479,val_mIoU,0.449050635099411
1579,6551,val_mIoU,0.4355308711528778
1580,6623,val_mIoU,0.42772433161735535
1581,6695,val_mIoU,0.4172156751155853
1582,6767,val_mIoU,0.4371784031391144
1583,6839,val_mIoU,0.42226138710975647
1584,6911,val_mIoU,0.4205009937286377
1585,6983,val_mIoU,0.4176693856716156
1586,7055,val_mIoU,0.41870570182800293
1587,7127,val_mIoU,0.45520269870758057
1588,7199,val_mIoU,0.4244483709335327
1589,71,val_pixel_accuracy,0.43712231516838074
1590,143,val_pixel_accuracy,0.43985939025878906
1591,215,val_pixel_accuracy,0.36957040429115295
1592,287,val_pixel_accuracy,0.487659215927124
1593,359,val_pixel_accuracy,0.5099342465400696
1594,431,val_pixel_accuracy,0.5100069642066956
1595,503,val_pixel_accuracy,0.5245456099510193
1596,575,val_pixel_accuracy,0.5749061703681946
1597,647,val_pixel_accuracy,0.5232216715812683
1598,719,val_pixel_accuracy,0.48986032605171204
1599,791,val_pixel_accuracy,0.5398761630058289
1600,863,val_pixel_accuracy,0.5386679768562317
1601,935,val_pixel_accuracy,0.6064097285270691
1602,1007,val_pixel_accuracy,0.5383538007736206
1603,1079,val_pixel_accuracy,0.5867385864257812
1604,1151,val_pixel_accuracy,0.4932170808315277
1605,1223,val_pixel_accuracy,0.3944409191608429
1606,1295,val_pixel_accuracy,0.6256774663925171
1607,1367,val_pixel_accuracy,0.5846286416053772
1608,1439,val_pixel_accuracy,0.6025292873382568
1609,1511,val_pixel_accuracy,0.6165384650230408
1610,1583,val_pixel_accuracy,0.642543375492096
1611,1655,val_pixel_accuracy,0.5538790225982666
1612,1727,val_pixel_accuracy,0.5969418287277222
1613,1799,val_pixel_accuracy,0.6512553095817566
1614,1871,val_pixel_accuracy,0.5969886183738708
1615,1943,val_pixel_accuracy,0.6016525626182556
1616,2015,val_pixel_accuracy,0.5847897529602051
1617,2087,val_pixel_accuracy,0.6457540988922119
1618,2159,val_pixel_accuracy,0.613154947757721
1619,2231,val_pixel_accuracy,0.6214975118637085
1620,2303,val_pixel_accuracy,0.6481543779373169
1621,2375,val_pixel_accuracy,0.6304023861885071
1622,2447,val_pixel_accuracy,0.6595295667648315
1623,2519,val_pixel_accuracy,0.6455252766609192
1624,2591,val_pixel_accuracy,0.656434953212738
1625,2663,val_pixel_accuracy,0.6606977581977844
1626,2735,val_pixel_accuracy,0.6141064763069153
1627,2807,val_pixel_accuracy,0.6478762030601501
1628,2879,val_pixel_accuracy,0.6759337782859802
1629,2951,val_pixel_accuracy,0.6539307832717896
1630,3023,val_pixel_accuracy,0.6580175757408142
1631,3095,val_pixel_accuracy,0.6748275756835938
1632,3167,val_pixel_accuracy,0.6470555067062378
1633,3239,val_pixel_accuracy,0.6444441676139832
1634,3311,val_pixel_accuracy,0.6716546416282654
1635,3383,val_pixel_accuracy,0.6549739241600037
1636,3455,val_pixel_accuracy,0.6426056027412415
1637,3527,val_pixel_accuracy,0.6865789294242859
1638,3599,val_pixel_accuracy,0.6819289326667786
1639,3671,val_pixel_accuracy,0.6829986572265625
1640,3743,val_pixel_accuracy,0.6575761437416077
1641,3815,val_pixel_accuracy,0.6762409210205078
1642,3887,val_pixel_accuracy,0.6861211657524109
1643,3959,val_pixel_accuracy,0.6978242993354797
1644,4031,val_pixel_accuracy,0.686028242111206
1645,4103,val_pixel_accuracy,0.673379123210907
1646,4175,val_pixel_accuracy,0.6692245602607727
1647,4247,val_pixel_accuracy,0.6984057426452637
1648,4319,val_pixel_accuracy,0.7002994418144226
1649,4391,val_pixel_accuracy,0.6720776557922363
1650,4463,val_pixel_accuracy,0.6968744397163391
1651,4535,val_pixel_accuracy,0.7078302502632141
1652,4607,val_pixel_accuracy,0.6981950402259827
1653,4679,val_pixel_accuracy,0.7096568942070007
1654,4751,val_pixel_accuracy,0.7192373275756836
1655,4823,val_pixel_accuracy,0.7169325351715088
1656,4895,val_pixel_accuracy,0.704029381275177
1657,4967,val_pixel_accuracy,0.713464081287384
1658,5039,val_pixel_accuracy,0.7006153464317322
1659,5111,val_pixel_accuracy,0.7137100696563721
1660,5183,val_pixel_accuracy,0.716576337814331
1661,5255,val_pixel_accuracy,0.7193167209625244
1662,5327,val_pixel_accuracy,0.7117109894752502
1663,5399,val_pixel_accuracy,0.7245449423789978
1664,5471,val_pixel_accuracy,0.7154055237770081
1665,5543,val_pixel_accuracy,0.7179858684539795
1666,5615,val_pixel_accuracy,0.7099457383155823
1667,5687,val_pixel_accuracy,0.7164731025695801
1668,5759,val_pixel_accuracy,0.7120333313941956
1669,5831,val_pixel_accuracy,0.7302185893058777
1670,5903,val_pixel_accuracy,0.7219334244728088
1671,5975,val_pixel_accuracy,0.7277030944824219
1672,6047,val_pixel_accuracy,0.7436237931251526
1673,6119,val_pixel_accuracy,0.7243041396141052
1674,6191,val_pixel_accuracy,0.7370572686195374
1675,6263,val_pixel_accuracy,0.7136954665184021
1676,6335,val_pixel_accuracy,0.7126317024230957
1677,6407,val_pixel_accuracy,0.7331272959709167
1678,6479,val_pixel_accuracy,0.7274897694587708
1679,6551,val_pixel_accuracy,0.7344127297401428
1680,6623,val_pixel_accuracy,0.7236731648445129
1681,6695,val_pixel_accuracy,0.7249736189842224
1682,6767,val_pixel_accuracy,0.7356357574462891
1683,6839,val_pixel_accuracy,0.7203853726387024
1684,6911,val_pixel_accuracy,0.723878800868988
1685,6983,val_pixel_accuracy,0.7318729758262634
1686,7055,val_pixel_accuracy,0.726230800151825
1687,7127,val_pixel_accuracy,0.7303142547607422
1688,7199,val_pixel_accuracy,0.7271363139152527
1689,71,val_macro_precision,0.28361228108406067
1690,143,val_macro_precision,0.31672295928001404
1691,215,val_macro_precision,0.2940033972263336
1692,287,val_macro_precision,0.34041187167167664
1693,359,val_macro_precision,0.33512845635414124
1694,431,val_macro_precision,0.36334070563316345
1695,503,val_macro_precision,0.38977551460266113
1696,575,val_macro_precision,0.43813037872314453
1697,647,val_macro_precision,0.38216426968574524
1698,719,val_macro_precision,0.353284627199173
1699,791,val_macro_precision,0.4016150236129761
1700,863,val_macro_precision,0.37677037715911865
1701,935,val_macro_precision,0.43991532921791077
1702,1007,val_macro_precision,0.39479169249534607
1703,1079,val_macro_precision,0.4147289991378784
1704,1151,val_macro_precision,0.4121113717556
1705,1223,val_macro_precision,0.34182560443878174
1706,1295,val_macro_precision,0.4586818218231201
1707,1367,val_macro_precision,0.4359625279903412
1708,1439,val_macro_precision,0.4612905979156494
1709,1511,val_macro_precision,0.4902998208999634
1710,1583,val_macro_precision,0.47266820073127747
1711,1655,val_macro_precision,0.4236849844455719
1712,1727,val_macro_precision,0.4558408260345459
1713,1799,val_macro_precision,0.4840175211429596
1714,1871,val_macro_precision,0.45077288150787354
1715,1943,val_macro_precision,0.4260282814502716
1716,2015,val_macro_precision,0.44487249851226807
1717,2087,val_macro_precision,0.4771677553653717
1718,2159,val_macro_precision,0.4623255431652069
1719,2231,val_macro_precision,0.44962814450263977
1720,2303,val_macro_precision,0.507820188999176
1721,2375,val_macro_precision,0.4777696430683136
1722,2447,val_macro_precision,0.5120655298233032
1723,2519,val_macro_precision,0.5153906941413879
1724,2591,val_macro_precision,0.4819868803024292
1725,2663,val_macro_precision,0.5041952729225159
1726,2735,val_macro_precision,0.4756220877170563
1727,2807,val_macro_precision,0.4564112722873688
1728,2879,val_macro_precision,0.5019254684448242
1729,2951,val_macro_precision,0.4896050691604614
1730,3023,val_macro_precision,0.5089108347892761
1731,3095,val_macro_precision,0.5189164876937866
1732,3167,val_macro_precision,0.4690779447555542
1733,3239,val_macro_precision,0.4832424223423004
1734,3311,val_macro_precision,0.4974462687969208
1735,3383,val_macro_precision,0.49355578422546387
1736,3455,val_macro_precision,0.5020886063575745
1737,3527,val_macro_precision,0.5200352072715759
1738,3599,val_macro_precision,0.5222194790840149
1739,3671,val_macro_precision,0.5158798098564148
1740,3743,val_macro_precision,0.5044289231300354
1741,3815,val_macro_precision,0.523358166217804
1742,3887,val_macro_precision,0.5144019722938538
1743,3959,val_macro_precision,0.5155537724494934
1744,4031,val_macro_precision,0.524436354637146
1745,4103,val_macro_precision,0.5282655954360962
1746,4175,val_macro_precision,0.5246461033821106
1747,4247,val_macro_precision,0.5289868712425232
1748,4319,val_macro_precision,0.5345593094825745
1749,4391,val_macro_precision,0.5115959048271179
1750,4463,val_macro_precision,0.5192129015922546
1751,4535,val_macro_precision,0.5323030352592468
1752,4607,val_macro_precision,0.5277671217918396
1753,4679,val_macro_precision,0.5151344537734985
1754,4751,val_macro_precision,0.538644552230835
1755,4823,val_macro_precision,0.5459232926368713
1756,4895,val_macro_precision,0.5518664717674255
1757,4967,val_macro_precision,0.537086546421051
1758,5039,val_macro_precision,0.49954333901405334
1759,5111,val_macro_precision,0.5456997752189636
1760,5183,val_macro_precision,0.552366316318512
1761,5255,val_macro_precision,0.5708386898040771
1762,5327,val_macro_precision,0.5686542391777039
1763,5399,val_macro_precision,0.5559065937995911
1764,5471,val_macro_precision,0.5461754202842712
1765,5543,val_macro_precision,0.5319554209709167
1766,5615,val_macro_precision,0.5712904334068298
1767,5687,val_macro_precision,0.5322132706642151
1768,5759,val_macro_precision,0.5379647612571716
1769,5831,val_macro_precision,0.5759625434875488
1770,5903,val_macro_precision,0.5758453607559204
1771,5975,val_macro_precision,0.5512153506278992
1772,6047,val_macro_precision,0.5651323199272156
1773,6119,val_macro_precision,0.5415083765983582
1774,6191,val_macro_precision,0.5585433840751648
1775,6263,val_macro_precision,0.5478925108909607
1776,6335,val_macro_precision,0.5514907240867615
1777,6407,val_macro_precision,0.5771464705467224
1778,6479,val_macro_precision,0.5835803747177124
1779,6551,val_macro_precision,0.5617954730987549
1780,6623,val_macro_precision,0.5537400841712952
1781,6695,val_macro_precision,0.5454313158988953
1782,6767,val_macro_precision,0.5643959641456604
1783,6839,val_macro_precision,0.5572866797447205
1784,6911,val_macro_precision,0.5613970160484314
1785,6983,val_macro_precision,0.546169102191925
1786,7055,val_macro_precision,0.5473424196243286
1787,7127,val_macro_precision,0.5813897252082825
1788,7199,val_macro_precision,0.5518250465393066
1789,71,val_macro_recall,0.2662084102630615
1790,143,val_macro_recall,0.2591419517993927
1791,215,val_macro_recall,0.25101789832115173
1792,287,val_macro_recall,0.3522628843784332
1793,359,val_macro_recall,0.3378560245037079
1794,431,val_macro_recall,0.3498269319534302
1795,503,val_macro_recall,0.3633042275905609
1796,575,val_macro_recall,0.38484010100364685
1797,647,val_macro_recall,0.34956565499305725
1798,719,val_macro_recall,0.3500537574291229
1799,791,val_macro_recall,0.365660697221756
1800,863,val_macro_recall,0.3729134500026703
1801,935,val_macro_recall,0.4046271741390228
1802,1007,val_macro_recall,0.37905558943748474
1803,1079,val_macro_recall,0.40413859486579895
1804,1151,val_macro_recall,0.39030709862709045
1805,1223,val_macro_recall,0.31675711274147034
1806,1295,val_macro_recall,0.44034838676452637
1807,1367,val_macro_recall,0.419126957654953
1808,1439,val_macro_recall,0.41136041283607483
1809,1511,val_macro_recall,0.4483303725719452
1810,1583,val_macro_recall,0.4714200496673584
1811,1655,val_macro_recall,0.40845218300819397
1812,1727,val_macro_recall,0.44569504261016846
1813,1799,val_macro_recall,0.43484339118003845
1814,1871,val_macro_recall,0.4221167266368866
1815,1943,val_macro_recall,0.40914633870124817
1816,2015,val_macro_recall,0.41957804560661316
1817,2087,val_macro_recall,0.45859137177467346
1818,2159,val_macro_recall,0.43494001030921936
1819,2231,val_macro_recall,0.4211856424808502
1820,2303,val_macro_recall,0.47786393761634827
1821,2375,val_macro_recall,0.44113823771476746
1822,2447,val_macro_recall,0.4509821832180023
1823,2519,val_macro_recall,0.47815683484077454
1824,2591,val_macro_recall,0.4723648130893707
1825,2663,val_macro_recall,0.4767324924468994
1826,2735,val_macro_recall,0.428333044052124
1827,2807,val_macro_recall,0.44817864894866943
1828,2879,val_macro_recall,0.4773697555065155
1829,2951,val_macro_recall,0.49157312512397766
1830,3023,val_macro_recall,0.46186769008636475
1831,3095,val_macro_recall,0.49506890773773193
1832,3167,val_macro_recall,0.4638504087924957
1833,3239,val_macro_recall,0.47881606221199036
1834,3311,val_macro_recall,0.48104631900787354
1835,3383,val_macro_recall,0.46496716141700745
1836,3455,val_macro_recall,0.4770604074001312
1837,3527,val_macro_recall,0.4979760944843292
1838,3599,val_macro_recall,0.5106485486030579
1839,3671,val_macro_recall,0.4898317754268646
1840,3743,val_macro_recall,0.4856429398059845
1841,3815,val_macro_recall,0.49131321907043457
1842,3887,val_macro_recall,0.4880525767803192
1843,3959,val_macro_recall,0.48209571838378906
1844,4031,val_macro_recall,0.4987909495830536
1845,4103,val_macro_recall,0.4997195899486542
1846,4175,val_macro_recall,0.5038545727729797
1847,4247,val_macro_recall,0.5163965225219727
1848,4319,val_macro_recall,0.5134305357933044
1849,4391,val_macro_recall,0.4999765455722809
1850,4463,val_macro_recall,0.4876660108566284
1851,4535,val_macro_recall,0.5123280882835388
1852,4607,val_macro_recall,0.5170465111732483
1853,4679,val_macro_recall,0.500660240650177
1854,4751,val_macro_recall,0.5211288332939148
1855,4823,val_macro_recall,0.5161623358726501
1856,4895,val_macro_recall,0.5155773758888245
1857,4967,val_macro_recall,0.5235297083854675
1858,5039,val_macro_recall,0.488208144903183
1859,5111,val_macro_recall,0.5124008655548096
1860,5183,val_macro_recall,0.5268317461013794
1861,5255,val_macro_recall,0.5403353571891785
1862,5327,val_macro_recall,0.5456894636154175
1863,5399,val_macro_recall,0.5579723715782166
1864,5471,val_macro_recall,0.5173084139823914
1865,5543,val_macro_recall,0.5150542855262756
1866,5615,val_macro_recall,0.5444206595420837
1867,5687,val_macro_recall,0.5236106514930725
1868,5759,val_macro_recall,0.5108020305633545
1869,5831,val_macro_recall,0.5526018738746643
1870,5903,val_macro_recall,0.5375903248786926
1871,5975,val_macro_recall,0.524387776851654
1872,6047,val_macro_recall,0.542883574962616
1873,6119,val_macro_recall,0.5250197649002075
1874,6191,val_macro_recall,0.5338595509529114
1875,6263,val_macro_recall,0.5265305638313293
1876,6335,val_macro_recall,0.524919867515564
1877,6407,val_macro_recall,0.5541003346443176
1878,6479,val_macro_recall,0.5538629293441772
1879,6551,val_macro_recall,0.537912905216217
1880,6623,val_macro_recall,0.5365477204322815
1881,6695,val_macro_recall,0.5163441300392151
1882,6767,val_macro_recall,0.5411092638969421
1883,6839,val_macro_recall,0.5304981470108032
1884,6911,val_macro_recall,0.5215292572975159
1885,6983,val_macro_recall,0.5177661180496216
1886,7055,val_macro_recall,0.5212618708610535
1887,7127,val_macro_recall,0.5559915900230408
1888,7199,val_macro_recall,0.5247342586517334
1889,71,val_macro_f1,0.2536200284957886
1890,143,val_macro_f1,0.23069842159748077
1891,215,val_macro_f1,0.23747168481349945
1892,287,val_macro_f1,0.32505014538764954
1893,359,val_macro_f1,0.31986841559410095
1894,431,val_macro_f1,0.33757564425468445
1895,503,val_macro_f1,0.3413986265659332
1896,575,val_macro_f1,0.38700005412101746
1897,647,val_macro_f1,0.3371178209781647
1898,719,val_macro_f1,0.32788529992103577
1899,791,val_macro_f1,0.3543064296245575
1900,863,val_macro_f1,0.35706421732902527
1901,935,val_macro_f1,0.40009093284606934
1902,1007,val_macro_f1,0.3635501563549042
1903,1079,val_macro_f1,0.3924185335636139
1904,1151,val_macro_f1,0.3529825210571289
1905,1223,val_macro_f1,0.27828773856163025
1906,1295,val_macro_f1,0.42841553688049316
1907,1367,val_macro_f1,0.41190627217292786
1908,1439,val_macro_f1,0.4077794849872589
1909,1511,val_macro_f1,0.4475569427013397
1910,1583,val_macro_f1,0.4533233940601349
1911,1655,val_macro_f1,0.39010679721832275
1912,1727,val_macro_f1,0.42646417021751404
1913,1799,val_macro_f1,0.44128718972206116
1914,1871,val_macro_f1,0.41784414649009705
1915,1943,val_macro_f1,0.4016300439834595
1916,2015,val_macro_f1,0.41046878695487976
1917,2087,val_macro_f1,0.45165398716926575
1918,2159,val_macro_f1,0.42478349804878235
1919,2231,val_macro_f1,0.42037007212638855
1920,2303,val_macro_f1,0.47676703333854675
1921,2375,val_macro_f1,0.4410029947757721
1922,2447,val_macro_f1,0.452866792678833
1923,2519,val_macro_f1,0.4715456962585449
1924,2591,val_macro_f1,0.4609312117099762
1925,2663,val_macro_f1,0.4724787473678589
1926,2735,val_macro_f1,0.4259771406650543
1927,2807,val_macro_f1,0.43492594361305237
1928,2879,val_macro_f1,0.4779568016529083
1929,2951,val_macro_f1,0.47611188888549805
1930,3023,val_macro_f1,0.4657105505466461
1931,3095,val_macro_f1,0.4959285259246826
1932,3167,val_macro_f1,0.4505321979522705
1933,3239,val_macro_f1,0.46759316325187683
1934,3311,val_macro_f1,0.47194012999534607
1935,3383,val_macro_f1,0.4618927538394928
1936,3455,val_macro_f1,0.470509797334671
1937,3527,val_macro_f1,0.49578380584716797
1938,3599,val_macro_f1,0.49981093406677246
1939,3671,val_macro_f1,0.4864369332790375
1940,3743,val_macro_f1,0.48110684752464294
1941,3815,val_macro_f1,0.49121466279029846
1942,3887,val_macro_f1,0.4859450161457062
1943,3959,val_macro_f1,0.48360899090766907
1944,4031,val_macro_f1,0.4987735450267792
1945,4103,val_macro_f1,0.4956876039505005
1946,4175,val_macro_f1,0.4968012273311615
1947,4247,val_macro_f1,0.511004626750946
1948,4319,val_macro_f1,0.5136082172393799
1949,4391,val_macro_f1,0.49455881118774414
1950,4463,val_macro_f1,0.49015989899635315
1951,4535,val_macro_f1,0.5111594796180725
1952,4607,val_macro_f1,0.5123169422149658
1953,4679,val_macro_f1,0.49675193428993225
1954,4751,val_macro_f1,0.5175531506538391
1955,4823,val_macro_f1,0.5163952112197876
1956,4895,val_macro_f1,0.5146268010139465
1957,4967,val_macro_f1,0.5181366205215454
1958,5039,val_macro_f1,0.4852353036403656
1959,5111,val_macro_f1,0.5178192257881165
1960,5183,val_macro_f1,0.5263118147850037
1961,5255,val_macro_f1,0.5385788083076477
1962,5327,val_macro_f1,0.5403358340263367
1963,5399,val_macro_f1,0.543153703212738
1964,5471,val_macro_f1,0.5140582323074341
1965,5543,val_macro_f1,0.5136772990226746
1966,5615,val_macro_f1,0.5412552952766418
1967,5687,val_macro_f1,0.5179950594902039
1968,5759,val_macro_f1,0.5096165537834167
1969,5831,val_macro_f1,0.5534570217132568
1970,5903,val_macro_f1,0.5395201444625854
1971,5975,val_macro_f1,0.5273056030273438
1972,6047,val_macro_f1,0.546107292175293
1973,6119,val_macro_f1,0.5214312672615051
1974,6191,val_macro_f1,0.539275050163269
1975,6263,val_macro_f1,0.5248759984970093
1976,6335,val_macro_f1,0.5190840363502502
1977,6407,val_macro_f1,0.5552095174789429
1978,6479,val_macro_f1,0.5542348623275757
1979,6551,val_macro_f1,0.5389483571052551
1980,6623,val_macro_f1,0.5335084199905396
1981,6695,val_macro_f1,0.5196069478988647
1982,6767,val_macro_f1,0.5396155714988708
1983,6839,val_macro_f1,0.5283450484275818
1984,6911,val_macro_f1,0.5233289003372192
1985,6983,val_macro_f1,0.5204393863677979
1986,7055,val_macro_f1,0.5223311185836792
1987,7127,val_macro_f1,0.5593906044960022
1988,7199,val_macro_f1,0.52837735414505
1989,71,train_loss_epoch,1.5086767673492432
1990,143,train_loss_epoch,1.2986493110656738
1991,215,train_loss_epoch,1.2593375444412231
1992,287,train_loss_epoch,1.2017557621002197
1993,359,train_loss_epoch,1.1829954385757446
1994,431,train_loss_epoch,1.1598165035247803
1995,503,train_loss_epoch,1.1247727870941162
1996,575,train_loss_epoch,1.1079654693603516
1997,647,train_loss_epoch,1.1138519048690796
1998,719,train_loss_epoch,1.112408995628357
1999,791,train_loss_epoch,1.0899571180343628
2000,863,train_loss_epoch,1.0792887210845947
2001,935,train_loss_epoch,1.0504186153411865
2002,1007,train_loss_epoch,1.0389859676361084
2003,1079,train_loss_epoch,1.064871907234192
2004,1151,train_loss_epoch,1.0526626110076904
2005,1223,train_loss_epoch,1.0256757736206055
2006,1295,train_loss_epoch,1.0379704236984253
2007,1367,train_loss_epoch,0.9873813390731812
2008,1439,train_loss_epoch,0.992688000202179
2009,1511,train_loss_epoch,0.9746654629707336
2010,1583,train_loss_epoch,0.9453843832015991
2011,1655,train_loss_epoch,0.952308714389801
2012,1727,train_loss_epoch,0.9601796269416809
2013,1799,train_loss_epoch,0.9779377579689026
2014,1871,train_loss_epoch,0.950958251953125
2015,1943,train_loss_epoch,0.9425339698791504
2016,2015,train_loss_epoch,0.9269039034843445
2017,2087,train_loss_epoch,0.930752694606781
2018,2159,train_loss_epoch,0.9107161164283752
2019,2231,train_loss_epoch,0.9289960861206055
2020,2303,train_loss_epoch,0.8909323215484619
2021,2375,train_loss_epoch,0.8966761231422424
2022,2447,train_loss_epoch,0.8709653615951538
2023,2519,train_loss_epoch,0.8923884630203247
2024,2591,train_loss_epoch,0.8782524466514587
2025,2663,train_loss_epoch,0.8736591339111328
2026,2735,train_loss_epoch,0.8664386868476868
2027,2807,train_loss_epoch,0.8676583766937256
2028,2879,train_loss_epoch,0.8469547033309937
2029,2951,train_loss_epoch,0.858088493347168
2030,3023,train_loss_epoch,0.8440260291099548
2031,3095,train_loss_epoch,0.832536518573761
2032,3167,train_loss_epoch,0.8254718780517578
2033,3239,train_loss_epoch,0.844203531742096
2034,3311,train_loss_epoch,0.8126564621925354
2035,3383,train_loss_epoch,0.8166959881782532
2036,3455,train_loss_epoch,0.8079156279563904
2037,3527,train_loss_epoch,0.7947779893875122
2038,3599,train_loss_epoch,0.827166736125946
2039,3671,train_loss_epoch,0.8107707500457764
2040,3743,train_loss_epoch,0.8239655494689941
2041,3815,train_loss_epoch,0.8081472516059875
2042,3887,train_loss_epoch,0.8025636672973633
2043,3959,train_loss_epoch,0.7833414673805237
2044,4031,train_loss_epoch,0.77690589427948
2045,4103,train_loss_epoch,0.7565690875053406
2046,4175,train_loss_epoch,0.7928206920623779
2047,4247,train_loss_epoch,0.7719305157661438
2048,4319,train_loss_epoch,0.7668801546096802
2049,4391,train_loss_epoch,0.762846827507019
2050,4463,train_loss_epoch,0.7476374506950378
2051,4535,train_loss_epoch,0.7495563626289368
2052,4607,train_loss_epoch,0.7436846494674683
2053,4679,train_loss_epoch,0.7420452237129211
2054,4751,train_loss_epoch,0.7502679824829102
2055,4823,train_loss_epoch,0.7271655201911926
2056,4895,train_loss_epoch,0.7133045792579651
2057,4967,train_loss_epoch,0.7172778844833374
2058,5039,train_loss_epoch,0.7264479398727417
2059,5111,train_loss_epoch,0.72286057472229
2060,5183,train_loss_epoch,0.7107667326927185
2061,5255,train_loss_epoch,0.7173080444335938
2062,5327,train_loss_epoch,0.7299784421920776
2063,5399,train_loss_epoch,0.687044084072113
2064,5471,train_loss_epoch,0.7083272337913513
2065,5543,train_loss_epoch,0.6921433806419373
2066,5615,train_loss_epoch,0.6899393796920776
2067,5687,train_loss_epoch,0.6783778071403503
2068,5759,train_loss_epoch,0.6757062673568726
2069,5831,train_loss_epoch,0.6846655011177063
2070,5903,train_loss_epoch,0.6874086856842041
2071,5975,train_loss_epoch,0.6859620213508606
2072,6047,train_loss_epoch,0.6722607016563416
2073,6119,train_loss_epoch,0.6765648722648621
2074,6191,train_loss_epoch,0.6872270703315735
2075,6263,train_loss_epoch,0.6802721619606018
2076,6335,train_loss_epoch,0.6793815493583679
2077,6407,train_loss_epoch,0.6643450856208801
2078,6479,train_loss_epoch,0.6740589141845703
2079,6551,train_loss_epoch,0.6701483130455017
2080,6623,train_loss_epoch,0.663468599319458
2081,6695,train_loss_epoch,0.6564441323280334
2082,6767,train_loss_epoch,0.6735928654670715
2083,6839,train_loss_epoch,0.6647414565086365
2084,6911,train_loss_epoch,0.6571558713912964
2085,6983,train_loss_epoch,0.6614701747894287
2086,7055,train_loss_epoch,0.645324170589447
2087,7127,train_loss_epoch,0.6629484295845032
2088,7199,train_loss_epoch,0.653428316116333
2089,71,train/iou_class_0,0.0
2090,143,train/iou_class_0,0.0
2091,215,train/iou_class_0,0.0
2092,287,train/iou_class_0,0.0
2093,359,train/iou_class_0,0.0
2094,431,train/iou_class_0,0.0
2095,503,train/iou_class_0,0.0007806135108694434
2096,575,train/iou_class_0,0.10211403667926788
2097,647,train/iou_class_0,0.1675136685371399
2098,719,train/iou_class_0,0.19057850539684296
2099,791,train/iou_class_0,0.17562289535999298
2100,863,train/iou_class_0,0.2384517341852188
2101,935,train/iou_class_0,0.13041000068187714
2102,1007,train/iou_class_0,0.22395937144756317
2103,1079,train/iou_class_0,0.17683175206184387
2104,1151,train/iou_class_0,0.15932519733905792
2105,1223,train/iou_class_0,0.26150423288345337
2106,1295,train/iou_class_0,0.15931709110736847
2107,1367,train/iou_class_0,0.28349024057388306
2108,1439,train/iou_class_0,0.25836777687072754
2109,1511,train/iou_class_0,0.21490202844142914
2110,1583,train/iou_class_0,0.1996205598115921
2111,1655,train/iou_class_0,0.20749659836292267
2112,1727,train/iou_class_0,0.21452617645263672
2113,1799,train/iou_class_0,0.23229177296161652
2114,1871,train/iou_class_0,0.19854556024074554
2115,1943,train/iou_class_0,0.20630280673503876
2116,2015,train/iou_class_0,0.116299107670784
2117,2087,train/iou_class_0,0.1528923660516739
2118,2159,train/iou_class_0,0.24097596108913422
2119,2231,train/iou_class_0,0.1906634271144867
2120,2303,train/iou_class_0,0.25676947832107544
2121,2375,train/iou_class_0,0.21255367994308472
2122,2447,train/iou_class_0,0.18508273363113403
2123,2519,train/iou_class_0,0.20439748466014862
2124,2591,train/iou_class_0,0.23145051300525665
2125,2663,train/iou_class_0,0.2173852175474167
2126,2735,train/iou_class_0,0.19232439994812012
2127,2807,train/iou_class_0,0.24809224903583527
2128,2879,train/iou_class_0,0.27424705028533936
2129,2951,train/iou_class_0,0.17516976594924927
2130,3023,train/iou_class_0,0.2213672697544098
2131,3095,train/iou_class_0,0.21419687569141388
2132,3167,train/iou_class_0,0.15286503732204437
2133,3239,train/iou_class_0,0.25057658553123474
2134,3311,train/iou_class_0,0.2914690375328064
2135,3383,train/iou_class_0,0.27783510088920593
2136,3455,train/iou_class_0,0.20944687724113464
2137,3527,train/iou_class_0,0.24535536766052246
2138,3599,train/iou_class_0,0.26419124007225037
2139,3671,train/iou_class_0,0.18620674312114716
2140,3743,train/iou_class_0,0.31335771083831787
2141,3815,train/iou_class_0,0.19922390580177307
2142,3887,train/iou_class_0,0.2756061553955078
2143,3959,train/iou_class_0,0.19642488658428192
2144,4031,train/iou_class_0,0.17215405404567719
2145,4103,train/iou_class_0,0.22021645307540894
2146,4175,train/iou_class_0,0.2117723971605301
2147,4247,train/iou_class_0,0.18004584312438965
2148,4319,train/iou_class_0,0.30096903443336487
2149,4391,train/iou_class_0,0.19422712922096252
2150,4463,train/iou_class_0,0.2276925891637802
2151,4535,train/iou_class_0,0.12921775877475739
2152,4607,train/iou_class_0,0.21040622889995575
2153,4679,train/iou_class_0,0.22326354682445526
2154,4751,train/iou_class_0,0.18069405853748322
2155,4823,train/iou_class_0,0.2939332127571106
2156,4895,train/iou_class_0,0.23918037116527557
2157,4967,train/iou_class_0,0.2638283371925354
2158,5039,train/iou_class_0,0.25752270221710205
2159,5111,train/iou_class_0,0.2153020054101944
2160,5183,train/iou_class_0,0.19031895697116852
2161,5255,train/iou_class_0,0.24916453659534454
2162,5327,train/iou_class_0,0.25126102566719055
2163,5399,train/iou_class_0,0.22488921880722046
2164,5471,train/iou_class_0,0.26288485527038574
2165,5543,train/iou_class_0,0.2581210732460022
2166,5615,train/iou_class_0,0.3182947337627411
2167,5687,train/iou_class_0,0.2657458484172821
2168,5759,train/iou_class_0,0.2401336133480072
2169,5831,train/iou_class_0,0.22261498868465424
2170,5903,train/iou_class_0,0.2676398754119873
2171,5975,train/iou_class_0,0.23097670078277588
2172,6047,train/iou_class_0,0.26432567834854126
2173,6119,train/iou_class_0,0.26065024733543396
2174,6191,train/iou_class_0,0.3441883623600006
2175,6263,train/iou_class_0,0.33174797892570496
2176,6335,train/iou_class_0,0.3278336822986603
2177,6407,train/iou_class_0,0.19262294471263885
2178,6479,train/iou_class_0,0.2085639089345932
2179,6551,train/iou_class_0,0.2324489802122116
2180,6623,train/iou_class_0,0.25279706716537476
2181,6695,train/iou_class_0,0.1750124841928482
2182,6767,train/iou_class_0,0.35721567273139954
2183,6839,train/iou_class_0,0.24765679240226746
2184,6911,train/iou_class_0,0.2641756236553192
2185,6983,train/iou_class_0,0.2603521943092346
2186,7055,train/iou_class_0,0.14638826251029968
2187,7127,train/iou_class_0,0.21273577213287354
2188,7199,train/iou_class_0,0.21162332594394684
2189,71,train/iou_class_1,0.0003408110642340034
2190,143,train/iou_class_1,0.0
2191,215,train/iou_class_1,0.0
2192,287,train/iou_class_1,0.0
2193,359,train/iou_class_1,0.0
2194,431,train/iou_class_1,1.6924384908634238e-05
2195,503,train/iou_class_1,0.0
2196,575,train/iou_class_1,0.00022979149071034044
2197,647,train/iou_class_1,0.0011147643672302365
2198,719,train/iou_class_1,0.00015798286767676473
2199,791,train/iou_class_1,0.0007969169528223574
2200,863,train/iou_class_1,0.0
2201,935,train/iou_class_1,1.5370485925814137e-05
2202,1007,train/iou_class_1,0.008797433227300644
2203,1079,train/iou_class_1,0.0023532381746917963
2204,1151,train/iou_class_1,0.0
2205,1223,train/iou_class_1,0.009981375187635422
2206,1295,train/iou_class_1,0.007462677545845509
2207,1367,train/iou_class_1,0.010624289512634277
2208,1439,train/iou_class_1,0.024870485067367554
2209,1511,train/iou_class_1,0.006018886808305979
2210,1583,train/iou_class_1,0.033591415733098984
2211,1655,train/iou_class_1,0.008673015050590038
2212,1727,train/iou_class_1,0.058462608605623245
2213,1799,train/iou_class_1,0.02017228677868843
2214,1871,train/iou_class_1,0.020982543006539345
2215,1943,train/iou_class_1,0.031913939863443375
2216,2015,train/iou_class_1,0.04648994281888008
2217,2087,train/iou_class_1,0.02774566225707531
2218,2159,train/iou_class_1,0.09843993932008743
2219,2231,train/iou_class_1,0.051202137023210526
2220,2303,train/iou_class_1,0.09311044961214066
2221,2375,train/iou_class_1,0.04629919305443764
2222,2447,train/iou_class_1,0.029725870117545128
2223,2519,train/iou_class_1,0.04922822490334511
2224,2591,train/iou_class_1,0.07550181448459625
2225,2663,train/iou_class_1,0.11742081493139267
2226,2735,train/iou_class_1,0.10428357869386673
2227,2807,train/iou_class_1,0.09641622006893158
2228,2879,train/iou_class_1,0.08070549368858337
2229,2951,train/iou_class_1,0.10401291400194168
2230,3023,train/iou_class_1,0.10615032911300659
2231,3095,train/iou_class_1,0.14236468076705933
2232,3167,train/iou_class_1,0.1365136355161667
2233,3239,train/iou_class_1,0.15442396700382233
2234,3311,train/iou_class_1,0.1363544911146164
2235,3383,train/iou_class_1,0.09542927145957947
2236,3455,train/iou_class_1,0.21402819454669952
2237,3527,train/iou_class_1,0.21880732476711273
2238,3599,train/iou_class_1,0.18612076342105865
2239,3671,train/iou_class_1,0.1385352909564972
2240,3743,train/iou_class_1,0.19269375503063202
2241,3815,train/iou_class_1,0.17522728443145752
2242,3887,train/iou_class_1,0.16572688519954681
2243,3959,train/iou_class_1,0.18832649290561676
2244,4031,train/iou_class_1,0.14857865869998932
2245,4103,train/iou_class_1,0.22581224143505096
2246,4175,train/iou_class_1,0.19957305490970612
2247,4247,train/iou_class_1,0.18435516953468323
2248,4319,train/iou_class_1,0.22868232429027557
2249,4391,train/iou_class_1,0.2336570769548416
2250,4463,train/iou_class_1,0.18783500790596008
2251,4535,train/iou_class_1,0.25665271282196045
2252,4607,train/iou_class_1,0.242255300283432
2253,4679,train/iou_class_1,0.25806745886802673
2254,4751,train/iou_class_1,0.27544543147087097
2255,4823,train/iou_class_1,0.19891567528247833
2256,4895,train/iou_class_1,0.26838967204093933
2257,4967,train/iou_class_1,0.23549412190914154
2258,5039,train/iou_class_1,0.2555156648159027
2259,5111,train/iou_class_1,0.2547318935394287
2260,5183,train/iou_class_1,0.24778275191783905
2261,5255,train/iou_class_1,0.19881680607795715
2262,5327,train/iou_class_1,0.24611519277095795
2263,5399,train/iou_class_1,0.21426601707935333
2264,5471,train/iou_class_1,0.25193649530410767
2265,5543,train/iou_class_1,0.29867541790008545
2266,5615,train/iou_class_1,0.28240662813186646
2267,5687,train/iou_class_1,0.2611262798309326
2268,5759,train/iou_class_1,0.276944637298584
2269,5831,train/iou_class_1,0.24844899773597717
2270,5903,train/iou_class_1,0.3115178644657135
2271,5975,train/iou_class_1,0.24290555715560913
2272,6047,train/iou_class_1,0.31537768244743347
2273,6119,train/iou_class_1,0.2674115300178528
2274,6191,train/iou_class_1,0.23195084929466248
2275,6263,train/iou_class_1,0.2965386211872101
2276,6335,train/iou_class_1,0.27819496393203735
2277,6407,train/iou_class_1,0.26973503828048706
2278,6479,train/iou_class_1,0.2987658679485321
2279,6551,train/iou_class_1,0.3413409888744354
2280,6623,train/iou_class_1,0.2738986015319824
2281,6695,train/iou_class_1,0.32631146907806396
2282,6767,train/iou_class_1,0.2971746325492859
2283,6839,train/iou_class_1,0.3130382001399994
2284,6911,train/iou_class_1,0.25214678049087524
2285,6983,train/iou_class_1,0.3120446801185608
2286,7055,train/iou_class_1,0.28816863894462585
2287,7127,train/iou_class_1,0.31377601623535156
2288,7199,train/iou_class_1,0.3383433520793915
2289,71,train/iou_class_2,0.23478981852531433
2290,143,train/iou_class_2,0.2647782862186432
2291,215,train/iou_class_2,0.27587759494781494
2292,287,train/iou_class_2,0.29845747351646423
2293,359,train/iou_class_2,0.2975887060165405
2294,431,train/iou_class_2,0.3062053918838501
2295,503,train/iou_class_2,0.3168420195579529
2296,575,train/iou_class_2,0.3244960308074951
2297,647,train/iou_class_2,0.3259528875350952
2298,719,train/iou_class_2,0.31851711869239807
2299,791,train/iou_class_2,0.3414542078971863
2300,863,train/iou_class_2,0.3432706892490387
2301,935,train/iou_class_2,0.341453492641449
2302,1007,train/iou_class_2,0.34785619378089905
2303,1079,train/iou_class_2,0.352708637714386
2304,1151,train/iou_class_2,0.34380823373794556
2305,1223,train/iou_class_2,0.36212649941444397
2306,1295,train/iou_class_2,0.3613269329071045
2307,1367,train/iou_class_2,0.37089803814888
2308,1439,train/iou_class_2,0.3758505582809448
2309,1511,train/iou_class_2,0.375175803899765
2310,1583,train/iou_class_2,0.3906376361846924
2311,1655,train/iou_class_2,0.38905826210975647
2312,1727,train/iou_class_2,0.3951070308685303
2313,1799,train/iou_class_2,0.38636767864227295
2314,1871,train/iou_class_2,0.40242260694503784
2315,1943,train/iou_class_2,0.39220574498176575
2316,2015,train/iou_class_2,0.4049249291419983
2317,2087,train/iou_class_2,0.3951549530029297
2318,2159,train/iou_class_2,0.40936240553855896
2319,2231,train/iou_class_2,0.4008181691169739
2320,2303,train/iou_class_2,0.4114372134208679
2321,2375,train/iou_class_2,0.4110603630542755
2322,2447,train/iou_class_2,0.4212281107902527
2323,2519,train/iou_class_2,0.4185212254524231
2324,2591,train/iou_class_2,0.4270079433917999
2325,2663,train/iou_class_2,0.4190866947174072
2326,2735,train/iou_class_2,0.42882755398750305
2327,2807,train/iou_class_2,0.42532020807266235
2328,2879,train/iou_class_2,0.4259641468524933
2329,2951,train/iou_class_2,0.4272077977657318
2330,3023,train/iou_class_2,0.432353138923645
2331,3095,train/iou_class_2,0.4340948760509491
2332,3167,train/iou_class_2,0.4255020022392273
2333,3239,train/iou_class_2,0.4287787973880768
2334,3311,train/iou_class_2,0.44659459590911865
2335,3383,train/iou_class_2,0.4278233051300049
2336,3455,train/iou_class_2,0.4462209641933441
2337,3527,train/iou_class_2,0.45421847701072693
2338,3599,train/iou_class_2,0.4343019425868988
2339,3671,train/iou_class_2,0.45177629590034485
2340,3743,train/iou_class_2,0.4323924481868744
2341,3815,train/iou_class_2,0.4465680420398712
2342,3887,train/iou_class_2,0.4508287310600281
2343,3959,train/iou_class_2,0.4529910087585449
2344,4031,train/iou_class_2,0.46573978662490845
2345,4103,train/iou_class_2,0.46473562717437744
2346,4175,train/iou_class_2,0.45374393463134766
2347,4247,train/iou_class_2,0.4657999575138092
2348,4319,train/iou_class_2,0.4581853151321411
2349,4391,train/iou_class_2,0.4595794081687927
2350,4463,train/iou_class_2,0.48231571912765503
2351,4535,train/iou_class_2,0.46264177560806274
2352,4607,train/iou_class_2,0.4677889049053192
2353,4679,train/iou_class_2,0.4741348624229431
2354,4751,train/iou_class_2,0.46434587240219116
2355,4823,train/iou_class_2,0.4877793490886688
2356,4895,train/iou_class_2,0.47773703932762146
2357,4967,train/iou_class_2,0.47500893473625183
2358,5039,train/iou_class_2,0.46641454100608826
2359,5111,train/iou_class_2,0.47405585646629333
2360,5183,train/iou_class_2,0.4814172685146332
2361,5255,train/iou_class_2,0.4839019179344177
2362,5327,train/iou_class_2,0.47557681798934937
2363,5399,train/iou_class_2,0.503411054611206
2364,5471,train/iou_class_2,0.48578906059265137
2365,5543,train/iou_class_2,0.48594266176223755
2366,5615,train/iou_class_2,0.495867520570755
2367,5687,train/iou_class_2,0.49233052134513855
2368,5759,train/iou_class_2,0.49101290106773376
2369,5831,train/iou_class_2,0.49560967087745667
2370,5903,train/iou_class_2,0.49541980028152466
2371,5975,train/iou_class_2,0.4854297935962677
2372,6047,train/iou_class_2,0.4978902339935303
2373,6119,train/iou_class_2,0.4983392059803009
2374,6191,train/iou_class_2,0.4904460906982422
2375,6263,train/iou_class_2,0.4957808554172516
2376,6335,train/iou_class_2,0.49458375573158264
2377,6407,train/iou_class_2,0.49630650877952576
2378,6479,train/iou_class_2,0.49202847480773926
2379,6551,train/iou_class_2,0.5005484819412231
2380,6623,train/iou_class_2,0.504996657371521
2381,6695,train/iou_class_2,0.5037213563919067
2382,6767,train/iou_class_2,0.48987770080566406
2383,6839,train/iou_class_2,0.5061315298080444
2384,6911,train/iou_class_2,0.503755509853363
2385,6983,train/iou_class_2,0.503887951374054
2386,7055,train/iou_class_2,0.5090181231498718
2387,7127,train/iou_class_2,0.5071561932563782
2388,7199,train/iou_class_2,0.5002149939537048
2389,71,train/iou_class_3,0.24567922949790955
2390,143,train/iou_class_3,0.2854251265525818
2391,215,train/iou_class_3,0.2807379364967346
2392,287,train/iou_class_3,0.3057941198348999
2393,359,train/iou_class_3,0.30895012617111206
2394,431,train/iou_class_3,0.31687048077583313
2395,503,train/iou_class_3,0.31984323263168335
2396,575,train/iou_class_3,0.31933534145355225
2397,647,train/iou_class_3,0.3155851364135742
2398,719,train/iou_class_3,0.3312434256076813
2399,791,train/iou_class_3,0.33090728521347046
2400,863,train/iou_class_3,0.3294815421104431
2401,935,train/iou_class_3,0.3375917673110962
2402,1007,train/iou_class_3,0.3546812832355499
2403,1079,train/iou_class_3,0.33780741691589355
2404,1151,train/iou_class_3,0.3418921232223511
2405,1223,train/iou_class_3,0.34618961811065674
2406,1295,train/iou_class_3,0.3603314459323883
2407,1367,train/iou_class_3,0.36487579345703125
2408,1439,train/iou_class_3,0.3631036579608917
2409,1511,train/iou_class_3,0.3679598271846771
2410,1583,train/iou_class_3,0.37983623147010803
2411,1655,train/iou_class_3,0.3683490753173828
2412,1727,train/iou_class_3,0.3674754500389099
2413,1799,train/iou_class_3,0.3674250841140747
2414,1871,train/iou_class_3,0.3694695234298706
2415,1943,train/iou_class_3,0.38723960518836975
2416,2015,train/iou_class_3,0.3819456994533539
2417,2087,train/iou_class_3,0.3859100043773651
2418,2159,train/iou_class_3,0.38903355598449707
2419,2231,train/iou_class_3,0.39388105273246765
2420,2303,train/iou_class_3,0.39382246136665344
2421,2375,train/iou_class_3,0.39715179800987244
2422,2447,train/iou_class_3,0.39308983087539673
2423,2519,train/iou_class_3,0.3924826383590698
2424,2591,train/iou_class_3,0.3980422616004944
2425,2663,train/iou_class_3,0.40043383836746216
2426,2735,train/iou_class_3,0.40142881870269775
2427,2807,train/iou_class_3,0.4108636975288391
2428,2879,train/iou_class_3,0.4159950911998749
2429,2951,train/iou_class_3,0.40088388323783875
2430,3023,train/iou_class_3,0.41124337911605835
2431,3095,train/iou_class_3,0.4108765423297882
2432,3167,train/iou_class_3,0.41406670212745667
2433,3239,train/iou_class_3,0.40966394543647766
2434,3311,train/iou_class_3,0.42235037684440613
2435,3383,train/iou_class_3,0.4233808219432831
2436,3455,train/iou_class_3,0.41824662685394287
2437,3527,train/iou_class_3,0.42169463634490967
2438,3599,train/iou_class_3,0.4193444848060608
2439,3671,train/iou_class_3,0.4235130250453949
2440,3743,train/iou_class_3,0.42042258381843567
2441,3815,train/iou_class_3,0.41019773483276367
2442,3887,train/iou_class_3,0.42529118061065674
2443,3959,train/iou_class_3,0.42821231484413147
2444,4031,train/iou_class_3,0.43196895718574524
2445,4103,train/iou_class_3,0.4265219271183014
2446,4175,train/iou_class_3,0.4226636588573456
2447,4247,train/iou_class_3,0.4294837713241577
2448,4319,train/iou_class_3,0.43625953793525696
2449,4391,train/iou_class_3,0.4255903959274292
2450,4463,train/iou_class_3,0.4488277733325958
2451,4535,train/iou_class_3,0.44167187809944153
2452,4607,train/iou_class_3,0.45136046409606934
2453,4679,train/iou_class_3,0.4456894099712372
2454,4751,train/iou_class_3,0.446250319480896
2455,4823,train/iou_class_3,0.4518704414367676
2456,4895,train/iou_class_3,0.4602322578430176
2457,4967,train/iou_class_3,0.4635746479034424
2458,5039,train/iou_class_3,0.4601539373397827
2459,5111,train/iou_class_3,0.4547898769378662
2460,5183,train/iou_class_3,0.46214553713798523
2461,5255,train/iou_class_3,0.45229604840278625
2462,5327,train/iou_class_3,0.4560215473175049
2463,5399,train/iou_class_3,0.4672120213508606
2464,5471,train/iou_class_3,0.4633532464504242
2465,5543,train/iou_class_3,0.4594993591308594
2466,5615,train/iou_class_3,0.46615228056907654
2467,5687,train/iou_class_3,0.46676555275917053
2468,5759,train/iou_class_3,0.46903520822525024
2469,5831,train/iou_class_3,0.47132498025894165
2470,5903,train/iou_class_3,0.46795880794525146
2471,5975,train/iou_class_3,0.468597412109375
2472,6047,train/iou_class_3,0.4743572771549225
2473,6119,train/iou_class_3,0.4806636571884155
2474,6191,train/iou_class_3,0.4678404927253723
2475,6263,train/iou_class_3,0.4776824414730072
2476,6335,train/iou_class_3,0.46826469898223877
2477,6407,train/iou_class_3,0.4830138385295868
2478,6479,train/iou_class_3,0.46498823165893555
2479,6551,train/iou_class_3,0.46807417273521423
2480,6623,train/iou_class_3,0.47755834460258484
2481,6695,train/iou_class_3,0.47740036249160767
2482,6767,train/iou_class_3,0.4707447290420532
2483,6839,train/iou_class_3,0.4771362245082855
2484,6911,train/iou_class_3,0.48050999641418457
2485,6983,train/iou_class_3,0.4807800054550171
2486,7055,train/iou_class_3,0.48198336362838745
2487,7127,train/iou_class_3,0.4779871702194214
2488,7199,train/iou_class_3,0.4871314764022827
2489,71,train/iou_class_4,0.00934676080942154
2490,143,train/iou_class_4,0.09794040024280548
2491,215,train/iou_class_4,0.159581258893013
2492,287,train/iou_class_4,0.20377780497074127
2493,359,train/iou_class_4,0.21191470324993134
2494,431,train/iou_class_4,0.24401134252548218
2495,503,train/iou_class_4,0.24172423779964447
2496,575,train/iou_class_4,0.2724883556365967
2497,647,train/iou_class_4,0.2785343527793884
2498,719,train/iou_class_4,0.2921771705150604
2499,791,train/iou_class_4,0.29916560649871826
2500,863,train/iou_class_4,0.3038725256919861
2501,935,train/iou_class_4,0.34171420335769653
2502,1007,train/iou_class_4,0.3225937485694885
2503,1079,train/iou_class_4,0.291532039642334
2504,1151,train/iou_class_4,0.32552528381347656
2505,1223,train/iou_class_4,0.3342319428920746
2506,1295,train/iou_class_4,0.33495405316352844
2507,1367,train/iou_class_4,0.3614567518234253
2508,1439,train/iou_class_4,0.353964626789093
2509,1511,train/iou_class_4,0.38874220848083496
2510,1583,train/iou_class_4,0.3844064772129059
2511,1655,train/iou_class_4,0.37154489755630493
2512,1727,train/iou_class_4,0.3829851746559143
2513,1799,train/iou_class_4,0.3679434061050415
2514,1871,train/iou_class_4,0.390164852142334
2515,1943,train/iou_class_4,0.3844580352306366
2516,2015,train/iou_class_4,0.40998613834381104
2517,2087,train/iou_class_4,0.403272807598114
2518,2159,train/iou_class_4,0.39721164107322693
2519,2231,train/iou_class_4,0.4001089334487915
2520,2303,train/iou_class_4,0.4210481643676758
2521,2375,train/iou_class_4,0.42560872435569763
2522,2447,train/iou_class_4,0.4254951477050781
2523,2519,train/iou_class_4,0.42735591530799866
2524,2591,train/iou_class_4,0.42231571674346924
2525,2663,train/iou_class_4,0.4398781955242157
2526,2735,train/iou_class_4,0.43435758352279663
2527,2807,train/iou_class_4,0.42985770106315613
2528,2879,train/iou_class_4,0.440199077129364
2529,2951,train/iou_class_4,0.43089190125465393
2530,3023,train/iou_class_4,0.43400099873542786
2531,3095,train/iou_class_4,0.4490954577922821
2532,3167,train/iou_class_4,0.4409065842628479
2533,3239,train/iou_class_4,0.43678316473960876
2534,3311,train/iou_class_4,0.4428471028804779
2535,3383,train/iou_class_4,0.4610556960105896
2536,3455,train/iou_class_4,0.4559211730957031
2537,3527,train/iou_class_4,0.4674605429172516
2538,3599,train/iou_class_4,0.4481542110443115
2539,3671,train/iou_class_4,0.4532640874385834
2540,3743,train/iou_class_4,0.45150092244148254
2541,3815,train/iou_class_4,0.45721492171287537
2542,3887,train/iou_class_4,0.4771908223628998
2543,3959,train/iou_class_4,0.4792059659957886
2544,4031,train/iou_class_4,0.4814892113208771
2545,4103,train/iou_class_4,0.4734145402908325
2546,4175,train/iou_class_4,0.46512752771377563
2547,4247,train/iou_class_4,0.4754074215888977
2548,4319,train/iou_class_4,0.4779077172279358
2549,4391,train/iou_class_4,0.47989919781684875
2550,4463,train/iou_class_4,0.48433858156204224
2551,4535,train/iou_class_4,0.49167516827583313
2552,4607,train/iou_class_4,0.48973146080970764
2553,4679,train/iou_class_4,0.4795725345611572
2554,4751,train/iou_class_4,0.48930445313453674
2555,4823,train/iou_class_4,0.5105804800987244
2556,4895,train/iou_class_4,0.49717071652412415
2557,4967,train/iou_class_4,0.49771252274513245
2558,5039,train/iou_class_4,0.4889243543148041
2559,5111,train/iou_class_4,0.5020872950553894
2560,5183,train/iou_class_4,0.4968162477016449
2561,5255,train/iou_class_4,0.5033479332923889
2562,5327,train/iou_class_4,0.5041689276695251
2563,5399,train/iou_class_4,0.4998854994773865
2564,5471,train/iou_class_4,0.4951167702674866
2565,5543,train/iou_class_4,0.5217898488044739
2566,5615,train/iou_class_4,0.5149169564247131
2567,5687,train/iou_class_4,0.5139333605766296
2568,5759,train/iou_class_4,0.5049830079078674
2569,5831,train/iou_class_4,0.5078447461128235
2570,5903,train/iou_class_4,0.5143373608589172
2571,5975,train/iou_class_4,0.5133631229400635
2572,6047,train/iou_class_4,0.5107689499855042
2573,6119,train/iou_class_4,0.5086050629615784
2574,6191,train/iou_class_4,0.5102831721305847
2575,6263,train/iou_class_4,0.5214822292327881
2576,6335,train/iou_class_4,0.5133261680603027
2577,6407,train/iou_class_4,0.5230265259742737
2578,6479,train/iou_class_4,0.5115454792976379
2579,6551,train/iou_class_4,0.5244144797325134
2580,6623,train/iou_class_4,0.5176105499267578
2581,6695,train/iou_class_4,0.5198373794555664
2582,6767,train/iou_class_4,0.5210679769515991
2583,6839,train/iou_class_4,0.5273885130882263
2584,6911,train/iou_class_4,0.5207737684249878
2585,6983,train/iou_class_4,0.5124518275260925
2586,7055,train/iou_class_4,0.5245869159698486
2587,7127,train/iou_class_4,0.5187607407569885
2588,7199,train/iou_class_4,0.5207657814025879
2589,71,train/iou_class_5,0.4085027873516083
2590,143,train/iou_class_5,0.48885366320610046
2591,215,train/iou_class_5,0.479339063167572
2592,287,train/iou_class_5,0.5007288455963135
2593,359,train/iou_class_5,0.5090051293373108
2594,431,train/iou_class_5,0.5174655914306641
2595,503,train/iou_class_5,0.5330400466918945
2596,575,train/iou_class_5,0.5385993719100952
2597,647,train/iou_class_5,0.5354127287864685
2598,719,train/iou_class_5,0.5367564558982849
2599,791,train/iou_class_5,0.5208734273910522
2600,863,train/iou_class_5,0.542915940284729
2601,935,train/iou_class_5,0.5461563467979431
2602,1007,train/iou_class_5,0.5625964403152466
2603,1079,train/iou_class_5,0.5406818389892578
2604,1151,train/iou_class_5,0.5507592558860779
2605,1223,train/iou_class_5,0.5519276261329651
2606,1295,train/iou_class_5,0.5395137071609497
2607,1367,train/iou_class_5,0.5659558176994324
2608,1439,train/iou_class_5,0.5691726207733154
2609,1511,train/iou_class_5,0.5699946284294128
2610,1583,train/iou_class_5,0.5772408843040466
2611,1655,train/iou_class_5,0.5776695013046265
2612,1727,train/iou_class_5,0.5782594084739685
2613,1799,train/iou_class_5,0.5793225765228271
2614,1871,train/iou_class_5,0.5764686465263367
2615,1943,train/iou_class_5,0.5801898837089539
2616,2015,train/iou_class_5,0.5873681306838989
2617,2087,train/iou_class_5,0.5920021533966064
2618,2159,train/iou_class_5,0.5883686542510986
2619,2231,train/iou_class_5,0.5872606039047241
2620,2303,train/iou_class_5,0.6097869277000427
2621,2375,train/iou_class_5,0.5863733887672424
2622,2447,train/iou_class_5,0.6021284461021423
2623,2519,train/iou_class_5,0.5893549919128418
2624,2591,train/iou_class_5,0.5978091955184937
2625,2663,train/iou_class_5,0.5940592288970947
2626,2735,train/iou_class_5,0.5918656587600708
2627,2807,train/iou_class_5,0.5991735458374023
2628,2879,train/iou_class_5,0.6104268431663513
2629,2951,train/iou_class_5,0.6054885983467102
2630,3023,train/iou_class_5,0.6070390939712524
2631,3095,train/iou_class_5,0.6039716601371765
2632,3167,train/iou_class_5,0.6155089139938354
2633,3239,train/iou_class_5,0.6074583530426025
2634,3311,train/iou_class_5,0.6148921251296997
2635,3383,train/iou_class_5,0.6151729226112366
2636,3455,train/iou_class_5,0.6084275245666504
2637,3527,train/iou_class_5,0.6118489503860474
2638,3599,train/iou_class_5,0.6137092709541321
2639,3671,train/iou_class_5,0.6042240858078003
2640,3743,train/iou_class_5,0.6069645881652832
2641,3815,train/iou_class_5,0.6158249974250793
2642,3887,train/iou_class_5,0.6123347282409668
2643,3959,train/iou_class_5,0.6246331930160522
2644,4031,train/iou_class_5,0.6077734231948853
2645,4103,train/iou_class_5,0.6291495561599731
2646,4175,train/iou_class_5,0.6172543168067932
2647,4247,train/iou_class_5,0.6097069978713989
2648,4319,train/iou_class_5,0.6180902719497681
2649,4391,train/iou_class_5,0.6200081706047058
2650,4463,train/iou_class_5,0.626072347164154
2651,4535,train/iou_class_5,0.6249057650566101
2652,4607,train/iou_class_5,0.6186867952346802
2653,4679,train/iou_class_5,0.6225976347923279
2654,4751,train/iou_class_5,0.6244816780090332
2655,4823,train/iou_class_5,0.6293759346008301
2656,4895,train/iou_class_5,0.6374573707580566
2657,4967,train/iou_class_5,0.6314279437065125
2658,5039,train/iou_class_5,0.6407402157783508
2659,5111,train/iou_class_5,0.6271744966506958
2660,5183,train/iou_class_5,0.6421189308166504
2661,5255,train/iou_class_5,0.6406570076942444
2662,5327,train/iou_class_5,0.6392556428909302
2663,5399,train/iou_class_5,0.6434592008590698
2664,5471,train/iou_class_5,0.6317078471183777
2665,5543,train/iou_class_5,0.6338492631912231
2666,5615,train/iou_class_5,0.6443981528282166
2667,5687,train/iou_class_5,0.650702953338623
2668,5759,train/iou_class_5,0.6500438451766968
2669,5831,train/iou_class_5,0.6433696150779724
2670,5903,train/iou_class_5,0.6391350626945496
2671,5975,train/iou_class_5,0.6404178142547607
2672,6047,train/iou_class_5,0.6418926119804382
2673,6119,train/iou_class_5,0.6443999409675598
2674,6191,train/iou_class_5,0.6452092528343201
2675,6263,train/iou_class_5,0.6363159418106079
2676,6335,train/iou_class_5,0.6399325728416443
2677,6407,train/iou_class_5,0.6494324803352356
2678,6479,train/iou_class_5,0.6572092771530151
2679,6551,train/iou_class_5,0.6546154618263245
2680,6623,train/iou_class_5,0.6440633535385132
2681,6695,train/iou_class_5,0.6565766334533691
2682,6767,train/iou_class_5,0.6437954306602478
2683,6839,train/iou_class_5,0.6448373794555664
2684,6911,train/iou_class_5,0.6581650972366333
2685,6983,train/iou_class_5,0.6477689146995544
2686,7055,train/iou_class_5,0.6451559066772461
2687,7127,train/iou_class_5,0.6470896005630493
2688,7199,train/iou_class_5,0.6511682271957397
2689,71,train/iou_class_6,0.0008669182425364852
2690,143,train/iou_class_6,0.020101837813854218
2691,215,train/iou_class_6,0.09642001986503601
2692,287,train/iou_class_6,0.11684736609458923
2693,359,train/iou_class_6,0.1884605586528778
2694,431,train/iou_class_6,0.13102121651172638
2695,503,train/iou_class_6,0.15424750745296478
2696,575,train/iou_class_6,0.14584851264953613
2697,647,train/iou_class_6,0.1918199211359024
2698,719,train/iou_class_6,0.1793106347322464
2699,791,train/iou_class_6,0.1842278391122818
2700,863,train/iou_class_6,0.14337779581546783
2701,935,train/iou_class_6,0.13126035034656525
2702,1007,train/iou_class_6,0.2081109583377838
2703,1079,train/iou_class_6,0.16860269010066986
2704,1151,train/iou_class_6,0.22486668825149536
2705,1223,train/iou_class_6,0.16584841907024384
2706,1295,train/iou_class_6,0.1824914962053299
2707,1367,train/iou_class_6,0.21977071464061737
2708,1439,train/iou_class_6,0.2341020554304123
2709,1511,train/iou_class_6,0.2383483350276947
2710,1583,train/iou_class_6,0.3083919584751129
2711,1655,train/iou_class_6,0.27010172605514526
2712,1727,train/iou_class_6,0.2404658943414688
2713,1799,train/iou_class_6,0.17102929949760437
2714,1871,train/iou_class_6,0.26439881324768066
2715,1943,train/iou_class_6,0.3108986020088196
2716,2015,train/iou_class_6,0.29397448897361755
2717,2087,train/iou_class_6,0.2882266938686371
2718,2159,train/iou_class_6,0.31018897891044617
2719,2231,train/iou_class_6,0.2654587924480438
2720,2303,train/iou_class_6,0.2833554744720459
2721,2375,train/iou_class_6,0.35330694913864136
2722,2447,train/iou_class_6,0.33145076036453247
2723,2519,train/iou_class_6,0.2943703532218933
2724,2591,train/iou_class_6,0.3435797095298767
2725,2663,train/iou_class_6,0.35544490814208984
2726,2735,train/iou_class_6,0.3517421782016754
2727,2807,train/iou_class_6,0.38323575258255005
2728,2879,train/iou_class_6,0.3742711842060089
2729,2951,train/iou_class_6,0.3514851927757263
2730,3023,train/iou_class_6,0.33716681599617004
2731,3095,train/iou_class_6,0.41797471046447754
2732,3167,train/iou_class_6,0.3869527280330658
2733,3239,train/iou_class_6,0.3269445598125458
2734,3311,train/iou_class_6,0.38403499126434326
2735,3383,train/iou_class_6,0.40276360511779785
2736,3455,train/iou_class_6,0.38492298126220703
2737,3527,train/iou_class_6,0.4123466908931732
2738,3599,train/iou_class_6,0.3385741710662842
2739,3671,train/iou_class_6,0.36713507771492004
2740,3743,train/iou_class_6,0.37380000948905945
2741,3815,train/iou_class_6,0.45643165707588196
2742,3887,train/iou_class_6,0.41194725036621094
2743,3959,train/iou_class_6,0.4623805582523346
2744,4031,train/iou_class_6,0.49244827032089233
2745,4103,train/iou_class_6,0.4690421521663666
2746,4175,train/iou_class_6,0.44548630714416504
2747,4247,train/iou_class_6,0.4810461401939392
2748,4319,train/iou_class_6,0.47296562790870667
2749,4391,train/iou_class_6,0.47640612721443176
2750,4463,train/iou_class_6,0.43963226675987244
2751,4535,train/iou_class_6,0.4714667797088623
2752,4607,train/iou_class_6,0.497327983379364
2753,4679,train/iou_class_6,0.46662434935569763
2754,4751,train/iou_class_6,0.4035979211330414
2755,4823,train/iou_class_6,0.4703861474990845
2756,4895,train/iou_class_6,0.5079464912414551
2757,4967,train/iou_class_6,0.5486080050468445
2758,5039,train/iou_class_6,0.5181586742401123
2759,5111,train/iou_class_6,0.47998544573783875
2760,5183,train/iou_class_6,0.5090197324752808
2761,5255,train/iou_class_6,0.5155936479568481
2762,5327,train/iou_class_6,0.4666353762149811
2763,5399,train/iou_class_6,0.5256743431091309
2764,5471,train/iou_class_6,0.5144491791725159
2765,5543,train/iou_class_6,0.5341391563415527
2766,5615,train/iou_class_6,0.5105447173118591
2767,5687,train/iou_class_6,0.5397363305091858
2768,5759,train/iou_class_6,0.5501856803894043
2769,5831,train/iou_class_6,0.5226784944534302
2770,5903,train/iou_class_6,0.5408574342727661
2771,5975,train/iou_class_6,0.544773519039154
2772,6047,train/iou_class_6,0.5856547355651855
2773,6119,train/iou_class_6,0.5062841176986694
2774,6191,train/iou_class_6,0.5198260545730591
2775,6263,train/iou_class_6,0.5228707194328308
2776,6335,train/iou_class_6,0.5635017156600952
2777,6407,train/iou_class_6,0.555777370929718
2778,6479,train/iou_class_6,0.5477223992347717
2779,6551,train/iou_class_6,0.5861466526985168
2780,6623,train/iou_class_6,0.6230148673057556
2781,6695,train/iou_class_6,0.5577754974365234
2782,6767,train/iou_class_6,0.5714014768600464
2783,6839,train/iou_class_6,0.5931005477905273
2784,6911,train/iou_class_6,0.4997442066669464
2785,6983,train/iou_class_6,0.6068463325500488
2786,7055,train/iou_class_6,0.5829076766967773
2787,7127,train/iou_class_6,0.5621584057807922
2788,7199,train/iou_class_6,0.6070711612701416
2789,71,train/iou_class_7,0.12808501720428467
2790,143,train/iou_class_7,0.24730032682418823
2791,215,train/iou_class_7,0.2763337790966034
2792,287,train/iou_class_7,0.3005613386631012
2793,359,train/iou_class_7,0.3211042582988739
2794,431,train/iou_class_7,0.292799174785614
2795,503,train/iou_class_7,0.3718970715999603
2796,575,train/iou_class_7,0.3867822289466858
2797,647,train/iou_class_7,0.3896240293979645
2798,719,train/iou_class_7,0.3930634558200836
2799,791,train/iou_class_7,0.3774469792842865
2800,863,train/iou_class_7,0.4134525656700134
2801,935,train/iou_class_7,0.40331006050109863
2802,1007,train/iou_class_7,0.4162408709526062
2803,1079,train/iou_class_7,0.3799367845058441
2804,1151,train/iou_class_7,0.406382292509079
2805,1223,train/iou_class_7,0.44201144576072693
2806,1295,train/iou_class_7,0.3986298441886902
2807,1367,train/iou_class_7,0.4535333514213562
2808,1439,train/iou_class_7,0.46613988280296326
2809,1511,train/iou_class_7,0.4678943455219269
2810,1583,train/iou_class_7,0.503524124622345
2811,1655,train/iou_class_7,0.47994351387023926
2812,1727,train/iou_class_7,0.476546972990036
2813,1799,train/iou_class_7,0.4528038501739502
2814,1871,train/iou_class_7,0.4869624972343445
2815,1943,train/iou_class_7,0.5004514455795288
2816,2015,train/iou_class_7,0.5136814117431641
2817,2087,train/iou_class_7,0.5033918023109436
2818,2159,train/iou_class_7,0.4882151484489441
2819,2231,train/iou_class_7,0.472745418548584
2820,2303,train/iou_class_7,0.5073589086532593
2821,2375,train/iou_class_7,0.5316099524497986
2822,2447,train/iou_class_7,0.5518388152122498
2823,2519,train/iou_class_7,0.5351515412330627
2824,2591,train/iou_class_7,0.5200981497764587
2825,2663,train/iou_class_7,0.5459678769111633
2826,2735,train/iou_class_7,0.5530957579612732
2827,2807,train/iou_class_7,0.5456488132476807
2828,2879,train/iou_class_7,0.52900230884552
2829,2951,train/iou_class_7,0.5467325448989868
2830,3023,train/iou_class_7,0.5541853904724121
2831,3095,train/iou_class_7,0.56708824634552
2832,3167,train/iou_class_7,0.5766801834106445
2833,3239,train/iou_class_7,0.5431982278823853
2834,3311,train/iou_class_7,0.5793341398239136
2835,3383,train/iou_class_7,0.5524845123291016
2836,3455,train/iou_class_7,0.6021687984466553
2837,3527,train/iou_class_7,0.5957697629928589
2838,3599,train/iou_class_7,0.5383290648460388
2839,3671,train/iou_class_7,0.5745556950569153
2840,3743,train/iou_class_7,0.548045814037323
2841,3815,train/iou_class_7,0.5691733956336975
2842,3887,train/iou_class_7,0.5790698528289795
2843,3959,train/iou_class_7,0.5888860821723938
2844,4031,train/iou_class_7,0.6232300996780396
2845,4103,train/iou_class_7,0.6304789185523987
2846,4175,train/iou_class_7,0.5905751585960388
2847,4247,train/iou_class_7,0.6036373972892761
2848,4319,train/iou_class_7,0.6123076677322388
2849,4391,train/iou_class_7,0.6029996275901794
2850,4463,train/iou_class_7,0.6302887797355652
2851,4535,train/iou_class_7,0.6112446188926697
2852,4607,train/iou_class_7,0.6259341835975647
2853,4679,train/iou_class_7,0.5772671103477478
2854,4751,train/iou_class_7,0.6213333606719971
2855,4823,train/iou_class_7,0.635875940322876
2856,4895,train/iou_class_7,0.6378617286682129
2857,4967,train/iou_class_7,0.6404674053192139
2858,5039,train/iou_class_7,0.6326318383216858
2859,5111,train/iou_class_7,0.6421374082565308
2860,5183,train/iou_class_7,0.6419491767883301
2861,5255,train/iou_class_7,0.6451053619384766
2862,5327,train/iou_class_7,0.6190556287765503
2863,5399,train/iou_class_7,0.6868809461593628
2864,5471,train/iou_class_7,0.6390230655670166
2865,5543,train/iou_class_7,0.6756441593170166
2866,5615,train/iou_class_7,0.6817021369934082
2867,5687,train/iou_class_7,0.7010301947593689
2868,5759,train/iou_class_7,0.6886600255966187
2869,5831,train/iou_class_7,0.6825660467147827
2870,5903,train/iou_class_7,0.6590354442596436
2871,5975,train/iou_class_7,0.6854063868522644
2872,6047,train/iou_class_7,0.6708117127418518
2873,6119,train/iou_class_7,0.6854439377784729
2874,6191,train/iou_class_7,0.6868077516555786
2875,6263,train/iou_class_7,0.6861618161201477
2876,6335,train/iou_class_7,0.6762163639068604
2877,6407,train/iou_class_7,0.7031108140945435
2878,6479,train/iou_class_7,0.6650049090385437
2879,6551,train/iou_class_7,0.6856399774551392
2880,6623,train/iou_class_7,0.6885416507720947
2881,6695,train/iou_class_7,0.7098652124404907
2882,6767,train/iou_class_7,0.6776754856109619
2883,6839,train/iou_class_7,0.6867803335189819
2884,6911,train/iou_class_7,0.7015253901481628
2885,6983,train/iou_class_7,0.689111053943634
2886,7055,train/iou_class_7,0.7077615857124329
2887,7127,train/iou_class_7,0.7046492099761963
2888,7199,train/iou_class_7,0.7257660031318665
2889,71,train/iou_class_8,0.3854440748691559
2890,143,train/iou_class_8,0.4827756881713867
2891,215,train/iou_class_8,0.5005848407745361
2892,287,train/iou_class_8,0.5383331179618835
2893,359,train/iou_class_8,0.5521329045295715
2894,431,train/iou_class_8,0.5553532242774963
2895,503,train/iou_class_8,0.5694040656089783
2896,575,train/iou_class_8,0.5886995196342468
2897,647,train/iou_class_8,0.5727267265319824
2898,719,train/iou_class_8,0.5729683637619019
2899,791,train/iou_class_8,0.5842301249504089
2900,863,train/iou_class_8,0.5941646099090576
2901,935,train/iou_class_8,0.6045563220977783
2902,1007,train/iou_class_8,0.6024997234344482
2903,1079,train/iou_class_8,0.5973218679428101
2904,1151,train/iou_class_8,0.5989532470703125
2905,1223,train/iou_class_8,0.6065921187400818
2906,1295,train/iou_class_8,0.6110849976539612
2907,1367,train/iou_class_8,0.6194677948951721
2908,1439,train/iou_class_8,0.6257173418998718
2909,1511,train/iou_class_8,0.626758337020874
2910,1583,train/iou_class_8,0.6399123668670654
2911,1655,train/iou_class_8,0.6417767405509949
2912,1727,train/iou_class_8,0.6286980509757996
2913,1799,train/iou_class_8,0.6242773532867432
2914,1871,train/iou_class_8,0.6452428698539734
2915,1943,train/iou_class_8,0.6346573829650879
2916,2015,train/iou_class_8,0.646719217300415
2917,2087,train/iou_class_8,0.6428221464157104
2918,2159,train/iou_class_8,0.6551895141601562
2919,2231,train/iou_class_8,0.6555173397064209
2920,2303,train/iou_class_8,0.6561092138290405
2921,2375,train/iou_class_8,0.658440113067627
2922,2447,train/iou_class_8,0.6576054692268372
2923,2519,train/iou_class_8,0.6579411029815674
2924,2591,train/iou_class_8,0.66063392162323
2925,2663,train/iou_class_8,0.663357138633728
2926,2735,train/iou_class_8,0.6606950163841248
2927,2807,train/iou_class_8,0.6606875658035278
2928,2879,train/iou_class_8,0.6809348464012146
2929,2951,train/iou_class_8,0.6729528307914734
2930,3023,train/iou_class_8,0.6782329678535461
2931,3095,train/iou_class_8,0.6790363192558289
2932,3167,train/iou_class_8,0.675718367099762
2933,3239,train/iou_class_8,0.6695325970649719
2934,3311,train/iou_class_8,0.6829075813293457
2935,3383,train/iou_class_8,0.6890989542007446
2936,3455,train/iou_class_8,0.6870905160903931
2937,3527,train/iou_class_8,0.7019107937812805
2938,3599,train/iou_class_8,0.6868329048156738
2939,3671,train/iou_class_8,0.6864089965820312
2940,3743,train/iou_class_8,0.6837102770805359
2941,3815,train/iou_class_8,0.6921361684799194
2942,3887,train/iou_class_8,0.6914006471633911
2943,3959,train/iou_class_8,0.6882134079933167
2944,4031,train/iou_class_8,0.693532407283783
2945,4103,train/iou_class_8,0.6986929774284363
2946,4175,train/iou_class_8,0.6796668171882629
2947,4247,train/iou_class_8,0.693454921245575
2948,4319,train/iou_class_8,0.6971850395202637
2949,4391,train/iou_class_8,0.6992756724357605
2950,4463,train/iou_class_8,0.7006937265396118
2951,4535,train/iou_class_8,0.7099238634109497
2952,4607,train/iou_class_8,0.7026202082633972
2953,4679,train/iou_class_8,0.7118611931800842
2954,4751,train/iou_class_8,0.7125362157821655
2955,4823,train/iou_class_8,0.7125654816627502
2956,4895,train/iou_class_8,0.7163284420967102
2957,4967,train/iou_class_8,0.7134270668029785
2958,5039,train/iou_class_8,0.7153328061103821
2959,5111,train/iou_class_8,0.7201258540153503
2960,5183,train/iou_class_8,0.7169309258460999
2961,5255,train/iou_class_8,0.7136427760124207
2962,5327,train/iou_class_8,0.7153062224388123
2963,5399,train/iou_class_8,0.7170272469520569
2964,5471,train/iou_class_8,0.7171893119812012
2965,5543,train/iou_class_8,0.7179733514785767
2966,5615,train/iou_class_8,0.7201509475708008
2967,5687,train/iou_class_8,0.7274524569511414
2968,5759,train/iou_class_8,0.7207216620445251
2969,5831,train/iou_class_8,0.7286772727966309
2970,5903,train/iou_class_8,0.7231232523918152
2971,5975,train/iou_class_8,0.7206382751464844
2972,6047,train/iou_class_8,0.7234938740730286
2973,6119,train/iou_class_8,0.7267812490463257
2974,6191,train/iou_class_8,0.7214576601982117
2975,6263,train/iou_class_8,0.7264717817306519
2976,6335,train/iou_class_8,0.7280788421630859
2977,6407,train/iou_class_8,0.7292127013206482
2978,6479,train/iou_class_8,0.728142499923706
2979,6551,train/iou_class_8,0.7271012663841248
2980,6623,train/iou_class_8,0.7301247119903564
2981,6695,train/iou_class_8,0.7282707095146179
2982,6767,train/iou_class_8,0.7321228981018066
2983,6839,train/iou_class_8,0.7310242652893066
2984,6911,train/iou_class_8,0.7318592071533203
2985,6983,train/iou_class_8,0.730884850025177
2986,7055,train/iou_class_8,0.7377156615257263
2987,7127,train/iou_class_8,0.7310811281204224
2988,7199,train/iou_class_8,0.737443745136261
2989,71,train_mIoU,0.157006174325943
2990,143,train_mIoU,0.20968617498874664
2991,215,train_mIoU,0.22987496852874756
2992,287,train_mIoU,0.2516111731529236
2993,359,train_mIoU,0.26546189188957214
2994,431,train_mIoU,0.262638121843338
2995,503,train_mIoU,0.2786421477794647
2996,575,train_mIoU,0.2976214587688446
2997,647,train_mIoU,0.30869823694229126
2998,719,train_mIoU,0.31275251507759094
2999,791,train_mIoU,0.3127472996711731
3000,863,train_mIoU,0.32322075963020325
3001,935,train_mIoU,0.3151630163192749
3002,1007,train_mIoU,0.33859288692474365
3003,1079,train_mIoU,0.3164196312427521
3004,1151,train_mIoU,0.3279457688331604
3005,1223,train_mIoU,0.3422682583332062
3006,1295,train_mIoU,0.32834580540657043
3007,1367,train_mIoU,0.36111921072006226
3008,1439,train_mIoU,0.36347660422325134
3009,1511,train_mIoU,0.3617548644542694
3010,1583,train_mIoU,0.3796846270561218
3011,1655,train_mIoU,0.36829036474227905
3012,1727,train_mIoU,0.3713918626308441
3013,1799,train_mIoU,0.35573700070381165
3014,1871,train_mIoU,0.3727397918701172
3015,1943,train_mIoU,0.3809242248535156
3016,2015,train_mIoU,0.37793219089508057
3017,2087,train_mIoU,0.3768243193626404
3018,2159,train_mIoU,0.39744290709495544
3019,2231,train_mIoU,0.3797394931316376
3020,2303,train_mIoU,0.40364423394203186
3021,2375,train_mIoU,0.4024893343448639
3022,2447,train_mIoU,0.3997383713722229
3023,2519,train_mIoU,0.3965337872505188
3024,2591,train_mIoU,0.4084932208061218
3025,2663,train_mIoU,0.4170038104057312
3026,2735,train_mIoU,0.41318008303642273
3027,2807,train_mIoU,0.4221440255641937
3028,2879,train_mIoU,0.42574959993362427
3029,2951,train_mIoU,0.41275835037231445
3030,3023,train_mIoU,0.42019325494766235
3031,3095,train_mIoU,0.4354110360145569
3032,3167,train_mIoU,0.4249681830406189
3033,3239,train_mIoU,0.42526230216026306
3034,3311,train_mIoU,0.4445315897464752
3035,3383,train_mIoU,0.4383382499217987
3036,3455,train_mIoU,0.4473859369754791
3037,3527,train_mIoU,0.45882362127304077
3038,3599,train_mIoU,0.43661749362945557
3039,3671,train_mIoU,0.43173548579216003
3040,3743,train_mIoU,0.446987509727478
3041,3815,train_mIoU,0.4468887150287628
3042,3887,train_mIoU,0.4543771743774414
3043,3959,train_mIoU,0.45658594369888306
3044,4031,train_mIoU,0.45743510127067566
3045,4103,train_mIoU,0.47089600563049316
3046,4175,train_mIoU,0.45398467779159546
3047,4247,train_mIoU,0.4581041634082794
3048,4319,train_mIoU,0.47806137800216675
3049,4391,train_mIoU,0.46573805809020996
3050,4463,train_mIoU,0.4697440564632416
3051,4535,train_mIoU,0.46660006046295166
3052,4607,train_mIoU,0.4784567952156067
3053,4679,train_mIoU,0.47323086857795715
3054,4751,train_mIoU,0.46866536140441895
3055,4823,train_mIoU,0.48792028427124023
3056,4895,train_mIoU,0.4935893714427948
3057,4967,train_mIoU,0.4966166317462921
3058,5039,train_mIoU,0.49282148480415344
3059,5111,train_mIoU,0.48559892177581787
3060,5183,train_mIoU,0.4876110553741455
3061,5255,train_mIoU,0.48916950821876526
3062,5327,train_mIoU,0.4859329164028168
3063,5399,train_mIoU,0.4980783462524414
3064,5471,train_mIoU,0.4957166612148285
3065,5543,train_mIoU,0.5095149278640747
3066,5615,train_mIoU,0.5149372220039368
3067,5687,train_mIoU,0.5132025480270386
3068,5759,train_mIoU,0.5101912021636963
3069,5831,train_mIoU,0.5025705099105835
3070,5903,train_mIoU,0.5132251381874084
3071,5975,train_mIoU,0.5036121010780334
3072,6047,train_mIoU,0.5205080509185791
3073,6119,train_mIoU,0.5087311267852783
3074,6191,train_mIoU,0.5131121873855591
3075,6263,train_mIoU,0.5216725468635559
3076,6335,train_mIoU,0.5211037397384644
3077,6407,train_mIoU,0.5113598108291626
3078,6479,train_mIoU,0.5082189440727234
3079,6551,train_mIoU,0.5244812965393066
3080,6623,train_mIoU,0.5236229300498962
3081,6695,train_mIoU,0.5171968340873718
3082,6767,train_mIoU,0.5290084481239319
3083,6839,train_mIoU,0.5252326726913452
3084,6911,train_mIoU,0.5125173330307007
3085,6983,train_mIoU,0.5271254181861877
3086,7055,train_mIoU,0.5137429237365723
3087,7127,train_mIoU,0.5194882154464722
3088,7199,train_mIoU,0.5310587286949158
3089,71,train_pixel_accuracy,0.41869857907295227
3090,143,train_pixel_accuracy,0.49317440390586853
3091,215,train_pixel_accuracy,0.5030412077903748
3092,287,train_pixel_accuracy,0.5290051698684692
3093,359,train_pixel_accuracy,0.5384852290153503
3094,431,train_pixel_accuracy,0.5436568856239319
3095,503,train_pixel_accuracy,0.562201976776123
3096,575,train_pixel_accuracy,0.5714606642723083
3097,647,train_pixel_accuracy,0.5702849626541138
3098,719,train_pixel_accuracy,0.5727243423461914
3099,791,train_pixel_accuracy,0.5767360329627991
3100,863,train_pixel_accuracy,0.5867325067520142
3101,935,train_pixel_accuracy,0.590981125831604
3102,1007,train_pixel_accuracy,0.5990228652954102
3103,1079,train_pixel_accuracy,0.5859593152999878
3104,1151,train_pixel_accuracy,0.5918937921524048
3105,1223,train_pixel_accuracy,0.6034073829650879
3106,1295,train_pixel_accuracy,0.6000203490257263
3107,1367,train_pixel_accuracy,0.6193073987960815
3108,1439,train_pixel_accuracy,0.6217933893203735
3109,1511,train_pixel_accuracy,0.6254997253417969
3110,1583,train_pixel_accuracy,0.6403858661651611
3111,1655,train_pixel_accuracy,0.6338950991630554
3112,1727,train_pixel_accuracy,0.6314723491668701
3113,1799,train_pixel_accuracy,0.6232119202613831
3114,1871,train_pixel_accuracy,0.6371890306472778
3115,1943,train_pixel_accuracy,0.6416201591491699
3116,2015,train_pixel_accuracy,0.6477994918823242
3117,2087,train_pixel_accuracy,0.6444011330604553
3118,2159,train_pixel_accuracy,0.6503339409828186
3119,2231,train_pixel_accuracy,0.6460738778114319
3120,2303,train_pixel_accuracy,0.6581948399543762
3121,2375,train_pixel_accuracy,0.6587562561035156
3122,2447,train_pixel_accuracy,0.6636942028999329
3123,2519,train_pixel_accuracy,0.6564449071884155
3124,2591,train_pixel_accuracy,0.6630309224128723
3125,2663,train_pixel_accuracy,0.6660929322242737
3126,2735,train_pixel_accuracy,0.6671896576881409
3127,2807,train_pixel_accuracy,0.6691427230834961
3128,2879,train_pixel_accuracy,0.6740387082099915
3129,2951,train_pixel_accuracy,0.6687631607055664
3130,3023,train_pixel_accuracy,0.674831748008728
3131,3095,train_pixel_accuracy,0.6805309057235718
3132,3167,train_pixel_accuracy,0.6794584393501282
3133,3239,train_pixel_accuracy,0.6744371652603149
3134,3311,train_pixel_accuracy,0.6877631545066833
3135,3383,train_pixel_accuracy,0.6839461922645569
3136,3455,train_pixel_accuracy,0.6905378103256226
3137,3527,train_pixel_accuracy,0.6957302093505859
3138,3599,train_pixel_accuracy,0.6818093657493591
3139,3671,train_pixel_accuracy,0.6860851049423218
3140,3743,train_pixel_accuracy,0.6823049783706665
3141,3815,train_pixel_accuracy,0.6881332993507385
3142,3887,train_pixel_accuracy,0.6938766837120056
3143,3959,train_pixel_accuracy,0.6983917355537415
3144,4031,train_pixel_accuracy,0.700607180595398
3145,4103,train_pixel_accuracy,0.708685040473938
3146,4175,train_pixel_accuracy,0.6946602463722229
3147,4247,train_pixel_accuracy,0.7008803486824036
3148,4319,train_pixel_accuracy,0.7031282782554626
3149,4391,train_pixel_accuracy,0.700639009475708
3150,4463,train_pixel_accuracy,0.7120558619499207
3151,4535,train_pixel_accuracy,0.7098492980003357
3152,4607,train_pixel_accuracy,0.7116943001747131
3153,4679,train_pixel_accuracy,0.7104756236076355
3154,4751,train_pixel_accuracy,0.7107289433479309
3155,4823,train_pixel_accuracy,0.7199220657348633
3156,4895,train_pixel_accuracy,0.7227018475532532
3157,4967,train_pixel_accuracy,0.7227043509483337
3158,5039,train_pixel_accuracy,0.720452070236206
3159,5111,train_pixel_accuracy,0.7206122279167175
3160,5183,train_pixel_accuracy,0.7259221076965332
3161,5255,train_pixel_accuracy,0.7216293215751648
3162,5327,train_pixel_accuracy,0.7177578806877136
3163,5399,train_pixel_accuracy,0.7333039045333862
3164,5471,train_pixel_accuracy,0.7249162793159485
3165,5543,train_pixel_accuracy,0.7310550212860107
3166,5615,train_pixel_accuracy,0.7326610684394836
3167,5687,train_pixel_accuracy,0.7392929792404175
3168,5759,train_pixel_accuracy,0.7371832728385925
3169,5831,train_pixel_accuracy,0.7368572354316711
3170,5903,train_pixel_accuracy,0.7332095503807068
3171,5975,train_pixel_accuracy,0.7337474226951599
3172,6047,train_pixel_accuracy,0.738845705986023
3173,6119,train_pixel_accuracy,0.7384557127952576
3174,6191,train_pixel_accuracy,0.7333671450614929
3175,6263,train_pixel_accuracy,0.7369325757026672
3176,6335,train_pixel_accuracy,0.7354550957679749
3177,6407,train_pixel_accuracy,0.7437225580215454
3178,6479,train_pixel_accuracy,0.736961841583252
3179,6551,train_pixel_accuracy,0.740726113319397
3180,6623,train_pixel_accuracy,0.7429776191711426
3181,6695,train_pixel_accuracy,0.7466115951538086
3182,6767,train_pixel_accuracy,0.7375310063362122
3183,6839,train_pixel_accuracy,0.7437604665756226
3184,6911,train_pixel_accuracy,0.7456850409507751
3185,6983,train_pixel_accuracy,0.7438140511512756
3186,7055,train_pixel_accuracy,0.747454047203064
3187,7127,train_pixel_accuracy,0.7447059750556946
3188,7199,train_pixel_accuracy,0.7490671873092651
3189,71,train_macro_precision,0.25579920411109924
3190,143,train_macro_precision,0.34091341495513916
3191,215,train_macro_precision,0.36082592606544495
3192,287,train_macro_precision,0.38997700810432434
3193,359,train_macro_precision,0.39634135365486145
3194,431,train_macro_precision,0.40351641178131104
3195,503,train_macro_precision,0.41772401332855225
3196,575,train_macro_precision,0.4468437135219574
3197,647,train_macro_precision,0.46430903673171997
3198,719,train_macro_precision,0.46056875586509705
3199,791,train_macro_precision,0.46233636140823364
3200,863,train_macro_precision,0.45978209376335144
3201,935,train_macro_precision,0.4626308083534241
3202,1007,train_macro_precision,0.4987599551677704
3203,1079,train_macro_precision,0.46975448727607727
3204,1151,train_macro_precision,0.46896764636039734
3205,1223,train_macro_precision,0.4975176751613617
3206,1295,train_macro_precision,0.4815516471862793
3207,1367,train_macro_precision,0.5126129388809204
3208,1439,train_macro_precision,0.5185727477073669
3209,1511,train_macro_precision,0.5218240022659302
3210,1583,train_macro_precision,0.5327474474906921
3211,1655,train_macro_precision,0.523573100566864
3212,1727,train_macro_precision,0.5384548902511597
3213,1799,train_macro_precision,0.5055510997772217
3214,1871,train_macro_precision,0.5263984799385071
3215,1943,train_macro_precision,0.5302413702011108
3216,2015,train_macro_precision,0.5278217196464539
3217,2087,train_macro_precision,0.5339563488960266
3218,2159,train_macro_precision,0.5560230612754822
3219,2231,train_macro_precision,0.5308867692947388
3220,2303,train_macro_precision,0.5604597926139832
3221,2375,train_macro_precision,0.556343674659729
3222,2447,train_macro_precision,0.55298912525177
3223,2519,train_macro_precision,0.5479159355163574
3224,2591,train_macro_precision,0.564831554889679
3225,2663,train_macro_precision,0.5705711245536804
3226,2735,train_macro_precision,0.564561665058136
3227,2807,train_macro_precision,0.5730627775192261
3228,2879,train_macro_precision,0.5823249816894531
3229,2951,train_macro_precision,0.5716588497161865
3230,3023,train_macro_precision,0.5769270062446594
3231,3095,train_macro_precision,0.586074709892273
3232,3167,train_macro_precision,0.5797202587127686
3233,3239,train_macro_precision,0.5812076330184937
3234,3311,train_macro_precision,0.5979728698730469
3235,3383,train_macro_precision,0.5886797904968262
3236,3455,train_macro_precision,0.6004661917686462
3237,3527,train_macro_precision,0.602030336856842
3238,3599,train_macro_precision,0.5849664211273193
3239,3671,train_macro_precision,0.5834318995475769
3240,3743,train_macro_precision,0.5923140645027161
3241,3815,train_macro_precision,0.5925589203834534
3242,3887,train_macro_precision,0.5970004200935364
3243,3959,train_macro_precision,0.6006171703338623
3244,4031,train_macro_precision,0.6064347624778748
3245,4103,train_macro_precision,0.6111832857131958
3246,4175,train_macro_precision,0.6002097129821777
3247,4247,train_macro_precision,0.6059455275535583
3248,4319,train_macro_precision,0.6284441947937012
3249,4391,train_macro_precision,0.6111062169075012
3250,4463,train_macro_precision,0.6181681752204895
3251,4535,train_macro_precision,0.6075615286827087
3252,4607,train_macro_precision,0.6217804551124573
3253,4679,train_macro_precision,0.6168896555900574
3254,4751,train_macro_precision,0.6079984903335571
3255,4823,train_macro_precision,0.6326724290847778
3256,4895,train_macro_precision,0.6305912137031555
3257,4967,train_macro_precision,0.6338257789611816
3258,5039,train_macro_precision,0.6362692713737488
3259,5111,train_macro_precision,0.6285578012466431
3260,5183,train_macro_precision,0.6218295097351074
3261,5255,train_macro_precision,0.631815493106842
3262,5327,train_macro_precision,0.6236353516578674
3263,5399,train_macro_precision,0.6370923519134521
3264,5471,train_macro_precision,0.6337918043136597
3265,5543,train_macro_precision,0.6429575681686401
3266,5615,train_macro_precision,0.652019739151001
3267,5687,train_macro_precision,0.6444869637489319
3268,5759,train_macro_precision,0.6430201530456543
3269,5831,train_macro_precision,0.6433039307594299
3270,5903,train_macro_precision,0.6506422758102417
3271,5975,train_macro_precision,0.640767514705658
3272,6047,train_macro_precision,0.6554886698722839
3273,6119,train_macro_precision,0.6461775898933411
3274,6191,train_macro_precision,0.6501814723014832
3275,6263,train_macro_precision,0.6553768515586853
3276,6335,train_macro_precision,0.6593837141990662
3277,6407,train_macro_precision,0.6438418030738831
3278,6479,train_macro_precision,0.6411754488945007
3279,6551,train_macro_precision,0.6583942174911499
3280,6623,train_macro_precision,0.6571673154830933
3281,6695,train_macro_precision,0.6478779911994934
3282,6767,train_macro_precision,0.6619927883148193
3283,6839,train_macro_precision,0.6570300459861755
3284,6911,train_macro_precision,0.6458123326301575
3285,6983,train_macro_precision,0.6620815992355347
3286,7055,train_macro_precision,0.6422886848449707
3287,7127,train_macro_precision,0.6512001752853394
3288,7199,train_macro_precision,0.6636227369308472
3289,71,train_macro_recall,0.26005515456199646
3290,143,train_macro_recall,0.3200584650039673
3291,215,train_macro_recall,0.3448123633861542
3292,287,train_macro_recall,0.3699142336845398
3293,359,train_macro_recall,0.384647935628891
3294,431,train_macro_recall,0.381362646818161
3295,503,train_macro_recall,0.39985376596450806
3296,575,train_macro_recall,0.421168714761734
3297,647,train_macro_recall,0.4315870404243469
3298,719,train_macro_recall,0.43697497248649597
3299,791,train_macro_recall,0.4410342276096344
3300,863,train_macro_recall,0.44437673687934875
3301,935,train_macro_recall,0.4364028573036194
3302,1007,train_macro_recall,0.46396905183792114
3303,1079,train_macro_recall,0.43829652667045593
3304,1151,train_macro_recall,0.45183640718460083
3305,1223,train_macro_recall,0.46426674723625183
3306,1295,train_macro_recall,0.448769748210907
3307,1367,train_macro_recall,0.4851926565170288
3308,1439,train_macro_recall,0.486868292093277
3309,1511,train_macro_recall,0.48785561323165894
3310,1583,train_macro_recall,0.5060479044914246
3311,1655,train_macro_recall,0.49123743176460266
3312,1727,train_macro_recall,0.4962973892688751
3313,1799,train_macro_recall,0.4784005582332611
3314,1871,train_macro_recall,0.49741309881210327
3315,1943,train_macro_recall,0.5065733194351196
3316,2015,train_macro_recall,0.49995678663253784
3317,2087,train_macro_recall,0.5025290250778198
3318,2159,train_macro_recall,0.5231267809867859
3319,2231,train_macro_recall,0.5027027726173401
3320,2303,train_macro_recall,0.5275822281837463
3321,2375,train_macro_recall,0.5272763967514038
3322,2447,train_macro_recall,0.5210627317428589
3323,2519,train_macro_recall,0.5195749998092651
3324,2591,train_macro_recall,0.5307210087776184
3325,2663,train_macro_recall,0.5411810874938965
3326,2735,train_macro_recall,0.5379205346107483
3327,2807,train_macro_recall,0.5470818877220154
3328,2879,train_macro_recall,0.5466535687446594
3329,2951,train_macro_recall,0.5371794104576111
3330,3023,train_macro_recall,0.5398669242858887
3331,3095,train_macro_recall,0.5614475011825562
3332,3167,train_macro_recall,0.5504963994026184
3333,3239,train_macro_recall,0.5505031943321228
3334,3311,train_macro_recall,0.5670283436775208
3335,3383,train_macro_recall,0.5587054491043091
3336,3455,train_macro_recall,0.5728647112846375
3337,3527,train_macro_recall,0.5832676291465759
3338,3599,train_macro_recall,0.5656259059906006
3339,3671,train_macro_recall,0.5537604689598083
3340,3743,train_macro_recall,0.572045087814331
3341,3815,train_macro_recall,0.5714669227600098
3342,3887,train_macro_recall,0.5781736373901367
3343,3959,train_macro_recall,0.5805416107177734
3344,4031,train_macro_recall,0.5776808261871338
3345,4103,train_macro_recall,0.598162055015564
3346,4175,train_macro_recall,0.5787899494171143
3347,4247,train_macro_recall,0.5826311111450195
3348,4319,train_macro_recall,0.6029897332191467
3349,4391,train_macro_recall,0.5951673984527588
3350,4463,train_macro_recall,0.5866625308990479
3351,4535,train_macro_recall,0.5898548364639282
3352,4607,train_macro_recall,0.6006828546524048
3353,4679,train_macro_recall,0.5925429463386536
3354,4751,train_macro_recall,0.5980464816093445
3355,4823,train_macro_recall,0.6079681515693665
3356,4895,train_macro_recall,0.6167006492614746
3357,4967,train_macro_recall,0.6183872818946838
3358,5039,train_macro_recall,0.6187247037887573
3359,5111,train_macro_recall,0.6074482202529907
3360,5183,train_macro_recall,0.6063619256019592
3361,5255,train_macro_recall,0.6096521615982056
3362,5327,train_macro_recall,0.6128166913986206
3363,5399,train_macro_recall,0.6164842844009399
3364,5471,train_macro_recall,0.6170417666435242
3365,5543,train_macro_recall,0.6263132691383362
3366,5615,train_macro_recall,0.6326907873153687
3367,5687,train_macro_recall,0.6315588355064392
3368,5759,train_macro_recall,0.6312932372093201
3369,5831,train_macro_recall,0.6230565309524536
3370,5903,train_macro_recall,0.6321813464164734
3371,5975,train_macro_recall,0.6245243549346924
3372,6047,train_macro_recall,0.6370856165885925
3373,6119,train_macro_recall,0.6276552081108093
3374,6191,train_macro_recall,0.6298168897628784
3375,6263,train_macro_recall,0.638904869556427
3376,6335,train_macro_recall,0.6407345533370972
3377,6407,train_macro_recall,0.6308512091636658
3378,6479,train_macro_recall,0.6253714561462402
3379,6551,train_macro_recall,0.643082320690155
3380,6623,train_macro_recall,0.6412449479103088
3381,6695,train_macro_recall,0.631542980670929
3382,6767,train_macro_recall,0.6473992466926575
3383,6839,train_macro_recall,0.6431981921195984
3384,6911,train_macro_recall,0.6280812621116638
3385,6983,train_macro_recall,0.6445109248161316
3386,7055,train_macro_recall,0.6294133067131042
3387,7127,train_macro_recall,0.6369311213493347
3388,7199,train_macro_recall,0.6479026675224304
3389,71,train_macro_f1,0.23517857491970062
3390,143,train_macro_f1,0.3054666519165039
3391,215,train_macro_f1,0.33402806520462036
3392,287,train_macro_f1,0.36096516251564026
3393,359,train_macro_f1,0.3767688274383545
3394,431,train_macro_f1,0.373039573431015
3395,503,train_macro_f1,0.3904266357421875
3396,575,train_macro_f1,0.4124026894569397
3397,647,train_macro_f1,0.4252259135246277
3398,719,train_macro_f1,0.4296629726886749
3399,791,train_macro_f1,0.4301055669784546
3400,863,train_macro_f1,0.43729498982429504
3401,935,train_macro_f1,0.4307010769844055
3402,1007,train_macro_f1,0.4568864405155182
3403,1079,train_macro_f1,0.43248096108436584
3404,1151,train_macro_f1,0.44655001163482666
3405,1223,train_macro_f1,0.459454745054245
3406,1295,train_macro_f1,0.4454772472381592
3407,1367,train_macro_f1,0.48029249906539917
3408,1439,train_macro_f1,0.48079535365104675
3409,1511,train_macro_f1,0.4802347421646118
3410,1583,train_macro_f1,0.5005660653114319
3411,1655,train_macro_f1,0.48670774698257446
3412,1727,train_macro_f1,0.49415323138237
3413,1799,train_macro_f1,0.47278711199760437
3414,1871,train_macro_f1,0.49206167459487915
3415,1943,train_macro_f1,0.5010344982147217
3416,2015,train_macro_f1,0.4978199601173401
3417,2087,train_macro_f1,0.49722588062286377
3418,2159,train_macro_f1,0.5215976238250732
3419,2231,train_macro_f1,0.49896061420440674
3420,2303,train_macro_f1,0.5253123641014099
3421,2375,train_macro_f1,0.5239663124084473
3422,2447,train_macro_f1,0.5187493562698364
3423,2519,train_macro_f1,0.5168202519416809
3424,2591,train_macro_f1,0.5299268960952759
3425,2663,train_macro_f1,0.5401462316513062
3426,2735,train_macro_f1,0.5339230895042419
3427,2807,train_macro_f1,0.5447758436203003
3428,2879,train_macro_f1,0.5472822189331055
3429,2951,train_macro_f1,0.5354675650596619
3430,3023,train_macro_f1,0.5433211922645569
3431,3095,train_macro_f1,0.5574283599853516
3432,3167,train_macro_f1,0.5475853085517883
3433,3239,train_macro_f1,0.5481075048446655
3434,3311,train_macro_f1,0.5674885511398315
3435,3383,train_macro_f1,0.5582365393638611
3436,3455,train_macro_f1,0.5707579255104065
3437,3527,train_macro_f1,0.5823137164115906
3438,3599,train_macro_f1,0.5604755282402039
3439,3671,train_macro_f1,0.5543836355209351
3440,3743,train_macro_f1,0.5700935125350952
3441,3815,train_macro_f1,0.5705025792121887
3442,3887,train_macro_f1,0.5750316977500916
3443,3959,train_macro_f1,0.5787209272384644
3444,4031,train_macro_f1,0.578308641910553
3445,4103,train_macro_f1,0.5930667519569397
3446,4175,train_macro_f1,0.5776525735855103
3447,4247,train_macro_f1,0.5800320506095886
3448,4319,train_macro_f1,0.601908266544342
3449,4391,train_macro_f1,0.5889310240745544
3450,4463,train_macro_f1,0.5906431674957275
3451,4535,train_macro_f1,0.5870482921600342
3452,4607,train_macro_f1,0.5990853905677795
3453,4679,train_macro_f1,0.5942701101303101
3454,4751,train_macro_f1,0.590933620929718
3455,4823,train_macro_f1,0.6080820560455322
3456,4895,train_macro_f1,0.6134315133094788
3457,4967,train_macro_f1,0.6164838075637817
3458,5039,train_macro_f1,0.6144355535507202
3459,5111,train_macro_f1,0.606741726398468
3460,5183,train_macro_f1,0.6056728363037109
3461,5255,train_macro_f1,0.6088814735412598
3462,5327,train_macro_f1,0.6071232557296753
3463,5399,train_macro_f1,0.616507351398468
3464,5471,train_macro_f1,0.6155595779418945
3465,5543,train_macro_f1,0.6262617111206055
3466,5615,train_macro_f1,0.6327455639839172
3467,5687,train_macro_f1,0.6291719079017639
3468,5759,train_macro_f1,0.6279232501983643
3469,5831,train_macro_f1,0.6214818954467773
3470,5903,train_macro_f1,0.6325857639312744
3471,5975,train_macro_f1,0.620577335357666
3472,6047,train_macro_f1,0.6374050974845886
3473,6119,train_macro_f1,0.6270627379417419
3474,6191,train_macro_f1,0.6297944784164429
3475,6263,train_macro_f1,0.6378829479217529
3476,6335,train_macro_f1,0.6394791007041931
3477,6407,train_macro_f1,0.6284201145172119
3478,6479,train_macro_f1,0.6251129508018494
3479,6551,train_macro_f1,0.6434245109558105
3480,6623,train_macro_f1,0.6403792500495911
3481,6695,train_macro_f1,0.6315305829048157
3482,6767,train_macro_f1,0.6462510228157043
3483,6839,train_macro_f1,0.6427792906761169
3484,6911,train_macro_f1,0.6280615329742432
3485,6983,train_macro_f1,0.6442133188247681
3486,7055,train_macro_f1,0.6292105317115784
3487,7127,train_macro_f1,0.6359994411468506
3488,7199,train_macro_f1,0.647430419921875
